	Unnamed: 0	id	sentence	comment_cut	score	ratio
0	0	yallNX0tQJg	살벌한연기<br><br>자기는특히당황할때귀엽다<br><br>으흐~~소름	['살벌한', '연기자', '기는', '특히', '당황', '할', '때', '귀엽다으', '흐', '소름']	-3.0744871473609625	-1.54
1	1	yallNX0tQJg	ㄷ	[]	0.0	-0.0
2	2	yallNX0tQJg	그와중에김희애이뿌다	['그', '와중', '에', '김희애', '이뿌다']	-0.14897429472192636	-0.09
3	3	4V4q1U-CC0s	미쳐 느끼지 못한 전문적 해석까지 들을 수 있어서 영화를 더 깊게 볼 수 있어 좋습니다 ~👍👍	['미쳐', '느끼지', '못', '한', '전문', '적', '해석', '까지', '들을', '수', '있어서', '영화', '를', '더', '깊게', '볼', '수', '있어', '좋습니다']	0.7833684081169039	0.34
4	4	4V4q1U-CC0s	주연 배우들 연기가 서로 어우러지지 못하고 각자 자기 연기만 해대서 몰입이 안됐음. 서로 다른 영화 찍고 있는 줄..	['주연', '배우', '들', '연기', '가', '서로', '어우러지지', '못', '하고', '각자', '자기', '연기', '만', '해대', '서', '몰입', '이', '안', '됐음', '서로', '다른', '영화', '찍고', '있는', '줄']	0.8695423585827811	0.36
5	5	4V4q1U-CC0s	김강우 김희애 연기는 대박입니다...	['김강우', '김희애', '연기', '는', '대박', '입니다']	1.3664881421032389	0.77
6	6	4V4q1U-CC0s	저는 원작을 안봐서 그런가 영화가 좀 뻔하다 라는 느낌을 받았어요..	['저', '는', '원작', '을', '안', '봐서', '그', '런가', '영화', '가', '좀', '뻔하다', '라는', '느낌', '을', '받았어요']	3.4026391932144437	1.54
7	7	4V4q1U-CC0s	영화 만드는 영화쟁이들은 알면서도 이렇게 만드는걸까??	['영화', '만드는', '영화', '쟁이', '들은', '알면서도', '이렇게', '만드는', '걸까']	0.7540472072054984	0.39
8	8	4V4q1U-CC0s	진짜 볼때마다  감동이고  지적이에요 👍	['진짜', '볼때', '마다', '감동', '이고', '지적', '이에요']	1.8510257052780736	1.0
9	9	4V4q1U-CC0s	항상 잘 보고 있습니다~~	['항상', '잘', '보고', '있습니다']	5.352663255590653	3.34
10	10	4V4q1U-CC0s	리뷰 좋네요 ㅎㅎㅎㅎ 빨리 더뜨면 좋겠네요 ㅠㅠㅠ	['리뷰', '좋네요', '빨리', '더', '뜨면', '좋겠네요']	0.7765385579171071	0.44
11	11	4V4q1U-CC0s	김강우..당신은 대체....	['김강우', '당신', '은', '대체']	0.0	0.0
12	12	4V4q1U-CC0s	반전이 바로 이해갈 정도의 뻔한 스토리..	['반전', '이', '바로', '이', '해갈', '정도', '의', '뻔한', '스토리']	-0.988313196895086	-0.51
13	13	4V4q1U-CC0s	그 누구보다 빠른 리뷰~~라이너님 존경합니대이ㅋㅋ <br>매일매일 컬쳐쇼크 업로드 된거 있나없나 확인하는 40대 주부예요~~또박또박 귀에 쏙쏙 박히는 말투 듣기 좋네요ㅋㅋ<br>설거지, 음식할때조차 틀어놓는 빅팬입니당~~ 항상 감사드려요~~ 라이너님  화이팅!!!	['그', '누구', '보다', '빠른', '리뷰', '라이너', '님', '존경', '합니대', '이', '매', '일', '매일', '컬쳐쇼크', '업로드', '된거', '있나', '없나', '확인', '하는', '40', '대', '주부', '예요', '또박또박', '귀', '에', '쏙쏙', '박히는', '말투', '듣기', '좋네요', '설거지', '음식', '할', '때', '조차', '틀어놓는', '빅팬', '입니당', '항상', '감사', '드려요', '라이너', '님', '화이팅']	9.186796773719363	3.45
14	14	4V4q1U-CC0s	그러게요... 생각해보면 창틀에 초대장 올리고 시계조작하고 전기 나가게 하고... 설희가 무슨 순간이동하는 것도 아니고 말도 안되는 일이었는데 저는 김희애님 포스에 눌려서 진짜 살아있을거라 믿었어요ㅋㅋㅋㅋ... 반전 나올 때까지도 눈치 못 챈 사람 나야나... 김강우 하드캐리 영화 인정합니다. 시체 이용하는 방식이랑 떡밥 회수가 좀 깔끔하다 싶었는데 리메이크작이었군요.	['그러게요', '생각', '해보면', '창틀', '에', '초대장', '올리고', '시계', '조작', '하고', '전기', '나가게', '하고', '설', '희가', '무슨', '순간이동', '하는', '것', '도', '아니고', '말', '도', '안되는', '일', '이었는데', '저', '는', '김희애', '님', '포스', '에', '눌려', '서', '진짜', '살아있을거라', '믿었어요', '반전', '나올', '때', '까지도', '눈치', '못', '챈', '사람', '나야', '나', '김강우', '하드캐리', '영화', '인정', '합니다', '시체', '이용', '하는', '방식', '이랑', '떡밥', '회수', '가', '좀', '깔끔하다', '싶었는데', '리메이크', '작이었군요']	10.182265845184755	3.62
15	15	4V4q1U-CC0s	영화 리뷰중 가장 재밌는 컨텐츠입니당<br>다만 보는 눈이 높으시지만...ㅋㅋ<br>항상 재밌게 보고 있습니다. 지금처럼만 해주세요~	['영화', '리뷰', '중', '가장', '재밌는', '컨텐츠', '입', '니당다만', '보는', '눈', '이', '높으시지만', '항상', '재밌게', '보고', '있습니다', '지금', '처럼만', '해주세요']	10.548427962917488	4.63
16	16	4V4q1U-CC0s	날카로운 시선 매화 언제나 즐겁게 보고 있어요!	['날카로운', '시선', '매화', '언제나', '즐겁게', '보고', '있어요']	3.3664881421032415	1.82
17	17	4V4q1U-CC0s	남자들이 단세포?? 본인이 단세포면 단세포지 왜 남자들 전체를 비하하는지.. 참..	['남자', '들', '이', '단세포', '본인', '이', '단세포', '면', '단세포', '지', '왜', '남자', '들', '전체', '를', '비하하는지', '참']	-0.1489742947219297	-0.07
18	18	4V4q1U-CC0s	김강우씨의 연기를 칭찬하시니 꼭 눈여겨 보겠습니다. 전 오리지널 영화를 봐서 안 볼 생각이었는데...스릴러 영화는 만들기가 어려운가 봅니다. 리뷰 잘 보았습니다	['김강우', '씨', '의', '연기', '를', '칭찬', '하시니', '꼭', '눈', '여겨', '보겠습니다', '전', '오', '리지', '널', '영화', '를', '봐서', '안', '볼', '생각', '이었는데', '스릴러', '영화', '는', '만들기', '가', '어려운가', '봅니다', '리뷰', '잘', '보았습니다']	6.832669890230867	2.73
19	19	4V4q1U-CC0s	아쉬움이 큰 영화였군요	['아쉬움', '이', '큰', '영화', '였군요']	-0.8441958550782735	-0.5
20	20	4V4q1U-CC0s	항상 잘보고 있습니다 고맙습니다	['항상', '잘', '보고', '있습니다', '고맙습니다']	5.352663255590653	3.15
21	21	4V4q1U-CC0s	원작 더 바디 좋던데요!	['원작', '더', '바디', '좋던데요']	-0.8393389021731612	-0.52
22	22	4V4q1U-CC0s	라이너님의 영화 리뷰는 정말 매번 잘 보고 있습니다. 다만 오늘은 다른 날과 달리 비공을 드리게 되었습니다. 이유는 분석하신 내용에 공감이 되지 않는 부분이 너무 크기 때문입니다. 긴장감과 관련하여 윤설희 캐릭터의 강렬함을 말씀하시고 그로 인한 윤설희가 죽지 않았다는 점을 말씀하셨으나, 저는 오히려 그 부분이 죽어가는 긴장감을 붙잡을 수 있었단 생각입니다.  관객의 입장에서는 과연 윤설희 본인인가 아니면 제3의 인물인가라는 고민 속에서 다른 인물에 대한 의혹으로 사고가 확대되어 가며 추론을 할 수 있게 되었다고 생각합니다. 오히려 그 보다는 1) 시나리오대로 흘러갈 뿐, 정작 우중식에 대하여 의심할 수 있는 단서가 거의 없는 상황에서 ‘알고보니 우중식이 다 설계함’ 이라는 전개가 관객에게 추리의 여지를 전혀 주지 않고서 가해자를 특정했기에 결국 ‘반전을 위한 반전’이라는 느낌으로 다가오는 것2) 아무리 설계를 했다지만 그 설계가 예컨대 ‘윤설희를 죽이지 않았다면?’ 과 같이 우연성이 연속된 것에 기댄 설계라는 점에서 개연성이 급도로 떨어지는 점, 3) 무슨 슈퍼히어로나 가능할 법한 행동들인 점(화장실 문턱에 편지놓기 등) 등에서 개연성과 긴장감을 모두 잃었다고 보입니다. 부가적으로 배우들의 명성이 대단함에도 ‘왜 모든 대사가 저렇게 화난 거 같고 어색하지?’ 와 같은 의문이 드는 것을 보면서, 감독이 배우들에게 심리드라마적인 연출을 요청했거나 또는 대사를 가장한 방백을 의도한 것은 아닌가 의문이 남습니다. 고생 많으셨습니다. 다음 리뷰도 잘 부탁드립니다 ^^	['라이너', '님', '의', '영화', '리뷰', '는', '정말', '매번', '잘', '보고', '있습니다', '다만', '오늘', '은', '다른', '날', '과', '달리', '비공', '을', '드리게', '되었습니다', '이유', '는', '분석', '하신', '내용', '에', '공감', '이', '되지', '않는', '부분', '이', '너무', '크기', '때문', '입니다', '긴장감', '과', '관련', '하여', '윤설희', '캐릭터', '의', '강렬함을', '말씀', '하시고', '그로', '인한', '윤설희', '가', '죽지', '않았다는', '점', '을', '말씀', '하셨으나', '저', '는', '오히려', '그', '부분', '이', '죽어가는', '긴장감', '을', '붙잡을', '수', '있었단', '생각', '입니다', '관객', '의', '입장', '에서는', '과연', '윤설희', '본인', '인가', '아니면', '제', '3', '의', '인물', '인가', '라는', '고민', '속', '에서', '다른', '인물', '에', '대한', '의혹', '으로', '사고', '가', '확대', '되어', '가며', '추론', '을', '할', '수', '있게', '되었다고', '생각', '합니다', '오히려', '그', '보다는', '1', '시나리오', '대로', '흘러갈', '뿐', '정작', '우중', '식', '에', '대하', '여', '의심', '할', '수', '있는', '단서', '가', '거의', '없는', '상황', '에서', '알', '고', '보니', '우중', '식이', '다', '설계', '함', '이라는', '전개', '가', '관객', '에게', '추리', '의', '여지', '를', '전혀', '주지', '않고서', '가해자', '를', '특정했기에', '결국', '반전', '을', '위', '한', '반전', '이라는', '느낌', '으로', '다가오는', '것', '2', '아무리', '설계', '를', '했다지만', '그', '설계', '가', '예컨대', '윤설희', '를', '죽', '이지', '않았다면', '과', '같이', '우연', '성', '이', '연속', '된', '것', '에', '기댄', '설계', '라는', '점', '에서', '개연', '성', '이', '급', '도로', '떨어지는', '점', '3', '무슨', '슈퍼히어로', '나', '가능할', '법', '한', '행동', '들', '인', '점', '화장실', '문턱', '에', '편지놓기', '등', '등', '에서', '개연', '성과', '긴장감', '을', '모두', '잃었다고', '보입니다', '부가', '적', '으로', '배우', '들', '의', '명성', '이', '대단함에도', '왜', '모든', '대사', '가', '저렇게', '화난', '거', '같고', '어색하지', '와', '같은', '의문', '이', '드는', '것', '을', '보면서', '감독', '이', '배우', '들', '에게', '심리', '드라마', '적', '인', '연출', '을', '요청', '했거나', '또는', '대사', '를', '가장', '한', '방백', '을', '의도', '한', '것', '은', '아닌가', '의문', '이', '남습니다', '고생', '많으셨습니다', '다음', '리뷰', '도', '잘', '부탁드립니다']	3.336503945608735	0.96
23	23	4V4q1U-CC0s	김강우.....당신은..대체....	['김강우', '당신', '은', '대체']	0.0	0.0
24	24	4V4q1U-CC0s	귀에  쏙쏙 들어오는 날카로운 리뷰 고마워요~	['귀', '에', '쏙쏙', '들어오는', '날카로운', '리뷰', '고마워요']	0.7765385579171071	0.42
25	25	4V4q1U-CC0s	여행이 쉽지 않아 영화로 세상을 누비며 소소한 행복을 누리고 있습니다얼굴에 피지를 쏙쏙 뽑는듯한 리뷰 엄지 척 !입니다^^	['여행', '이', '쉽지', '않아', '영화로', '세상', '을', '누비', '며', '소소한', '행복', '을', '누리', '고', '있습니다', '얼굴', '에', '피지', '를', '쏙쏙', '뽑는듯', '한', '리뷰', '엄지', '척', '입니다']	5.320274754042473	2.2
26	26	4V4q1U-CC0s	아~ 역시 예리하시군요. 영화전문 평론가보다 더 정확하게 지적하시는게 매우 좋아 보입니다. 영화를 1번 보고 이렇게 아시는 건가요? <br>원작도 봤지만 본 영화보고 나름 나쁘지 않다 했는데 리뷰 보고 나니 맘속 아쉬운 부분 긁어주는 느낌이네요.<br>항상 응원합니다. 좋은 리뷰 부탁드려요~	['아', '역시', '예리하시군요', '영화', '전문', '평론가', '보다', '더', '정확하게', '지적', '하시는게', '매우', '좋아', '보입니다', '영화', '를', '1', '번', '보고', '이렇게', '아시', '는', '건가', '요', '원작', '도', '봤지만', '본', '영화', '보고', '나름', '나쁘지', '않다', '했는데', '리뷰', '보고', '나니', '맘속', '아쉬운', '부분', '긁어주는', '느낌', '이네', '요', '항상', '응원', '합니다', '좋은', '리뷰', '부탁드려요']	16.637995238390634	6.16
27	27	4V4q1U-CC0s	좋은 말씀에 감사드립니다.	['좋은', '말씀', '에', '감사', '드립니다']	4.77653855791711	2.81
28	28	4V4q1U-CC0s	감독하시죠 잘하실듯	['감독', '하시죠', '잘', '하실듯']	1.094467428563521	0.68
29	29	4V4q1U-CC0s	게이트 부탁드립니다 항상 이걸로 먼저 보고 추천해주시면 보러가서	['게이트', '부탁드립니다', '항상', '이', '걸', '로', '먼저', '보고', '추천', '해주시면', '보러가서']	2.6423183669368635	1.29
30	30	4V4q1U-CC0s	원작의 서스펜스를 따라가자니 따라했단 소리 나올거고 너무 한국식으로 바꾸면 마케팅이 될까봐 나온 결과인것 같네요<br>이번 리뷰도 잘봤네요💕 곧나올 7년의밤은 어떨지 리뷰궁금하네요	['원작', '의', '서스펜스', '를', '따라가자니', '따라', '했단', '소리', '나올거고', '너무', '한국', '식', '으로', '바꾸면', '마케팅', '이', '될까봐', '나온', '결과', '인', '것', '같네요', '이번', '리뷰', '도', '잘', '봤네요', '곧', '나올', '7년', '의밤은', '어떨지', '리뷰', '궁금하네요']	2.2544432329959165	0.89
31	31	4V4q1U-CC0s	진짜 한국 영화가  웃음에 강박이 있다는 이야기가 맞는거 같아요. 제 외국인 친구와 한국 영화를 몇 번 관람했는데 그 친구도 한국영화는 왜 심각한 상황에서 갑자기 웃기는 상황이나 말을 껴 넣느냐고 하더라구요.	['진짜', '한국', '영화', '가', '웃음', '에', '강박', '이', '있다는', '이야기', '가', '맞는거', '같아요', '제', '외국인', '친구', '와', '한국', '영화', '를', '몇', '번', '관람', '했는데', '그', '친구', '도', '한국영', '화', '는', '왜', '심각한', '상황', '에서', '갑자기', '웃기는', '상황', '이나', '말', '을', '껴', '넣느냐고', '하더라구요']	-4.767747379306837	-1.81
32	32	4V4q1U-CC0s	초반 남주의 알리바이를 깨는 증거들이 알고보면 남주의 무죄알리바이가 되버렸는데 무시하고 그냥 권선징악 ㅋㅋ 혼돈과 허탈의 결말	['초반', '남', '주의', '알리바이', '를', '깨는', '증거', '들', '이', '알', '고', '보면', '남', '주의', '무죄', '알리바이', '가', '되', '버렸는데', '무시', '하고', '그냥', '권선', '징악', '혼돈', '과', '허탈', '의', '결말']	-0.3524554556022649	-0.14
33	33	4V4q1U-CC0s	항상 신규 영상 기대하고 있고,<br>고맙게 즐겁게 잘보고있습니다.<br>여력이 되시면 최신작 외 예전 좋은 영화도 추천식으로 하나씩 소개해주시면 하는 바램이 있습니다.<br>말그대로 바램이고, 현재도 충분히 재밌게 보고 있습니다.<br><br>아. 록키와 같은 영화를 리뷰하신적이 있었군요ㅎ;;	['항상', '신규', '영상', '기대하고', '있고', '고맙게', '즐겁게', '잘', '보고있습니다', '여력', '이', '되시면', '최신', '작', '외', '예전', '좋은', '영화', '도', '추천', '식', '으로', '하나', '씩', '소개', '해주시면', '하는', '바램', '이', '있습니다', '말', '그대로', '바램', '이고', '현재', '도', '충분히', '재밌게', '보고', '있습니다', '아', '록키', '와', '같은', '영화', '를', '리뷰', '하신', '적', '이', '있었군요']	19.49218836175343	7.2
34	34	4V4q1U-CC0s	늘 댓글을 쓸까말까하다 안읽으실것같아서 안썼는데 무슨 제 마음에 소리를 ㅋㅋ 들으셨나욥?  동생덕분에 입덕해서 ㅋㅋㅋ 리뷰를 보는동안 깔끔한 정리와 탁월한 리뷰에 늘 감탄하고있습니당 ㅋㅋ 전 사라진밤에서 김상경씨 연기가 부족해서 더 몰입을 못했다고 생각했는데 케릭터때문에 못한다고 느낀건가 라는 생각도 해보게되는군요!! 늘 좋은리뷰 감사합니다 앞으로 좋은영화는 더 칭찬해주시고 망한영화는 신나게 까주세요 ㅋㅋㅋ	['늘', '댓글', '을', '쓸', '까말까', '하다', '안', '읽으실것', '같아서', '안', '썼는데', '무슨', '제', '마음', '에', '소리', '를', '들으셨나', '욥', '동생', '덕분', '에', '입덕', '해서', '리뷰', '를', '보는', '동안', '깔끔한', '정리', '와', '탁월한', '리뷰', '에', '늘', '감탄', '하고있', '습', '니당', '전', '사라진', '밤', '에서', '김상경', '씨', '연기', '가', '부족해서', '더', '몰입', '을', '못', '했다고', '생각', '했는데', '케릭', '터', '때문', '에', '못', '한다고', '느낀', '건가', '라는', '생각', '도', '해보게', '되는군요', '늘', '좋은', '리뷰', '감사합니다', '앞', '으로', '좋은', '영화', '는', '더', '칭찬', '해주시고', '망한', '영화', '는', '신나게', '까주세요']	18.541888013241913	6.33
35	35	4V4q1U-CC0s	이 영화 진짜 기대많이 했는데 보고나서 실망했음 .... 노잼	['이', '영화', '진짜', '기', '대', '많이', '했는데', '보고나서', '실망했음', '노잼']	-0.5145801813269488	-0.26
36	36	4V4q1U-CC0s	한국 영화들이 사라지고 있다.	['한국', '영화', '들', '이', '사라지고', '있다']	-0.19899719407660155	-0.11
37	37	4V4q1U-CC0s	항상느끼는 한국영화의 아쉬움	['항상', '느끼는', '한국영', '화의', '아쉬움']	-0.649682627805412	-0.38
38	38	4V4q1U-CC0s	라이너님 리뷰 항상 너무 좋아요.  무조건 칭찬만 하시는 것도 아니고<br>또 이유없이 비판만 하시지도 안고. 그러면서 날선 리뷰.	['라이너', '님', '리뷰', '항상', '너무', '좋아요', '무조건', '칭찬', '만', '하시는', '것', '도', '아니고', '또', '이유', '없이', '비판', '만', '하시지도', '안고', '그러면서', '날선', '리뷰']	4.701573917150103	1.99
39	39	4V4q1U-CC0s	제가 스릴러 영화를 참 좋아하는데, 이 장르는 영화 만들기가 매우 어려운 거 같아요. 사람 너무 놀래키면 공포 영화가 되고, 관객 수준이 있으니 스토리에 헛점이 있으면 욕 먹고, 현실과 너무 동떨어지면 판타지 같고, 기존 클리셰도 깨야 하고... <br>레지던트 이블이나 트랜스포머처럼 에라 몰라 ㅅㅂ 막가파식 스토리 붕괴 볼거리 폭발 영화라면 관객이 꾸준히 있어서 괜찮을지 모르겠지만, 스릴러는 저예산 영화 만들기에는 좋겠지 작가나 감독 피말리는 장르라고 생각합니다.<br>그래서 제가 데이빗 핀처 감독을 좋아하는지도...	['제', '가', '스릴러', '영화', '를', '참', '좋아하는데', '이', '장르', '는', '영화', '만들기', '가', '매우', '어려운', '거', '같아요', '사람', '너무', '놀래', '키', '면', '공포', '영화', '가', '되고', '관객', '수준', '이', '있으니', '스토리', '에', '헛점', '이', '있으면', '욕', '먹고', '현실', '과', '너무', '동떨어지면', '판타지', '같고', '기존', '클리셰', '도', '깨야', '하고', '레지던트', '이블', '이나', '트랜스포머', '처럼', '에', '라', '몰라', '막', '가', '파', '식', '스토리', '붕괴', '볼거리', '폭발', '영화', '라면', '관객', '이', '꾸준히', '있어서', '괜찮을지', '모르겠지만', '스릴러', '는', '저', '예산', '영화', '만들기', '에는', '좋겠지', '작가', '나', '감독', '피', '말리는', '장르', '라고', '생각', '합니다', '그래서', '제', '가', '데이빗', '핀처', '감독', '을', '좋아하는지도']	-3.5749575178176234	-1.2
40	40	4V4q1U-CC0s	최근에 너무 안타까운건 한국 영화들 대부분이 웃음에 초점이 맞춰진거 같아요 영화의 분위기를 계속 못 살리는게 문제랄까요 <br><br>언제한번 시간 되시면 최근 한국 영화의 동태에 대해 얘기해보시는건 어떠신가요? <br>독립영화 제외하고 상업 영화들로만요 비판할께 많아 피곤하실 수 있겠군요.....<br>영상 재밌게 잘 보고 갑니다~!	['최근', '에', '너무', '안타까운건', '한국', '영화', '들', '대부분', '이', '웃음', '에', '초점', '이', '맞춰진거', '같아요', '영화', '의', '분위기', '를', '계속', '못', '살리는게', '문', '제', '랄', '까요', '언', '제', '한번', '시간', '되시면', '최근', '한국', '영화', '의', '동태', '에', '대해', '얘기', '해보시는건', '어떠신', '가요', '독립영화', '제외', '하고', '상업', '영화', '들', '로만', '요', '비판', '할께', '많아', '피곤하실', '수', '있겠군요', '영상', '재밌게', '잘', '보고', '갑니다']	2.6548360739524304	0.95
41	41	4V4q1U-CC0s	라이너님 리뷰 잘 봤구요. 치즈인더트랩 리뷰 해주세요^^  감사합니다~~^-^	['라이너', '님', '리뷰', '잘', '봤구요', '치즈인더트랩', '리뷰', '해주세요', '감사합니다']	3.5730573970367723	1.83
42	42	4V4q1U-CC0s	초반은진짜 기대하게 만들었는데 갈수록 힘빠지는영화 진꾸 시간을보여주는게 멀까멀까했더니 그거였군 이라는 허망함	['초반', '은', '진짜', '기대하게', '만들었는데', '갈수록', '힘빠지는', '영화', '진', '꾸', '시간', '을', '보여주는게', '멀까', '멀까', '했더니', '그거', '였군', '이라는', '허망', '함']	-0.4400930339659824	-0.19
43	43	4V4q1U-CC0s	이거 까주시길 기다리고 있었습니다!	['이', '거', '까주시길', '기다리고', '있었습니다']	0.0	0.0
44	44	4V4q1U-CC0s	아..저는 원작을 봤기에 반전을알고보니 노잼ㅠ	['아', '저', '는', '원작', '을', '봤기에', '반전', '을', '알', '고', '보니', '노잼']	-1.6903646074512353	-0.81
45	45	4V4q1U-CC0s	볼 영화는 오프닝만! 안볼 영화는 다 보고 아는척!! 영화리뷰 채널중 취향 저격 리뷰라서 챙겨보고 있습니다!!! 깔땐 까는 비판적리뷰 지속적으로 부탁드려요!!^^	['볼', '영화', '는', '오프닝', '만', '안', '볼', '영화', '는', '다', '보고', '아는', '척', '영화리뷰', '채널', '중', '취향', '저격', '리뷰', '라서', '챙겨', '보고', '있습니다', '깔', '땐', '까는', '비판', '적', '리뷰', '지속', '적', '으로', '부탁드려요']	2.264304259986228	0.9
46	46	4V4q1U-CC0s	참 좋은 연설 입니다~ㄱㅅ	['참', '좋은', '연설', '입니다']	2.982365602193505	1.86
47	47	4V4q1U-CC0s	처음에는 그저 <br>어 이건 뭐지? 재밌네<br>그랬는데 지금은 기다려집니다.<br>요즘 자주 올려주고 덕분에 즐겁습니다~	['처음', '에는', '그저', '어', '이건', '뭐', '지', '재밌네', '그랬는데', '지금', '은', '기', '다려집니다', '요즘', '자주', '올려주고', '덕분', '에', '즐겁습니다']	0.1806413790293917	0.08
48	48	4V4q1U-CC0s	저도 초반에 엄청 집중하면서 보고 김희애가 살아있는게 아닐까 할정도로 강렬하더라구요. 중반부터는 그냥 포기..ㅜ 넘 아쉬운 영화였어요	['저', '도', '초반', '에', '엄청', '집중', '하면서', '보고', '김희애', '가', '살아있는게', '아닐까', '할', '정도', '로', '강렬하더라구요', '중반', '부터는', '그냥', '포기', '넘', '아쉬운', '영화', '였어요']	-0.520527776028523	-0.22
49	49	4V4q1U-CC0s	이영화는 뭔가2%부족하다는 느낌이 강했는데  왜그런건지 덕분에 알게되었네요 ㅎㅎ	['이영화', '는', '뭔가', '2', '부족하다는', '느낌', '이', '강했는데', '왜', '그런', '건', '지', '덕분', '에', '알', '게', '되었네요']	1.7020514105561455	0.76
50	50	4V4q1U-CC0s	온니 더 브레이브는 계획에 없으신가요? 잘보고 있습니다ㅎ	['온', '니', '더', '브레이브', '는', '계획', '에', '없으신', '가요', '잘', '보고', '있습니다']	4.704397293952214	2.26
51	51	4V4q1U-CC0s	라이너의 컬쳐쇼크 온리더브레이브 ㅠㅠ꼭보세요ㅠㅠ사라진밤보단 더 나았어요.?	['라이너', '의', '컬쳐쇼크', '온', '리더', '브레이브', '꼭', '보세요', '사라진', '밤', '보단', '더', '나았어요']	2.9571799369465053	1.4
52	52	4V4q1U-CC0s	계획에는 있는데 일정이...ㅠㅠ	['계획', '에는', '있는데', '일정', '이']	-0.1489742947219297	-0.09
53	53	4V4q1U-CC0s	천재 라이너.  그를 만족시킬 영화는 없다.  아.  담주까지 시납시스 수정해야되는데 라이너가 두렵다	['천재', '라이너', '그', '를', '만족', '시킬', '영화', '는', '없다', '아', '담주까지', '시', '납', '시스', '수정', '해야', '되는데', '라이너', '가', '두렵다']	-1.4084259496585037	-0.61
54	54	4V4q1U-CC0s	냉철한 평가가 다시 찾게 만드네요^^	['냉철한', '평가', '가', '다시', '찾게', '만', '드', '네', '요']	0.0	0.0
55	55	4V4q1U-CC0s	평소에 흥미 없는 영화도 영화관 가지 않고도  본것같아 참 좋으네요. 유튜브 리뷰어중에 목소리가 제일 쏙 쏙 잘 들어오는 것같아요.	['평소', '에', '흥미', '없는', '영화', '도', '영화관', '가지', '않고도', '본것', '같아', '참', '좋으네요', '유튜브', '리뷰', '어', '중', '에', '목소리', '가', '제일', '쏙', '쏙', '잘', '들어오는', '것', '같아요']	4.353032480146403	1.79
56	56	4V4q1U-CC0s	항상 잘보고 있습니다 ㅎ	['항상', '잘', '보고', '있습니다']	5.352663255590653	3.34
57	57	4V4q1U-CC0s	리뷰 늘 재미있게 보고 있습니다~ 감사해요^^	['리뷰', '늘', '재미있게', '보고', '있습니다', '감사해요']	5.70439729395221	3.21
58	58	4V4q1U-CC0s	이렇게 정확하게 확인해주는 영화평론가인데 왜 구독수가 적나요-_-. 우후죽순처럼 올라오는 마구잡이 리뷰채널이 많아서..참....여튼 응원합니다!	['이렇게', '정확하게', '확인', '해주는', '영화평론가', '인데', '왜', '구독', '수가', '적나요', '우후죽순', '처럼', '올라오는', '마구잡이', '리뷰', '채널', '이', '많아서', '참여', '튼', '응원', '합니다']	3.4809358518693183	1.49
59	59	4V4q1U-CC0s	좋은 말씀 감사드립니다. 많이 늘어날겁니다!	['좋은', '말씀', '감사', '드립니다', '많이', '늘어날', '겁니다']	4.627564263195182	2.51
60	60	4V4q1U-CC0s	늘 잘보고 있습니다!	['늘', '잘', '보고', '있습니다']	3.927858736035103	2.45
61	61	4V4q1U-CC0s	더바디 예전에 봤던 영화인데 저는 나름 재밌게 봤어요ㅎㅎ 리메이크되었다니 새롭네요	['더', '바디', '예전', '에', '봤던', '영화', '인데', '저', '는', '나름', '재밌게', '봤어요', '리메이크', '되었다니', '새롭네요']	0.19576470732683893	0.09
62	62	4V4q1U-CC0s	좀 늦었지만 혹시 레드 스패로도 보셨나요?	['좀', '늦었지만', '혹시', '레드', '스패로', '도', '보셨나요']	-0.2979485894438594	-0.16
63	63	4V4q1U-CC0s	너무 바빠서... 쿨럭...ㅠㅠ	['너무', '바빠서', '쿨럭']	0.11896780041608103	0.08
64	64	4V4q1U-CC0s	조선영화가또	['조선영', '화가', '또']	-2.0	-1.35
65	65	4V4q1U-CC0s	항상 잘보고 있습니다!<br>보기싫은 영화는 줄거리를 알아서 좋고<br>이미 본 영화는 상세한 리뷰를 봐서 좋아요! 요즘 열일해주셔서 감사합니다	['항상', '잘', '보고', '있습니다', '보기', '싫은', '영화', '는', '줄거리', '를', '알아서', '좋고', '이미', '본', '영화', '는', '상세', '한', '리뷰', '를', '봐서', '좋아요', '요즘', '열', '일해', '주셔서', '감사합니다']	7.038704734495669	2.89
66	66	4V4q1U-CC0s	주말에 보려했는데 일단 리뷰부터!	['주말', '에', '보려', '했는데', '일단', '리뷰', '부터']	1.404102821112288	0.76
67	67	4V4q1U-CC0s	양산형..이군요	['양산', '형', '이군', '요']	0.0	0.0
68	68	4V4q1U-CC0s	남해용왕 김강우 연기력만 보라간다해도 충분할정도로 김강우는 오졋어요. 신파도 아예없고 볼만합니다	['남해', '용왕', '김강우', '연기력', '만', '보라', '간다', '해도', '충분할', '정도', '로', '김강우', '는', '오', '졋', '어', '요', '신파', '도', '아예', '없고', '볼', '만', '합니다']	-0.06280034425604908	-0.03
69	69	4V4q1U-CC0s	정말 잘보고 있습니다.응원합니다^^	['정말', '잘', '보고', '있습니다', '응원', '합니다']	5.4809358518693205	3.08
70	70	4V4q1U-CC0s	라이너스님 항상잘보고 있습니다.영상 안보고 그냥 소리만 들어도 좋네요~  팟캐스트 같은데에 방송올려주셔도 좋을꺼 같네요~앞으로도 좋은 영상 기대할께여^^	['라이너스', '님', '항상', '잘', '보고', '있습니다', '영상', '안보', '고', '그냥', '소리', '만', '들어도', '좋네요', '팟캐스트', '같은데에', '방송', '올려주셔도', '좋을꺼', '같네요', '앞', '으로도', '좋은', '영상', '기대할께여']	10.201956225863077	4.25
71	71	4V4q1U-CC0s	재미있어요. 이것도 저것도 또 그것도 좋아요. 근데 요건 좀 아쉬워요. 거의 모든 영화에 대한 거의 모든 리뷰가 이런 식이죠. 열에 일곱은 이런 패턴이라 내가 이해 못한 부분, 아쉬웠던 부분, 황당했던 부분 등등에 대해서는 내가 이해력이 떨어지나 자괴감이...ㅡ.ㅡ; 근데 이렇게 시니컬하게 전반적으로는 괜찮아 근데 이것도 저것도 또 그것도 이러저러해서 별로야. 통렬히 쥐어박는 리뷰 하나쯤은 있어야 하지 않을까 했었는데 컬쳐쇼크, 그동안 쭉~ 보면서 어차피 좋은건 다른 리뷰어들이 다 하는거니 빼고 곳곳에 원투 펀치 날리는 리뷰들에 그동안 들었던 자괴감 허탈감들이 보상받는거 같아 속시원했네요. 때론 돈드는 것도 아닌데 뭔 평점을 그렇게 박하게~ 하는 생각도 들지만 그렇기에 기왕 볼거면 이렇게 낮은 평점에 기대감도 낮추고 보면 나름의 기대감을 안고 보는 것보다 만족도는 좀 더 오를것 같아 그것도 나름 좋은 방법같고... 쓰다보니 길어졌는데, 중요한건 앞으로도 다양한 더 많은 영화리뷰로 자주 만날 수 있길 기대한다는거~~~ 화이팅입니다.	['재미있어요', '이', '것', '도', '저', '것', '도', '또', '그것', '도', '좋아요', '근데', '요건', '좀', '아쉬워요', '거의', '모든', '영화', '에', '대한', '거의', '모든', '리뷰', '가', '이런', '식이', '죠', '열', '에', '일곱', '은', '이런', '패턴', '이라', '내', '가', '이해', '못', '한', '부분', '아쉬웠던', '부분', '황당했던', '부분', '등등', '에', '대해', '서는', '내', '가', '이해력', '이', '떨어지나', '자괴', '감', '이', '근데', '이렇게', '시', '니', '컬', '하', '게', '전반', '적', '으로는', '괜찮아', '근데', '이', '것', '도', '저', '것', '도', '또', '그것', '도', '이러', '저러', '해서', '별로', '야', '통렬', '히', '쥐어박는', '리뷰', '하나', '쯤', '은', '있어야', '하지', '않을까', '했었는데', '컬쳐쇼크', '그동안', '쭉', '보면서', '어차피', '좋은', '건', '다른', '리뷰', '어', '들이', '다', '하는거니', '빼고', '곳곳', '에', '원투', '펀치', '날리는', '리뷰', '들', '에', '그동안', '들었던', '자괴', '감', '허탈', '감', '들', '이', '보상', '받는거', '같아', '속', '시원했네요', '때론', '돈', '드는', '것', '도', '아닌데', '뭔', '평점', '을', '그렇게', '박하게', '하는', '생각', '도', '들지만', '그렇기에', '기왕', '볼거면', '이렇게', '낮은', '평점', '에', '기', '대감', '도', '낮추고', '보면', '나름', '의', '기', '대감', '을', '안고', '보는', '것', '보다', '만족도', '는', '좀', '더', '오를것', '같아', '그것', '도', '나름', '좋은', '방법', '같고', '쓰다', '보니', '길어졌는데', '중요한건', '앞', '으로도', '다양한', '더', '많은', '영화리뷰', '로', '자주', '만날', '수', '있길', '기대한다는거', '화이팅', '입니다']	-2.889092793909803	-0.88
72	72	4V4q1U-CC0s	구독구독...자극적인 썸네일달고 줄거리만 줄줄 말하는 것보다 휠씬 좋네여..한번씩 악플도 달리시는데 흔들리지말고 이 컨셉으로 밀고가시길	['구독', '구독', '자극', '적', '인', '썸네일', '달', '고', '줄거리', '만', '줄줄', '말', '하는', '것', '보다', '휠씬', '좋', '네', '여', '한번', '씩', '악플', '도', '달리시는데', '흔들리지말고', '이', '컨셉', '으로', '밀고가시길']	-4.2034811608803375	-1.71
73	73	4V4q1U-CC0s	공감합니다	['공감', '합니다']	0.6275642631951808	0.48
74	74	4V4q1U-CC0s	사라진밤보고나서 의아함이 좀있습니다 발자국같은거보면 정확하게 안알려줘요 딱한마디만해주죠 그래서 좀 그랬습니다 이런건 알려줄수도있엇을텐데요..	['사라진', '밤', '보고나서', '의아', '함', '이', '좀있습니다', '발자국', '같은거', '보면', '정확하게', '안', '알려줘요', '딱', '한마디', '만', '해주죠', '그래서', '좀', '그랬습니다', '이런건', '알려줄수도', '있', '엇을텐', '데', '요']	3.180641379029398	1.32
75	75	4V4q1U-CC0s	스포...! 스페셜포스말고...!ㅋㅋㅋㅋㅋㅋㅋㅋㅋㅋㅋㅋㅋㅋㅋㅋㅋㅋㅋㅋㅋ	['스포', '스페셜포스', '말고']	-1.0	-0.68
76	76	4V4q1U-CC0s	결말까지 리뷰해주셔서 넘조아요	['결말', '까지', '리뷰', '해주셔서', '넘', '조아요']	1.0199802812025511	0.57
77	77	4V4q1U-CC0s	잘 만든 영화는 내용을 알고 봐도 충분히 감동적이라ㅡ스포가 있어도 괜찮다고 생각되어요..리뷰 잘 보았습니다.	['잘', '만든', '영화', '는', '내용', '을', '알', '고', '봐도', '충분히', '감동', '적', '이라', '스포', '가', '있어도', '괜찮다고', '생각', '되어요', '리뷰', '잘', '보았습니다']	4.236772711343166	1.81
78	78	4V4q1U-CC0s	요즘 많은 활동 너무 감사합니다 ㅎㅎ 재밌게 보고있습니다	['요즘', '많은', '활동', '너무', '감사합니다', '재밌게', '보고있습니다']	4.158928362821187	2.25
79	79	4V4q1U-CC0s	잘 봤습니다^^ 언젠간 라이너님한테 칭찬받을수 있는 한국영화가 많이 나오는 때가 왔으면 좋겠어요 ㅋㅋ	['잘', '봤습니다', '언', '젠', '간', '라이너', '님', '한테', '칭찬', '받을수', '있는', '한국영', '화가', '많이', '나오는', '때', '가', '왔으면', '좋겠어요']	1.0633341686149471	0.47
80	80	4V4q1U-CC0s	잘 보고 있어요<br>온리 더 브레이브 리뷰 부탁드려용	['잘', '보고', '있어요', '온리', '더', '브레이브', '리뷰', '부탁드려용']	3.1430267000203482	1.65
81	81	4V4q1U-CC0s	너무 바빠서...ㅠㅠ	['너무', '바빠서']	0.11896780041608103	0.09
82	82	4V4q1U-CC0s	퇴근후 저녁먹으며 감상중♡	['퇴근', '후', '저녁', '먹으며', '감상', '중']	0.0	0.0
83	83	4V4q1U-CC0s	감독:노력은 했어요^^ 결과는....;;	['감독', '노력', '은', '했어요', '결과', '는']	0.09446742856352096	0.05
84	84	4V4q1U-CC0s	잘 보고 갑니다 !!!	['잘', '보고', '갑니다']	3.440975289464205	2.33
85	85	4V4q1U-CC0s	영화보고 집에 가는 중에 리뷰가 올라오네요ㅋㅋ뭔가 아쉬운 점이 있긴했는데 그 점을 잘 잡아주시니 가려운데를 긁어주시는 것처럼 시원합니다ㅎㅎ	['영화', '보고', '집', '에', '가는', '중', '에', '리뷰', '가', '올라오네요', '뭔가', '아쉬운', '점', '이', '있긴', '했는데', '그', '점', '을', '잘', '잡아주시니', '가려운데를', '긁어주시는', '것', '처럼', '시원합니다']	5.6284465186934005	2.33
86	86	4V4q1U-CC0s	시원시원해서 좋다！	['시원시원해서', '좋다']	2.0	1.54
87	87	4V4q1U-CC0s	장례식장서 사라진게 아니라 검시소 아니였나?	['장례식', '장서', '사라진게', '아니라', '검시소', '아니였나']	0.0	0.0
88	88	4V4q1U-CC0s	목소리 녹네요	['목소리', '녹네요']	0.0	0.0
89	89	4V4q1U-CC0s	요새너무 열일하시는거 아닌가요?ㅎㅎ 감사합니다.즐감할게요.	['요새', '너무', '열', '일', '하시는거', '아닌가요', '감사합니다', '즐감', '할게요']	1.4368966710624915	0.74
90	90	4V4q1U-CC0s	요즘 너무 힘든데   그나마 제가 좋아하는  영화 리뷰 보면서  힘이 납니다~~  언제나   늘 그렇듯  최선 다하시는  모습  아름답고    이쁘네요~~^^  화이팅   요~~^^	['요즘', '너무', '힘든데', '그나마', '제', '가', '좋아하는', '영화', '리뷰', '보면서', '힘', '이', '납니다', '언제나', '늘', '그렇듯', '최선', '다', '하시는', '모습', '아름답고', '이쁘네요', '화이팅', '요']	9.091271065660026	3.82
91	91	4V4q1U-CC0s	캐릭터 방향성...😭	['캐릭터', '방향성']	-1.0744871473609632	-0.83
92	92	4V4q1U-CC0s	선댓 후감상 잘보고 갈게요^^	['선댓', '후', '감상', '잘', '보고', '갈게요']	2.3664881421032415	1.33
93	93	ApZnqp9_Fzw	난 나름 재밌게봤는데 ㅋㅋ 사람마다 관점은 다르니 ㅎ	['난', '나름', '재밌게', '봤는데', '사람', '마다', '관점', '은', '다르니']	2.243441723285444	1.15
94	94	ApZnqp9_Fzw	어제밤에보고왔어요.일부러리뷰늦게봤네요	['어제', '밤', '에', '보고왔어요', '일부러', '리뷰', '늦게', '봤네요']	-0.3724357368048192	-0.2
95	95	ApZnqp9_Fzw	사라진 밤은 별로... ㅎ	['사라진', '밤', '은', '별로']	0.6275642631951772	0.39
96	96	ApZnqp9_Fzw	한국 영화의 퇴보 추세에 대해 좀 한번 다뤄주시면 안될지<br>1) 좋은 웹툰, 소설, 리메이크 대상 외국영화가 있어도 원작보다한참 부족한 호부견자 영화가 나오는 현실 - 차려진 밥도 제대로 입에 못 넣는 한심한 현상<br>2) 대장 김창수처럼 낯간지러운 역사 왜곡 및 어설픈 깊이 없는 깨시민 겉멋 부리기<br>3) 장르 불문 배우들의 진지함 실종, 영화 내 허술한 국적불명 저급 개그 코드 남발<br>4) 허구헌날 다작하는 고만고만한 연기 변신 없는 배역 따기 위해 최선 다할 필요 없는 긴장감 없는 배우들 + 신인 및 중고  발굴/과감한 기용 성공 사례<br>5) 눈씻고 찾아봐도 잘안보이는 과감한 신예 영화 감독 맟  촬영 감독들의 발굴 및 선전 <br>6) 조잡한 시놉, 기획의도 등 예고편만 봐도 망작 감별이 가능한 한심한 영화에 투자하는 투자사들의 한심한 안목<br>7)  흥행이 되건 말건, 자기 필모그라피가 병신이 되건 말건 다작을 하면 떼돈 버는 현 배우들의 잘못된 수익 구조 및 이와 처절하게 대비되는 일반 영화 스탭들의 열악한 근무/보수 현실	['한국', '영화', '의', '퇴보', '추세', '에', '대해', '좀', '한번', '다뤄주시면', '안될지', '1', '좋은', '웹툰', '소설', '리메이크', '대상', '외국', '영화', '가', '있어도', '원작', '보다', '한참', '부족한', '호', '부견', '자', '영화', '가', '나오는', '현실', '차려진', '밥', '도', '제대로', '입', '에', '못', '넣는', '한심한', '현상', '2', '대장', '김창수', '처럼', '낯', '간지러운', '역사', '왜곡', '및', '어설픈', '깊이', '없는', '깨', '시민', '겉멋', '부리기', '3', '장르', '불문', '배우', '들', '의', '진지함', '실종', '영화', '내', '허', '술', '한', '국적', '불명', '저급', '개그', '코드', '남발', '4', '허구', '헌', '날', '다작', '하는', '고만고만한', '연기', '변신', '없는', '배역', '따기', '위해', '최선', '다', '할', '필요', '없는', '긴장감', '없는', '배우', '들', '신인', '및', '중고', '발굴', '과감', '한', '기용', '성공', '사례', '5', '눈', '씻고', '찾아봐도', '잘', '안', '보이는', '과감', '한', '신예', '영화', '감독', '맟', '촬영', '감독', '들', '의', '발굴', '및', '선전', '6', '조잡한', '시놉', '기획', '의도', '등', '예고편', '만', '봐도', '망작', '감별', '이', '가능한', '한심한', '영화', '에', '투자', '하는', '투자', '사', '들', '의', '한심한', '안목', '7', '흥행', '이', '되건', '말건', '자기', '필', '모', '그', '라피', '가', '병신', '이', '되건', '말건', '다작', '을', '하면', '떼돈', '버', '는', '현', '배우', '들', '의', '잘', '못', '된', '수익', '구조', '및', '이', '와', '처절하게', '대비', '되는', '일반', '영화', '스탭들', '의', '열악한', '근', '무보수', '현실']	-4.747364535674271	-1.44
97	97	ApZnqp9_Fzw	오늘 보고 왔는데 너무 설명 잘해놨네요 <br>영화 시작하자마자 아내와 주인공 관계를 바로 직관적으로 보여주고 의문이 생기면 반장이나 주인공의 독백으로 바로 설명해보이고 <br>관객으로 하여금 여운이 남을만한 의문점도 없고 설령 의문점이 생겨도 바로 그 의문점을 설명해서 흥미거리도 없고 특히 복선하나 없이 잔짜잔!하면서 반전결말로 끝났을때는 너무 어이가 없어서 막장이란 생각만 들더라고요<br>부족한 개연성을 과거회상으로 채우면서 &quot;과거에 이래이래 해서 결말이 이래이래하다&quot;처음부터 끝까지 반복되는 이상한 영화가 됨	['오늘', '보고', '왔는데', '너무', '설명', '잘', '해놨네요', '영화', '시작', '하', '자마자', '아내', '와', '주인공', '관계', '를', '바로', '직관', '적', '으로', '보여주고', '의문', '이', '생기', '면', '반장', '이나', '주인공', '의', '독백', '으로', '바로', '설명', '해보이고', '관객', '으로', '하여금', '여운', '이', '남을만한', '의문', '점도', '없고', '설령', '의문', '점', '이', '생겨도', '바로', '그', '의문', '점', '을', '설명', '해서', '흥미', '거리', '도', '없고', '특히', '복선', '하나', '없이', '잔', '짜잔', '하면서', '반', '전', '결말', '로', '끝났을', '때', '는', '너무', '어이', '가', '없어서', '막장', '이란', '생각', '만', '들더라고요', '부족한', '개연', '성', '을', '과거', '회상', '으로', '채우면서', 'quot', '과거', '에', '이래이래', '해서', '결말', '이', '이래이래', '하다', 'quot', '처음', '부터', '끝', '까지', '반복', '되는', '이상한', '영화', '가', '됨']	-6.079475362195014	-2.0
98	98	ApZnqp9_Fzw	형 고양이귀도 하네?	['형', '고양이귀', '도', '하네']	0.0	0.0
99	99	ApZnqp9_Fzw	헉. 넘 짧다요. ㅜㅜ	['헉', '넘', '짧다요']	0.0	0.0
100	100	ApZnqp9_Fzw	얼굴이 무슨 스캐치한 느낌이 강해서 3D인줄;;	['얼굴', '이', '무슨', '스캐치', '한', '느낌', '이', '강해서', '3', 'D', '인줄']	3.404102821112289	1.67
101	101	ApZnqp9_Fzw	얼굴 보니까 너무 좋아요	['얼굴', '보', '니까', '너무', '좋아요']	-0.030006494305845344	-0.02
102	102	ApZnqp9_Fzw	공감할듯 못할듯 하네요. 저는 뻔해도 연출이나 많은부분에서 만족하고왔거든요! 그치만 이번 영상은 말씀이 너무 빠르시네요 ㅜㅠ	['공감', '할듯', '못', '할듯', '하네요', '저', '는', '뻔해도', '연출', '이나', '많은', '부분', '에서', '만족하고', '왔거든요', '그치만', '이번', '영상', '은', '말씀', '이', '너무', '빠르시네요']	0.6668395322058547	0.28
103	103	ApZnqp9_Fzw	형님 플로리자 프로젝트도 리뷰 부탁드립니다!!!	['형님', '플로리', '자', '프로젝트', '도', '리뷰', '부탁드립니다']	0.6275642631951774	0.34
104	104	ApZnqp9_Fzw	리뷰만 봤는데 형사의 모습이 강철중(?)이 떠오르네요. 나만 그런가?	['리뷰', '만', '봤는데', '형사', '의', '모습', '이', '강철중', '이', '떠오르네요', '나', '만', '그', '런가']	0.7765385579171071	0.36
105	105	ApZnqp9_Fzw	개인적으로 한국영화에서 제일 싫어하는 포인트는 불필요한 유머입니다ㅠㅠ<br>그냥 원작 &quot;더 바디&quot;만 봐야겠네요~	['개인', '적', '으로', '한국영', '화', '에서', '제일', '싫어하는', '포인트', '는', '불필요한', '유머', '입니', '다그', '냥', '원작', 'quot', '더', '바디', 'quot', '만', '봐야겠네요']	-9.703178176198882	-4.14
106	106	ApZnqp9_Fzw	사라진 관객	['사라진', '관객']	1.5530771158342174	1.19
107	107	ApZnqp9_Fzw	발없는새님 매번 영화 리뷰 잘보고있습니다.<br>이번에 개봉한 레드스패로라는 영화 정말<br>신선한 충격으로 받아들여졌는데 <br>영화내용이 생각보다 어렵고 난해하더군요<br>혹시 가이드리뷰를 부탁드려도 될까요?	['발', '없는', '새', '님', '매번', '영화', '리뷰', '잘', '보고있습니다', '이번', '에', '개봉', '한', '레드', '스패', '로라', '는', '영화', '정말', '신선한', '충격', '으로', '받아들여졌는데', '영화', '내', '용이', '생각', '보다', '어렵고', '난해하더군요', '혹시', '가이드', '리뷰', '를', '부탁드려도', '될까', '요']	0.2884200768531915	0.11
108	108	ApZnqp9_Fzw	아닠ㅋㅋㅋㅋ 처음에 진짜 고양이귀쓰신줄 알곸ㅋㅋㅋ 왜이러시나했넼ㅋㅋㅋㅋ	['아닠', '처음', '에', '진짜', '고양이귀', '쓰신줄', '알곸', '왜', '이', '러시', '나', '했', '넼']	-0.29794858944385605	-0.14
109	109	ApZnqp9_Fzw	오늘봤는데 너무 재밌게봤는데 반전도 꽤 컸고 사람들도 다 놀랬음	['오늘', '봤는데', '너무', '재밌게', '봤는데', '반전', '도', '꽤', '컸고', '사람', '들', '도', '다', '놀랬음']	2.0561674561600287	0.96
110	110	ApZnqp9_Fzw	해외 영화 소개 채널처럼 직접 발새님이 나오셔서 설명하는 거 좋고 찬성입니다! <br>다만 중간중간 대본을 읽으시려고 시선이 돌아갈때 흐름이 조금씩 끊기는 느낌이 있습니다.	['해외', '영화', '소개', '채널', '처럼', '직접', '발새', '님', '이', '나오셔서', '설명', '하는', '거', '좋고', '찬성', '입니다', '다만', '중간', '중간', '대본', '을', '읽으시려고', '시선', '이', '돌아갈', '때', '흐름', '이', '조금씩', '끊기는', '느낌', '이', '있습니다']	11.99462942984257	4.76
111	111	ApZnqp9_Fzw	근데 초반에 범인이 있다는걸 보여준 것이 무조건 여자는 죽어있다로 연결되지는 않습니다! 살아있었다고 해도 도와주는 사람이 필요했을거라고 작중에서 나오는데... 발새님이 이걸 왜 놓치셨는지 모르겠네.. 리뷰 항상 잘 보고 있습니다 감사합니다	['근데', '초반', '에', '범인', '이', '있다는걸', '보여준', '것', '이', '무조건', '여자', '는', '죽어있다로', '연결', '되지는', '않습니다', '살아있었다고', '해도', '도와주는', '사람', '이', '필요했을거라고', '작', '중', '에서', '나오는데', '발새', '님', '이', '이', '걸', '왜', '놓치셨는지', '모르겠네', '리뷰', '항상', '잘', '보고', '있습니다', '감사합니다']	3.8072866765702518	1.46
112	112	ApZnqp9_Fzw	혹시 발없는새 님이 고민하신다는 게 저작권 문제인가요? 예전에 발없는새님이 저작권 때문에 곤혹을 치루셨다는 글을 본 적이 있어서..<br>그래서 본인 얼굴을 쓰고 영상은 짧은 부분이나 캡쳐를 쓰는게 아닌가 싶네요..<br><br>영화는 스릴러보다는 오컬트적인 요소가 강해 몰입을 방해하더군요. 그리고 가장 납득이 안 되는건 아무리 국과수여도 누가 유족을 시체안치실에 혼자 두나 싶다는..	['혹시', '발', '없는', '새', '님', '이', '고민', '하신다는', '게', '저작권', '문제', '인가요', '예전', '에', '발', '없는', '새', '님', '이', '저작권', '때문', '에', '곤혹', '을', '치루셨다', '는', '글', '을', '본', '적', '이', '있어서', '그래서', '본인', '얼굴', '을', '쓰고', '영상', '은', '짧은', '부분', '이나', '캡쳐', '를', '쓰는게', '아닌가', '싶네요', '영화', '는', '스릴러', '보다는', '오컬트', '적', '인', '요소', '가', '강해', '몰입', '을', '방해', '하더군요', '그리고', '가장', '납득', '이', '안', '되는건', '아무리', '국과수', '여', '도', '누가', '유족', '을', '시체', '안치실에', '혼자', '두', '나', '싶다는']	2.08606568161558	0.72
113	113	ApZnqp9_Fzw	발없는새님 토르 라그나로크 얘기 해주실수있나요???	['발', '없는', '새', '님', '토르', '라그나로크', '얘기', '해주실수있나요']	-0.6820711293535928	-0.36
114	114	ApZnqp9_Fzw	발없는새 라는건 없습니다 발있는새로 바꿔주세요	['발', '없는', '새', '라는', '건', '없습니다', '발', '있는', '새로', '바꿔주세요']	0.4785899684732542	0.24
115	115	ApZnqp9_Fzw	코가 크다	['코', '가', '크다']	1.0	0.68
116	116	ApZnqp9_Fzw	왠지 김상경 나오는 영화는 장르 불문하고 죄다 가볍고 재미가 없어서 거르게 되네요 ㄷㄷ	['왠지', '김상경', '나오는', '영화', '는', '장르', '불문', '하고', '죄다', '가볍고', '재미', '가', '없어서', '거르', '게', '되네요']	1.9839900683488667	0.9
117	117	ApZnqp9_Fzw	발새님 말에 많이 공감합니다ㅠㅠ 스릴이 없었어요 스릴이, 김상경님 연기도 별로였고<br>사라진 밤 실망이 컸습니다. 더 바디를 느무 좋게 봤고 우리나라 버전 리메이크라는 말에 너무 기대한거같아요	['발새', '님', '말', '에', '많이', '공감', '합니다', '스릴', '이', '없었어요', '스릴', '이', '김상경', '님', '연기', '도', '별로', '였고', '사라진', '밤', '실망', '이', '컸습니다', '더', '바디', '를', '느무', '좋게', '봤고', '우리나라', '버전', '리메이크', '라는', '말', '에', '너무', '기대한거', '같아요']	-0.6170763707370219	-0.24
118	118	ApZnqp9_Fzw	발없는새님 영상 너무 잘봤어요. 근데 무슨 바쁜일 있으셨나요? 진짜 엄청 빨리 말하시네요. 제가 배속을 걸었나 착각해서 확인까지 했어요. 결국 좀더 느리게 하고 들으니 더 좋네요. ㅎㅎ	['발', '없는', '새', '님', '영상', '너무', '잘', '봤어요', '근데', '무슨', '바쁜', '일', '있으셨나요', '진짜', '엄청', '빨리', '말', '하시네요', '제', '가', '배속', '을', '걸었나', '착각', '해서', '확인', '까지', '했어요', '결국', '좀더', '느리게', '하고', '들으니', '더', '좋네요']	7.074415002356933	2.78
119	119	ApZnqp9_Fzw	네이버 평점 언제나 10점이라는거 격하게 인정합니닼ㅋㅋㅋ<br>네이버 평점 여러개보다 발새 한명의 평이 훨씬 정확하고 신뢰가 감!	['네이버', '평점', '언제나', '10', '점', '이라는', '거', '격하', '게', '인정', '합', '니', '닼', '네이버', '평점', '여러', '개보', '다', '발새', '한', '명의', '평이', '훨씬', '정확하고', '신뢰', '가', '감']	4.945493133841591	2.03
120	120	ApZnqp9_Fzw	자꾸 보니깐 잘생겨지신것 같아요 ㅋㅋㅋ 좋은 리뷰 감사합니다 ㅎㅎ	['자꾸', '보', '니깐', '잘생겨지신', '것', '같아요', '좋은', '리뷰', '감사합니다']	5.028273759300196	2.57
121	121	ApZnqp9_Fzw	저는 발새님이나오는게 더 좋습니다 편집된 영상의 빠른 화면전환, 자막 때로는 영상자체때문에 이야기에 집중이 안될때가 간혹 있어서여	['저', '는', '발새', '님', '이나', '오는게', '더', '좋습니다', '편집', '된', '영상', '의', '빠른', '화면', '전환', '자막', '때로는', '영상', '자체', '때문', '에', '이야기', '에', '집중', '이', '안될', '때', '가', '간혹', '있어', '서여']	1.4768572334675991	0.59
122	122	ApZnqp9_Fzw	더 바디 OCN에서 재미나게 봄...	['더', '바디', 'OCN', '에서', '재미나', '게', '봄']	-1.7893521266647563	-0.97
123	123	ApZnqp9_Fzw	김강우 나오는 영화중에 그나마 볼만했다	['김강우', '나오는', '영화', '중', '에', '그나마', '볼', '만', '했다']	0.006829850199796761	0.0
124	124	ApZnqp9_Fzw	뭘 고민하시는거에요 카메라 구입인가요?	['뭘', '고민', '하시는거에요', '카메라', '구입', '인가요']	-0.14897429472192636	-0.08
125	125	ApZnqp9_Fzw	오눌 봤는데 말 그대로 김이 팍 새는 머 그런 ..	['오', '눌', '봤는데', '말', '그대로', '김', '이', '팍', '새는', '머', '그런']	0.0	0.0
126	126	ApZnqp9_Fzw	한국영화중에 이정도면 볼만하다고생각은해용	['한국영', '화중', '에', '이', '정도', '면', '볼', '만', '하다고', '생각', '은', '해용']	-0.503775633720251	-0.24
127	127	ApZnqp9_Fzw	월요일이사라졌다 리뷰가능하신가요~	['월요일', '이', '사라졌다', '리뷰', '가능하신가요']	0.7765385579171071	0.46
128	128	ApZnqp9_Fzw	김강우가 참 연기는 잘하는데... 음 작품이 항상 왜그럴까요.. 하지만 저는 이 작품 그냥 나쁘지 않았습니다. 근데 너무나도 예상대로 흘러가는 점이 아쉽더군요..	['김강우', '가', '참', '연기', '는', '잘', '하는데', '음', '작품', '이', '항상', '왜', '그럴까', '요', '하지만', '저', '는', '이', '작품', '그냥', '나쁘지', '않았습니다', '근데', '너무나도', '예상', '대로', '흘러가는', '점', '이', '아쉽더군요']	5.295810506036179	2.14
129	129	ApZnqp9_Fzw	몇프레임 차이 나지는 않는데 영상이 몇프레임 빨라요	['몇', '프레임', '차이', '나', '지는', '않는데', '영상', '이', '몇', '프레임', '빨라요']	0.9037998364308302	0.44
130	130	ApZnqp9_Fzw	영상이랑 사운드랑 싱크가 안맞아요	['영상', '이랑', '사운드', '랑', '싱크', '가', '안', '맞아요']	1.6803383943479406	0.88
131	131	ApZnqp9_Fzw	가운데 지퍼 끝까지 올리니 좀 답답해보임... 조금 편안하게 하셔도 좋을것 같아요.......<br>잘봤습니다...^^	['가운데', '지퍼', '끝', '까지', '올리니', '좀', '답답해', '보임', '조금', '편안하게', '하셔도', '좋을것', '같아요', '잘', '봤습니다']	6.412396299209932	2.95
132	132	ApZnqp9_Fzw	수지 이동욱이랑 연애한대요~	['수지', '이동욱', '이랑', '연애', '한', '대요']	1.4785899684732575	0.83
133	133	ApZnqp9_Fzw	발새님, 점점 늙어보이네요..	['발새', '님', '점점', '늙어', '보이네요']	0.7765385579171071	0.46
134	134	ApZnqp9_Fzw	왜 계속 얼굴보여주시나요?ㅎ	['왜', '계속', '얼굴', '보여주시나요']	-0.14897429472192636	-0.09
135	135	ApZnqp9_Fzw	늘 좋은 리뷰 감사합니다.<br>저...정말 죄송한데 뒤에 달력 제품명 좀 알려주세요.	['늘', '좋은', '리뷰', '감사합니다', '저', '정말', '죄송한데', '뒤', '에', '달력', '제품', '명', '좀', '알려주세요']	4.871005986480629	2.27
136	136	ApZnqp9_Fzw	무슨 고민이요??	['무슨', '고민', '이', '요']	1.5530771158342174	0.97
137	137	ApZnqp9_Fzw	PS4 눈에 보이네요 좋은 스토리 게임 리뷰 하시면 잘하실것같네요	['PS', '4', '눈', '에', '보이네요', '좋은', '스토리', '게임', '리뷰', '하시면', '잘', '하실것', '같네요']	4.404102821112288	2.08
138	138	ApZnqp9_Fzw	얼굴 보면서 하는것도 나쁘지 않은데...?ㅋ	['얼굴', '보면서', '하는것도', '나쁘지', '않은데']	0.3924160180073737	0.23
139	139	ApZnqp9_Fzw	안경을 너무 올려스신거 아닌가요	['안경', '을', '너무', '올려', '스', '신거', '아닌가요']	0.11896780041608103	0.06
140	140	ApZnqp9_Fzw	카메라 새로 샀나요??요즘 너무 열일하셔서.......<br><br>감사합니다 ㅠㅠ	['카메라', '새로', '샀나요', '요즘', '너무', '열', '일', '하셔서', '감사합니다']	2.2134352289795993	1.13
141	141	ApZnqp9_Fzw	발업는새님 ♥♥♥♥♥♥♥♥	['발', '업는', '새', '님']	0.0	0.0
142	142	ApZnqp9_Fzw	눈앞에서 직접 설명해주는 것 같아서 좋아요😠	['눈앞', '에서', '직접', '설명', '해주는', '것', '같아서', '좋아요']	-0.03279384995020407	-0.02
143	143	ApZnqp9_Fzw	우리나라도 창착 영화는 사라지고 리메이크나  소설,만화 원작을 따라가는게 많아서 안타깝네요	['우리나라', '도', '창착', '영화', '는', '사라지고', '리메이크', '나', '소설', '만화', '원작', '을', '따라가는게', '많아서', '안타깝네요']	0.2419780953876054	0.11
144	144	ApZnqp9_Fzw	내용과는 관련없는 질문입니다...<br><br>화면에 보이는 마이크 스탠드가 어떤 제품인지 알 수 있을까요? ㅎㅎ	['내용', '과는', '관련', '없는', '질문', '입니다', '화면', '에', '보이는', '마이크', '스탠드', '가', '어떤', '제품', '인지', '알', '수', '있을까요']	0.9278587360350968	0.41
145	145	ApZnqp9_Fzw	툼 레이더 해주세여	['툼', '레이더', '해주세여']	0.0	0.0
146	146	ApZnqp9_Fzw	여전히 멋있으신 발새님	['여전히', '멋있으신', '발새', '님']	0.7765385579171071	0.48
147	147	ApZnqp9_Fzw	형 블랙넛 닮으심	['형', '블랙', '넛', '닮으', '심']	0.0	0.0
148	148	ApZnqp9_Fzw	형 진짜 네코미미는 아닌거 같아... 설마 노리신거??	['형', '진짜', '네코미미', '는', '아닌거', '같아', '설마', '노리', '신거']	0.2434417232854473	0.12
149	149	ApZnqp9_Fzw	근육냥이 ㅋㅋㅋㅋㅋㅋㅋㅋㅋㅋ	['근', '육', '냥', '이']	0.0	0.0
150	150	ApZnqp9_Fzw	워후 잘봤습니다	['워후', '잘', '봤습니다']	2.7020514105561477	1.83
151	151	ApZnqp9_Fzw	좋아요!	['좋아요']	-0.14897429472192636	-0.15
152	152	ApZnqp9_Fzw	볼까 말까 하던 영화인데 감사합니다	['볼까', '말까', '하던', '영화', '인데', '감사합니다']	1.3247587208462108	0.75
153	153	ApZnqp9_Fzw	역시!!! 제가 발없는새 님을 좋아하는 이유는 이렇게 리뷰를 장점과 단점을 예리하게 짚어주시는 것 때문이죠. 또한 발없는새님의 아이덴티티라 저는 생각합니다.	['역시', '제', '가', '발', '없는', '새', '님', '을', '좋아하는', '이유', '는', '이렇게', '리뷰', '를', '장점', '과', '단점', '을', '예리하게', '짚어주시는', '것', '때문', '이', '죠', '또한', '발', '없는', '새', '님', '의', '아이덴티티', '라', '저', '는', '생각', '합니다']	9.059940843607666	3.54
154	154	ApZnqp9_Fzw	뭔가 했더니 뿔처럼 보였다 ㅋㅋㅋㅋㅋㅋ	['뭔가', '했더니', '뿔', '처럼', '보였다']	0.7765385579171105	0.46
155	155	ApZnqp9_Fzw	점점 얼굴 보이면서 찍는 영상도 더 자연스러워 지시네요!!! 오늘도 잘 보고 갑니다!!!	['점점', '얼굴', '보이면서', '찍는', '영상', '도', '더', '자연스러워', '지시', '네', '요', '오늘', '도', '잘', '보고', '갑니다']	5.121313683812142	2.32
156	156	ApZnqp9_Fzw	아 제발 전 목소리만 듣고 싶어요	['아', '제발', '전', '목소리', '만', '듣고', '싶어요']	0.0	0.0
157	157	ApZnqp9_Fzw	강일구 네가 원한다고 발새님이 해주실 이유는 없어요^^	['강', '일구', '네', '가', '원한다고', '발새', '님', '이', '해주실', '이유', '는', '없어요']	1.5530771158342176	0.75
158	158	ApZnqp9_Fzw	james han ㅆㅇㅈ 유튜브레드 가입하고 화면끄고보세요ㅡㅡ	['james', 'han', '유튜브', '레드', '가입', '하고', '화면', '끄고', '보세요']	0.6275642631951774	0.32
159	159	ApZnqp9_Fzw	정 목소리만 듣고 싶으면 이어폰으로 껴듣으면 되지 이런 댓글을 남기는 이유가 뭔지..참	['정', '목소리', '만', '듣고', '싶으면', '이어폰', '으로', '껴', '듣으면', '되지', '이런', '댓글', '을', '남기는', '이유', '가', '뭔', '지', '참']	2.106154231668435	0.92
160	160	ApZnqp9_Fzw	전 오히려 발없님이 나와서 설명하는게 더 좋은 거 같아요. 오히려 신선한 느낌이에요. 그리고 발없님 의견을 더 정확하게 잘 전달되는 게 느껴져서요.	['전', '오히려', '발없님', '이', '나와서', '설명', '하는게', '더', '좋은', '거', '같아요', '오히려', '신선한', '느낌', '이에요', '그리고', '발없님', '의견', '을', '더', '정확하게', '잘', '전달', '되는', '게', '느껴져서요']	8.871005986480625	3.67
161	161	ApZnqp9_Fzw	형 수지사진 왜 머리로 가렸어요.. 열애 때문이에요??	['형', '수지', '사진', '왜', '머리', '로', '가렸어요', '열애', '때문', '이에요']	0.2434417232854473	0.12
162	162	ApZnqp9_Fzw	아이씨 댓글에서 고양이귀 쓰신것같다고 하니까 진짜로 거기만 보이네 ㅋㅋㅋㅋㅋ<br>더 바디는 개인적으로 구멍뚫린 스토리를 보여주고&#39; 자 반전 어때 소름 돋지?&#39; 라며 이해가 가지않는 결말로 끌고 가는데. 오히려 이렇게 보면 이번 한국 리메이크가 더 재밌을 수도 있겠네요.<br>한국이 스릴러 서스펜스 장르는 기똥차게 만들지 않나요?	['아이', '씨', '댓글', '에서', '고양이귀', '쓰신것', '같다고', '하니까', '진짜', '로', '거기', '만', '보이', '네', '더', '바디', '는', '개인', '적', '으로', '구멍', '뚫린', '스토리', '를', '보여주고', '39', '자', '반전', '어때', '소름', '돋지', '39', '라며', '이해', '가', '가지', '않는', '결말', '로', '끌', '고', '가는데', '오히려', '이렇게', '보면', '이번', '한국', '리메이크', '가', '더', '재밌을', '수도', '있겠네요', '한국', '이', '스릴러', '서스펜스', '장르', '는', '기', '똥', '차게', '만들지', '않나요']	-12.62815720447902	-4.5
163	163	ApZnqp9_Fzw	ㅋㅋ냥이!	['냥', '이']	0.0	0.0
164	164	ApZnqp9_Fzw	선댓후감상	['선', '댓', '후', '감상']	0.0	0.0
165	165	ApZnqp9_Fzw	편집자분이 왜 편집을 안하시는지 알려주세요!	['편집자', '분', '이', '왜', '편집', '을', '안', '하시는지', '알려주세요']	0.0	0.0
166	166	ApZnqp9_Fzw	"Mr. 무비 <a href=""http://mr.movie/"">Mr.movie</a> 개인적인 사정이 있으시겠지만 제가 추측하기론 영래기님은 좀비X 컴퍼티 소속이십니다. 그렇기 때문에 자신의 만드는 동영상 업로드가 늦어지는 것에 차질이 생기면서 발없는새님과 얘기를 나누는 것 같네요"	['Mr', '무비', 'Mrmovie', '개인', '적', '인', '사정', '이', '있으시겠지만', '제', '가', '추측', '하기', '론', '영', '래', '기', '님', '은', '좀비', 'X', '컴', '퍼티', '소', '속', '이십', '니', '다', '그렇기', '때문', '에', '자신', '의', '만드는', '동영상', '업로드', '가', '늦어지는', '것', '에', '차질', '이', '생기면서', '발', '없는', '새', '님', '과', '얘기', '를', '나누는', '것', '같네요']	-2.6620908481510384	-0.98
167	167	ApZnqp9_Fzw	수지 이동욱이랑 사귄다는데..<br><br>유감입니다.발새님	['수지', '이동욱', '이랑', '사귄다는데', '유감', '입니', '다발', '새', '님']	-0.5214100315267423	-0.27
168	168	ApZnqp9_Fzw	더 바디 봐야겟네욧	['더', '바디', '봐야겟', '네', '욧']	-1.3724357368048192	-0.81
169	169	ApZnqp9_Fzw	유튭 실버버튼 이쁘다...	['유튭', '실버', '버튼', '이쁘다']	2.0	1.25
170	170	ApZnqp9_Fzw	한 네티즌은 더 바디를 두고 이렇게 평했었죠. <br>&#39;관객이 전혀 모르던 이야기를 반전이랍시고 던지는 것만큼 치사하고 구린 결말은 없다.&#39;<br><br>원작 영화는 개인적으로 일말의 볼 가치조차 없는 싸구려 반전스릴러였습니다. <br>저걸 사와서 리메이크했다는 사실 자체가 도대체 어디에서 돈을 벌려고 들었던건지 이해가 잘 안되는데 <br>아마 예상과 크게 다르지 않은 영화가 된 것 같네요.	['한', '네티즌', '은', '더', '바디', '를', '두고', '이렇게', '평', '했었죠', '39', '관객', '이', '전혀', '모르던', '이야기', '를', '반전', '이', '랍시고', '던지는', '것', '만큼', '치사하고', '구린', '결말', '은', '없다', '39원', '작', '영화', '는', '개인', '적', '으로', '일말', '의', '볼', '가치', '조차', '없는', '싸구려', '반', '전', '스릴러', '였습니다', '저걸', '사와서', '리메이크', '했다는', '사실', '자체', '가', '도대체', '어디', '에서', '돈', '을', '벌려고', '들었던', '건지', '이해', '가', '잘', '안되는데', '아마', '예상', '과', '크게', '다르지', '않은', '영화', '가', '된', '것', '같네요']	-9.759128463148524	-3.39
171	171	ApZnqp9_Fzw	이런 영화는 <b>많이</b> <b>나와야</b> <b>합니다</b><br>얼마전에 느작없는 게이트를 보러갔는데 역시나 더군요.<br>화가 나서 댓글로 다 표현이 안될정도... 게이트 특집 영상 만들어야 할 각	['이런', '영화', '는', '많이', '나와야', '합니다', '얼마', '전', '에', '느작없는', '게이트', '를', '보러', '갔는데', '역시', '나', '더군요', '화가', '나서', '댓글', '로', '다', '표현', '이', '안될', '정도', '게이트', '특집', '영상', '만들어야', '할', '각']	-0.9087289343399748	-0.36
172	172	ApZnqp9_Fzw	마지막에ㅋㅋㅋㅋㅋㅋㅋ 아ㅋㅋㅋㅋㅋ 원작이 더 바디였군요 에고편보면서 비슷하다라고 생각하는데ㅋㅋㅋㅋ	['마지막', '에', '아', '원작', '이', '더', '바디', '였군요', '에고', '편', '보면서', '비슷하다라고', '생각', '하는데']	0.12378862947492465	0.06
173	173	ApZnqp9_Fzw	발없냥이...형 너무 귀여워열 ㅋㅋㅋㅋ	['발', '없냥', '이형', '너무', '귀여워', '열']	0.11896780041608103	0.07
174	174	ApZnqp9_Fzw	리뷰 보고 글을 남긴다면 예고를 봤을때 완전 표절이구나 더바디의 카메라 구도 편집점등등이 똑같았습니다<br>그냥 스토리만 리메이크를 하고 원작과 다른 연출을 보여줬으면 어땟을까 했는데<br>발새님의 리뷰를 보니 역시나 이네요	['리뷰', '보고', '글', '을', '남긴다면', '예고', '를', '봤을', '때', '완전', '표절', '이구나', '더', '바디', '의', '카메라', '구도', '편집', '점', '등등', '이', '똑같았습니다', '그냥', '스토리', '만', '리메이크', '를', '하고', '원작', '과', '다른', '연출', '을', '보여줬으면', '어땟을까', '했는데', '발새', '님', '의', '리뷰', '를', '보니', '역시', '나', '이네요']	3.524289739281692	1.33
175	175	ApZnqp9_Fzw	항상 재미있게 보고 있습니다~	['항상', '재미있게', '보고', '있습니다']	6.352663255590653	3.97
176	176	ApZnqp9_Fzw	원작은 재미있게 봤습니다 원작 추천추천	['원작', '은', '재미있게', '봤습니다', '원작', '추천', '추천']	4.235148245187805	2.3
177	177	ApZnqp9_Fzw	여전히 접니다 ㅋㅋ	['여전히', '접니다']	0.0	0.0
178	178	ApZnqp9_Fzw	잘 보고 갑니다 :)	['잘', '보고', '갑니다']	3.440975289464205	2.33
179	179	ApZnqp9_Fzw	이런 리뷰도 나쁘지는 않아요 ㅋㅋㅋ 영상 잘보고갑니다~~ (아 그러고보니 이번주에 인피니티워 2번째예고편이 공개된다는 루머가 있습니다. 어디까지 루머이니 확실성은 없네요 ㅠㅠ)	['이런', '리뷰', '도', '나쁘지는', '않아요', '영상', '잘', '보고', '갑니다', '아', '그러고', '보니', '이번', '주', '에', '인피니티', '워', '2', '번', '째', '예고편', '이', '공개', '된다는', '루머', '가', '있습니다', '어디', '까지', '루머', '이니', '확실성', '은', '없네요']	3.989460169644409	1.58
180	180	ApZnqp9_Fzw	선댓 후감상!!	['선댓', '후', '감상']	0.0	0.0
181	181	ApZnqp9_Fzw	I love you!	['I', 'love', 'you']	0.0	0.0
182	182	ApZnqp9_Fzw	아닠ㅋㅋ 뒤애 수지 사진모서리가 발새님 한태 고양이 귀가 있는거처럼ㅋㅋㅋ뽀여욬ㅋㅋㅋㅋㅋ	['아닠', '뒤애', '수지', '사진', '모서리', '가', '발새', '님', '한', '태', '고양이', '귀가', '있는거처럼', '뽀여욬']	0.6275642631951808	0.29
183	183	ApZnqp9_Fzw	어머 전 이제까지 어린 구독자층을 위해 고양이 귀 헤어밴드 했네 하고 넘겼는데 포스터 였군요	['어머', '전', '이제', '까지', '어린', '구', '독자', '층', '을', '위해', '고양이', '귀', '헤어', '밴드', '했네', '하고', '넘겼는데', '포스터', '였군요']	1.404102821112288	0.62
184	184	ApZnqp9_Fzw	아낰ㅋㅋ 이덧글보고 집중이 안됨 ㅠㅠ	['아낰', '이', '덧글', '보고', '집중', '이', '안됨']	1.2175138473813156	0.66
185	185	ApZnqp9_Fzw	남이수길 스캔들 나서 바로 치우신듯합니다	['남', '이수길', '스캔들', '나서', '바로', '치우신듯', '합니다']	0.6275642631951774	0.34
186	186	ApZnqp9_Fzw	ㅇㄴㅋㅋㅌㅋㅋㅋㅋㅋㅌㅋㅋㅋㅋㅋㅋ	[]	0.0	-0.0
187	187	ApZnqp9_Fzw	ㅋㅋㅋ너무웃겨요ㅠ이댓글보고집중이안돼요ㅠ흒ㅋㅋㅋ	['너무', '웃겨요', '이', '댓글', '보고', '집중', '이안', '돼요', '흒']	1.187507353075467	0.61
188	188	ApZnqp9_Fzw	요즘 발새님 여러영화를 리뷰하시네요	['요즘', '발새', '님', '여러', '영화', '를', '리뷰', '하시네요']	2.4854198186730483	1.31
189	189	ApZnqp9_Fzw	요새 밤들어간 영화가 많네요 ㅋㅋㅋ<br>영상 잘보겠습니다 :-)	['요새', '밤', '들어간', '영화', '가', '많네요', '영상', '잘', '보겠습니다']	2.0596039813525566	1.05
190	190	ApZnqp9_Fzw	오히려 이렇게 하시는것이 뭔가 집중이 더 잘되네요	['오히려', '이렇게', '하시는것이', '뭔가', '집중', '이', '더', '잘', '되네요']	2.7589041601106152	1.41
191	191	ApZnqp9_Fzw	뭐 따로 준비하시는게 있으신가?!	['뭐', '따로', '준비', '하시는게', '있으', '신가']	0.0	0.0
192	192	ApZnqp9_Fzw	5등	['5등']	0.0	0.0
193	193	ApZnqp9_Fzw	4등	['4등']	0.0	0.0
194	194	ApZnqp9_Fzw	잘생겼다	['잘생겼다']	0.0	0.0
195	195	ApZnqp9_Fzw	ㅇㅅㅇ	[]	0.0	-0.0
196	196	ApZnqp9_Fzw	또 잠정은퇴는 아니지요 ㅜㅜ	['또', '잠정', '은퇴', '는', '아니지요']	0.0	0.0
197	197	JMxbulUaTgk	걤성ㅋ	['걤성']	0.0	0.0
198	198	JMxbulUaTgk	썸네일참...	['썸네일', '참']	0.0	0.0
199	199	JMxbulUaTgk	단서 3개정도 빼 먹는 건 넘어갈 수 있다고 저희 아빠가 그러는데 저희 아빠가 이해 안되네요.	['단서', '3', '개정', '도', '빼', '먹는', '건', '넘어갈', '수', '있다고', '저희', '아빠', '가', '그러는데', '저희', '아빠', '가', '이해', '안되네요']	-0.8393389021731562	-0.37
200	200	JMxbulUaTgk	혜진이라는 캐릭터가.........	['혜진', '이라는', '캐릭터', '가']	-0.6820711293535895	-0.43
201	201	JMxbulUaTgk	아오 답답하네<br>영화보고  리뷰보러 왔는데  스포 안할려고 정확하게 말하는 부분이 없네.  그냥 다른 리뷰어 처럼 영상초반에 스포할테니까 안볼 사람 보지말라고 해놓고 속시원히좀 하지 <br>가이드영상도 아니고 스포된다고 리뷰도 엉성하고 기억의밤 리뷰가 없어서 어쩔 수 없이 봤다가 중간에 속터져서 댓글단다	['아오', '답답하네', '영', '화보', '고', '리뷰', '보러', '왔는데', '스포', '안', '할려고', '정확하게', '말', '하는', '부분', '이', '없네', '그냥', '다른', '리뷰', '어', '처럼', '영상', '초반', '에', '스포', '할테니까', '안', '볼', '사람', '보지말라고', '해놓고', '속', '시원히', '좀', '하지', '가이드', '영상', '도', '아니고', '스포', '된다고', '리뷰', '도', '엉', '성하고', '기억', '의', '밤', '리뷰', '가', '없어서', '어쩔', '수', '없이', '봤다가', '중간', '에', '속', '터져서', '댓글단다']	0.5549662992406752	0.2
202	202	JMxbulUaTgk	Terry Choi 지금 2위인영화인데 스포하면 고소먹어용	['Terry', 'Choi', '지금', '2', '위인', '영화', '인데', '스포', '하면', '고소', '먹어용']	-2.2166315918830928	-1.09
203	203	JMxbulUaTgk	가장 의문은 도대체 김희애는 이영화를 왜 한걸까...<br>분량이라고 해봐야 시체로 누워있다가 와인 한잔 마시고 분량이 끝남..<br>그리고 내내 이름만 불리고 영화는 끝남.. ㅋㅋㅋㅋ	['가장', '의문', '은', '도대체', '김희애', '는', '이영화', '를', '왜', '한', '걸', '까', '분량', '이라고', '해봐야', '시체', '로', '누워있다가', '와인', '한잔', '마시고', '분량', '이', '끝남', '그리고', '내내', '이름', '만', '불리', '고', '영화', '는', '끝남']	0.4854198186730578	0.19
204	204	JMxbulUaTgk	영화보고 이장면이 어떻고 저 장면이 어떻고 따졌더니 프로불편러 됐는데... <br>이번 영상 너무 공감 ..!!	['영화', '보고', '이장면', '이', '어떻고', '저', '장면', '이', '어떻고', '따졌더니', '프로', '불', '편러', '됐는데', '이번', '영상', '너무', '공감']	2.247111334428027	1.0
205	205	JMxbulUaTgk	저는 김상경 캐릭터 진짜 별로였거든요,,제가 이상하게 본건지 클라이막스에서 연기도 별로였고..더바디를 보지도 않았는데 저는 뒤에 반전이 있을것도 알았고 김상경과 그 여학생이 거짓말을 했을거란것도 알았어요 개연성도 없고너무 중구난방해서 돈 아깝더라구요...	['저', '는', '김상경', '캐릭터', '진짜', '별로', '였거든요', '제', '가', '이상하게', '본', '건', '지', '클라', '이', '막스', '에서', '연기', '도', '별로', '였고', '더', '바디', '를', '보지', '도', '않았는데', '저', '는', '뒤', '에', '반전', '이', '있을것도', '알았고', '김상경', '과', '그', '여학생', '이', '거짓말', '을', '했을거란', '것', '도', '알았어요', '개연', '성도', '없고', '너무', '중구', '난', '방해', '서', '돈', '아깝더라구요']	-9.956646112587618	-3.62
206	206	JMxbulUaTgk	저도 김상경 너무 별로였던..<br>그냥 캐릭터 자체가 영화에서 그냥 붕 뜬 느낌이였어요... 모든 형사들이 어느 영화에서나 나오는 그런 느낌이라해야되나<br>차라리 영화 톤에 맞게 진지한 역할이였다면 그나마 나았을 거 같네요	['저', '도', '김상경', '너무', '별로', '였던', '그냥', '캐릭터', '자체', '가', '영화', '에서', '그냥', '붕', '뜬', '느낌이였어요', '모든', '형사', '들', '이', '어느', '영화', '에서나', '나오는', '그런', '느낌', '이라', '해야되', '나', '차라리', '영화', '톤', '에', '맞게', '진지한', '역할', '이', '였다면', '그나마', '나았을', '거', '같네요']	-0.5491067662828151	-0.21
207	207	JMxbulUaTgk	원작이랄까 더 바디는 긴장감 넘치게 봤는데 한국건 왜 좀 다르게 느껴질까요..ㅜ	['원작', '이', '랄', '까', '더', '바디', '는', '긴장감', '넘치게', '봤는데', '한국', '건', '왜', '좀', '다르게', '느껴질까', '요']	-1.3431145358934156	-0.6
208	208	JMxbulUaTgk	추리물에서 제일 간지나는 부분을 제대로 안할꺼면 왜 추리물 만든거지? 거의 안무서운 호러나 안웃긴 코믹 보는거네	['추리물', '에서', '제일', '간지나는', '부분', '을', '제대로', '안', '할꺼면', '왜', '추리물', '만든거지', '거의', '안', '무서운', '호러', '나', '안', '웃긴', '코믹', '보는거네']	-2.877338136167795	-1.24
209	209	JMxbulUaTgk	이 괜찮은 채널에 구독과 좋아요를!	['이', '괜찮은', '채널', '에', '구독', '과', '좋아요', '를']	-0.4469228841657791	-0.23
210	210	JMxbulUaTgk	엉준님 영상도 아까 잠깐 사라진거같은데	['엉', '준', '님', '영상', '도', '아까', '잠깐', '사라진거', '같은데']	0.9037998364308302	0.46
211	211	JMxbulUaTgk	뭐야 ?? 오늘 왜 잘생겼지	['뭐', '야', '오늘', '왜', '잘생겼지']	0.7765385579171071	0.46
212	212	JMxbulUaTgk	양신 한글인데 왜 일본어같지 ㅋㅋㅋ	['양', '신', '한글', '인데', '왜', '일본어', '같지']	-0.14897429472192636	-0.08
213	213	JMxbulUaTgk	썸네일 음성지원 무엇?	['썸네일', '음성', '지원', '무엇']	0.0	0.0
214	214	D8KceDk1rMA	MI NENE PRECIOSO LPM TE AMO KDDOD	['MI', 'NENE', 'PRECIOSO', 'LPM', 'TE', 'AMO', 'KDDOD']	0.0	0.0
215	215	D8KceDk1rMA	Jion soo cute sksksk	['Jion', 'soo', 'cute', 'sksksk']	0.0	0.0
216	216	D8KceDk1rMA	I love you♥	['I', 'love', 'you']	0.0	0.0
217	217	D8KceDk1rMA	I love your hair	['I', 'love', 'your', 'hair']	0.0	0.0
218	218	D8KceDk1rMA	I love you so muchhhhh	['I', 'love', 'you', 'so', 'muchhhhh']	0.0	0.0
219	219	D8KceDk1rMA	jion your absolutely just gorgeous i don’t care if you had plastic surgery your still beautiful! remember we’re here for you ❤️💞💖💘💓💝🌸 N.tic FIGHTING💘	['jion', 'your', 'absolutely', 'just', 'gorgeous', 'i', 'dont', 'care', 'if', 'you', 'had', 'plastic', 'surgery', 'your', 'still', 'beautiful', 'remember', 'were', 'here', 'for', 'you', 'Ntic', 'FIGHTING']	0.0	0.0
220	220	D8KceDk1rMA	I love you ◕‿◕	['I', 'love', 'you']	0.0	0.0
221	221	D8KceDk1rMA	You are so really really pretty u/////u ;3;	['You', 'are', 'so', 'really', 'really', 'pretty', 'uu', '3']	0.0	0.0
222	222	D8KceDk1rMA	i love you	['i', 'love', 'you']	0.0	0.0
223	223	D8KceDk1rMA	Join you man or no ?	['Join', 'you', 'man', 'or', 'no']	0.0	0.0
224	224	D8KceDk1rMA	Ahh I&#39;m so glad I found out about you guys! I really like your music and you guys are just too cute! Please stay healthy and fighting!	['Ahh', 'I', '39', 'm', 'so', 'glad', 'I', 'found', 'out', 'about', 'you', 'guys', 'I', 'really', 'like', 'your', 'music', 'and', 'you', 'guys', 'are', 'just', 'too', 'cute', 'Please', 'stay', 'healthy', 'and', 'fighting']	-1.6158774600902666	-0.66
225	225	D8KceDk1rMA	Omg 😱	['Omg']	0.0	0.0
226	226	D8KceDk1rMA	NO ES CABALLO, NO ES JINETE<br>              ES TU CORAZÓN<br>         LO USAN COMO JUGUETE:V	['NO', 'ES', 'CABALLO', 'NO', 'ES', 'JINETE', 'ES', 'TU', 'CORAZN', 'LO', 'USAN', 'COMO', 'JUGUETEV']	0.0	0.0
227	227	D8KceDk1rMA	Какой няша😘😋хоть я и нихера не понимаю😄😅🙃	[]	0.0	-0.0
228	228	D8KceDk1rMA	OPPA!!!!! &lt;3	['OPPA', 'lt', '3']	0.0	0.0
229	229	D8KceDk1rMA	Tão lindo meu príncipe 💛	['To', 'lindo', 'meu', 'prncipe']	0.0	0.0
230	230	D8KceDk1rMA	i love cute saludos	['i', 'love', 'cute', 'saludos']	0.0	0.0
231	231	D8KceDk1rMA	u r so cute ahhh	['u', 'r', 'so', 'cute', 'ahhh']	0.0	0.0
232	232	D8KceDk1rMA	What movie did you see?  It looks good	['What', 'movie', 'did', 'you', 'see', 'It', 'looks', 'good']	0.0	0.0
233	233	D8KceDk1rMA	So cute!♥️ stay healthy✨💫	['So', 'cute', 'stay', 'healthy']	0.0	0.0
234	234	D8KceDk1rMA	CUTEEEEEEEEEEEEEEEE &lt;3	['CUTEEEEEEEEEEEEEEEE', 'lt', '3']	0.0	0.0
235	235	D8KceDk1rMA	You look so adorable my emotions shdjekekjd	['You', 'look', 'so', 'adorable', 'my', 'emotions', 'shdjekekjd']	0.0	0.0
236	236	D8KceDk1rMA	Cuuute	['Cuuute']	0.0	0.0
237	237	D8KceDk1rMA	당신은 볼 수 있지만 만질 수없는 사랑스러운 사람 중 한 명입니다.💖	['당신', '은', '볼', '수', '있지만', '만질', '수', '없는', '사랑스러운', '사람', '중', '한', '명', '입니다']	3.9078784548325385	1.82
238	238	D8KceDk1rMA	우왕 저도 사라진 밤 보고 왔는데 ! 영화가 좀 아쉽긴 했던가 같아요 !! 오늘도 잘보고가요😆😆	['우왕', '저', '도', '사라진', '밤', '보고', '왔는데', '영화', '가', '좀', '아쉽긴', '했던가', '같아요', '오늘', '도', '잘', '보고가요']	6.327104604242272	2.84
239	239	D8KceDk1rMA	바람  조금 아쉬웠어요~ㅜ 에헤	['바람', '조금', '아쉬웠어요', '에헤']	0.0	0.0
240	240	D8KceDk1rMA	💖내 마른 체형의 아름다운❤	['내', '마른', '체형', '의', '아름다운']	2.0	1.18
241	241	D8KceDk1rMA	jion💖	['jion']	0.0	0.0
242	242	D8KceDk1rMA	편집능력두 많이 늘었어요 오빠ㅋㅋㅋ👏❤ 다음영상두 빨니 보구파요ㅠㅇㅠ	['편집', '능력', '두', '많이', '늘었어요', '오빠', '다음', '영상', '두', '빨', '니', '보구', '파', '요']	2.5313640996260083	1.18
243	243	D8KceDk1rMA	릭홀  감사합니다~^^ 또 찾아주세요😀	['릭홀', '감사합니다', '또', '찾아주세요']	1.3179288706464107	0.82
244	244	D8KceDk1rMA	😭😭😭😭loveeeeee youuuuuuuuuuuuuuuu opppaaa you are so cuteeeee 😭😭😭😭😭😭 <br>N.tic you are my life loveeeeeee you 😭😭😭😭😭😭😭 what I will do to see you in my country 😭😭😭😭😭😭😭😭😭	['loveeeeee', 'youuuuuuuuuuuuuuuu', 'opppaaa', 'you', 'are', 'so', 'cuteeeee', 'Ntic', 'you', 'are', 'my', 'life', 'loveeeeeee', 'you', 'what', 'I', 'will', 'do', 'to', 'see', 'you', 'in', 'my', 'country']	0.0	0.0
245	245	D8KceDk1rMA	My friend: Eeeeww he looks like a girl!!<br>Me: Bitch look at u, u look disgusting ! NoBOdy sAys ThAt tO mY bIAsEuu!!! WE R NO MORE FRIENDS ! <b>flips hair into her disgusting faceu</b>	['My', 'friend', 'Eeeeww', 'he', 'looks', 'like', 'a', 'girlMe', 'Bitch', 'look', 'at', 'u', 'u', 'look', 'disgusting', 'NoBOdy', 'sAys', 'ThAt', 'tO', 'mY', 'bIAsEuu', 'WE', 'R', 'NO', 'MORE', 'FRIENDS', 'flips', 'hair', 'into', 'her', 'disgusting', 'faceu']	0.0	0.0
246	246	D8KceDk1rMA	anyone else think jion looks like the mask from courage the cowardly dog? i mean this in a complimentary way. he&#39;s beautiful and otherworldly.	['anyone', 'else', 'think', 'jion', 'looks', 'like', 'the', 'mask', 'from', 'courage', 'the', 'cowardly', 'dog', 'i', 'mean', 'this', 'in', 'a', 'complimentary', 'way', 'he', '39', 's', 'beautiful', 'and', 'otherworldly']	-1.6158774600902666	-0.67
247	247	D8KceDk1rMA	배 고파서 그런가.. 영화 보다 나쵸에 더 시선이 가욬ㅋㅋㅋㅋ 나쵸 먹고 싶다ㅜ	['배', '고파서', '그', '런가', '영화', '보다', '나쵸', '에', '더', '시선', '이', '가욬', '나쵸', '먹고', '싶다']	0.15580414492172312	0.07
248	248	D8KceDk1rMA	지온 JION 와.. 떡볶이 ㅜㅜㅜㅜ 저번 승후 오빠 픽 떡볶이다... 떡볶이 먹방 기대 할게요❤️❤️	['지온', 'JION', '와', '떡볶이', '저번', '승후', '오빠', '픽', '떡볶이', '다', '떡볶이', '먹방', '기대', '할게요']	1.0	0.47
249	249	D8KceDk1rMA	로에알  다음은 떡볶이 먹방 영상을 준비했어요~😊	['로', '에', '알', '다음', '은', '떡볶이', '먹방', '영상', '을', '준비', '했어요']	1.6803383943479373	0.82
250	250	D8KceDk1rMA	💖😍	[]	0.0	-0.0
251	251	D8KceDk1rMA	I love you ❤️ 😂	['I', 'love', 'you']	0.0	0.0
252	252	D8KceDk1rMA	Oppa you are so cute ♥️♥️♥️	['Oppa', 'you', 'are', 'so', 'cute']	0.0	0.0
253	253	D8KceDk1rMA	I&#39;m a new fan and I want to tell you I loved your debut ❤I love your voice.Please don&#39;t care about hate comments .Don&#39;t forget be confident and love yourself .If you anytime feel depress talk with the other members or your family .I really hope your career as singer be successful.And please remember we are here for you Jion.<br>💕🙆	['I', '39', 'm', 'a', 'new', 'fan', 'and', 'I', 'want', 'to', 'tell', 'you', 'I', 'loved', 'your', 'debut', 'I', 'love', 'your', 'voicePlease', 'don', '39', 't', 'care', 'about', 'hate', 'comments', 'Don', '39', 't', 'forget', 'be', 'confident', 'and', 'love', 'yourself', 'If', 'you', 'anytime', 'feel', 'depress', 'talk', 'with', 'the', 'other', 'members', 'or', 'your', 'family', 'I', 'really', 'hope', 'your', 'career', 'as', 'singer', 'be', 'successfulAnd', 'please', 'remember', 'we', 'are', 'here', 'for', 'you', 'Jion']	-1.6158774600902666	-0.57
254	254	D8KceDk1rMA	💓💖💘💕💞💖💘💕💗💓💞💗💖💓💞💖💘💕💖💗💓💓💓	[]	0.0	-0.0
255	255	D8KceDk1rMA	Omg I love the way you eat!! ^^	['Omg', 'I', 'love', 'the', 'way', 'you', 'eat']	0.0	0.0
256	256	D8KceDk1rMA	영화 다 같이 모여서 보니까 좋네요	['영화', '다', '같이', '모', '여서', '보', '니까', '좋네요']	0.006829850199800092	0.0
257	257	D8KceDk1rMA	루시아  🙋😀	['루시아']	0.0	0.0
258	258	D8KceDk1rMA	QUE HERMOSO ERES ❤️	['QUE', 'HERMOSO', 'ERES']	0.0	0.0
259	259	D8KceDk1rMA	15 view!!!! Went to cinema?? Great	['15', 'view', 'Went', 'to', 'cinema', 'Great']	0.0	0.0
260	260	D8KceDk1rMA	omg why are so cute 😍😍	['omg', 'why', 'are', 'so', 'cute']	0.0	0.0
261	261	D8KceDk1rMA	how can a human be so cute?! 😭💝 oh my god <br><br>😂😂😂aaand Wogi still fixing his hair in front of the camera as usual I see	['how', 'can', 'a', 'human', 'be', 'so', 'cute', 'oh', 'my', 'god', 'aaand', 'Wogi', 'still', 'fixing', 'his', 'hair', 'in', 'front', 'of', 'the', 'camera', 'as', 'usual', 'I', 'see']	0.0	0.0
262	262	D8KceDk1rMA	Beautiful as always! Stay healthy! ❤️	['Beautiful', 'as', 'always', 'Stay', 'healthy']	0.0	0.0
263	263	HT_0CVs_tGU	이 영화 봤는데 그걸 이렇게 만들어버리넼ㅋㅋㅋㅋㅋ 너무 웃겨용ㅋㅋㅋㅋㅋ	['이', '영화', '봤는데', '그걸', '이렇게', '만들어', '버리', '넼', '너무', '웃겨용']	0.8730150076215795	0.44
264	264	HT_0CVs_tGU	이거뭔데 존잼이네	['이', '거', '뭔', '데', '존잼', '이네']	0.0	0.0
265	265	HT_0CVs_tGU	굉장히 빠르다...	['굉장히', '빠르다']	1.0	0.77
266	266	HT_0CVs_tGU	ㅋㅋㅋㅋ이거보옄ㅋㅋ	['이거보옄']	0.0	0.0
267	267	HT_0CVs_tGU	ㅋㅋㅋㅋㅋㅋㅋㅋ 이거뭐여	['이', '거뭐', '여']	0.0	0.0
268	268	HT_0CVs_tGU	옹ㅇㆍ모 오모시로이!!!!	['옹모', '오', '모', '시', '로이']	0.0	0.0
269	269	HT_0CVs_tGU	댓글 1빠♥	['댓글', '1', '빠']	-0.1489742947219297	-0.1
270	270	EqpmSRwwoA4	한지아 씨 연기력 좋더군요	['한지', '아', '씨', '연기력', '좋더군요']	0.0	0.0
