	Unnamed: 0	id	sentence	comment_cut	score	ratio
0	0	Pa8NU9_7Lw0	ㅁㅊㅋㅋㅋ뒤에티비ㅋㅋㅋㅋ시강 박나래ㅋㅋㅋ언니	['뒤', '에', '티비', '시', '강', '박나래', '언니']	-0.8842282173954801	-0.48
1	1	Pa8NU9_7Lw0	믿고보는 마동석.	['믿고', '보는', '마동석']	0.34731534781355977	0.24
2	2	Pa8NU9_7Lw0	난 마동석이 젤 웃겨 ㅋㅋㅋㅋㅋㅋㅋ	['난', '마동석', '이', '젤', '웃겨']	0.23154356520903985	0.14
3	3	Pa8NU9_7Lw0	부라더 꿀잼입니다.   적극  추천	['부라', '더', '꿀잼', '입니다', '적극', '추천']	1.7065136321165086	0.96
4	4	Pa8NU9_7Lw0	유민상 아닌가요? ㅋㅋ	['유민상', '아닌가요']	0.0	0.0
5	5	Pa8NU9_7Lw0	?? 조세호??	['조세호']	0.0	0.0
6	6	Pa8NU9_7Lw0	걱정멜롴ㅋㅋㅋㅋㅋㅋㅋㅋㅋㅋㅋㅋㅋㅋ	['걱정', '멜롴']	-2.0	-1.54
7	7	Pa8NU9_7Lw0	상남자네 멋지다~~	['상남자', '네', '멋지다']	2.0	1.35
8	8	Pa8NU9_7Lw0	1편어디감??	['1', '편어디', '감']	0.0	0.0
9	9	Pa8NU9_7Lw0	"요깄지용~ ☞ <a href=""https://youtu.be/vauyiQApC-4"">https://youtu.be/vauyiQApC-4</a>"	['요', '깄', '지용', 'httpsyoutubevauyiQApC', '4']	0.0	0.0
10	10	Pa8NU9_7Lw0	썸네일부터 빵터진닼ㅋㅋㅋㅋ	['썸네일', '부터', '빵터진', '닼']	0.0	0.0
11	11	Pa8NU9_7Lw0	이거본날 재밌을거라 믿고 바로 cgv가서 부라더 기대하고 봤는데 ,, ㅠ	['이', '거', '본', '날', '재밌을거라', '믿고', '바로', 'cgv', '가서', '부라', '더', '기대하고', '봤는데']	2.578858913022598	1.22
12	12	Pa8NU9_7Lw0	마블리 넘나 기여운 것!	['마블리', '넘나', '기', '여운', '것']	0.0	0.0
13	13	Pa8NU9_7Lw0	도대체 어떻게 저렇게까지 분장을 하지 ? ㅋㅋㅋ<br>출연자마다 거의 쌍둥이네 ...	['도대체', '어떻게', '저렇게', '까지', '분장', '을', '하지', '출연자', '마다', '거의', '쌍둥이', '네']	0.4630871304180797	0.22
14	14	Pa8NU9_7Lw0	이거너무꿀잼인듯ㅋㅋㅋㅋㅋㅋㅋㅋㅋㅋㅋ앜ㅋㅋㅋㅋ봐도봐도웃겨	['이', '거너', '무꿀', '잼인듯', '앜', '봐도', '봐도', '웃겨']	0.0	0.0
15	15	Pa8NU9_7Lw0	헐 하트주셨었군요!! 복붙쇼잘보고있습니다 크크~	['헐', '하트', '주셨었군요', '복', '붙', '쇼', '잘', '보고있습니다', '크크']	1.0	0.51
16	16	Pa8NU9_7Lw0	기다렸어욬ㅋㅋㅋㅋㅋ 나래언니 너무좋아요ㅠㅠㅠ♡♡♡	['기다렸어', '욬', '나래', '언니', '너무', '좋아요']	0.23154356520903985	0.13
17	17	Pa8NU9_7Lw0	아이코~ 감사합니다~!!	['아이코', '감사합니다']	0.0	0.0
18	18	Pa8NU9_7Lw0	아이고ㅋㅋㅋㅋㅋㅋㅋ웃다가힘들정도로 웃겨요	['아이고', '웃다가', '힘들', '정도', '로', '웃겨요']	-2.0	-1.12
19	19	Pa8NU9_7Lw0	상큼하게 터져볼래ㅋㅋㅋㅋㅋ	['상큼', '하게', '터져', '볼', '래']	0.0	0.0
20	20	Pa8NU9_7Lw0	마동석 옆에 느끼하게 생긴 아저씨는 누구인가요?	['마동석', '옆', '에', '느끼하게', '생긴', '아저씨', '는', '누구', '인가요']	-1.5369128695819203	-0.79
21	21	Pa8NU9_7Lw0	김구라 아니에요???	['김구라', '아니에요']	0.0	0.0
22	22	Pa8NU9_7Lw0	야구선수랑 경찰 영화로 다 이루셨네 ㅋㅋ	['야구선수', '랑', '경찰', '영화로', '다', '이루셨네']	-0.8842282173954801	-0.5
23	23	Pa8NU9_7Lw0	tvㅋㅋㅋㅋㅋㅋㅋㅋㅋㅋㅋㅋㅋㅋㅋㅋㅋㅋㅋㅋ	['tv']	0.0	0.0
24	24	Pa8NU9_7Lw0	상큼하게!!!터져볼래!!!ㅋㅋㅋㅋㅋㅋ	['상큼', '하게', '터져', '볼', '래']	0.0	0.0
25	25	Pa8NU9_7Lw0	아진짜 박나래 개사랑해 ㅋㅋㅋㅋㅋㅋㅋㅋㅋㅋㅋㅋㅋ	['아', '진짜', '박나래', '개사', '랑', '해']	-2.65268465218644	-1.49
26	26	Pa8NU9_7Lw0	아이 C 할 때 터졌다 ㅋㅋㅋㅋㅋㅋㅋㅋ	['아이', 'C', '할', '때', '터졌다']	0.0	0.0
27	27	Pa8NU9_7Lw0	진짜 안똑같다 ㄹㅇ 재미없음..	['진짜', '안', '똑같다', '재미없음']	0.23154356520903985	0.14
28	28	Pa8NU9_7Lw0	난 존나 재밌는데 넌 왜재미없냐	['난', '존나', '재밌는데', '넌', '왜', '재미없냐']	0.0	0.0
29	29	Pa8NU9_7Lw0	머리 짜르고 더귀여워 지신듯ㅋㅋㅋㅋㅋㅋㅋㅋㅋ	['머리', '짜르', '고', '더', '귀여워', '지', '신', '듯']	0.0	0.0
30	30	Pa8NU9_7Lw0	까ㅑ야야야ㅑㅇ아!! 나왔어 나왔어!!	['까야야야아', '나왔어', '나왔어']	0.0	0.0
31	31	Pa8NU9_7Lw0	보면볼수록 마동석보다 유민상닮앗자나!! ㅋㅋㅋㅋ	['보면', '볼수록', '마동석', '보다', '유민상', '닮앗', '자', '나']	0.23154356520904185	0.12
32	32	Pa8NU9_7Lw0	Jiyoung Kim  와 같은 생각하시는 분이 계셨내 씹인정	['Jiyoung', 'Kim', '와', '같은', '생각', '하시는', '분', '이', '계셨내', '씹', '인정']	1.88422821739548	0.92
33	33	Pa8NU9_7Lw0	뒤에 티비 ㅈㄴ 웃기네 ㅋㅋㅋㅋㅋㅋㅋㅋㅋㅋㅋㅋㅋㅋㅋ	['뒤', '에', '티비', '웃기', '네']	0.0	0.0
34	34	Pa8NU9_7Lw0	박나래씨가 대세네 ㅋㅋ마동석씨 너무좋다	['박나래', '씨', '가', '대세', '네', '마동석', '씨', '너무', '좋다']	1.5788589130225996	0.81
35	35	Pa8NU9_7Lw0	뒤에 시강ㅋㅋㅋㅋㅋㅋㅋㅋㅋㅋㅋㅋㅋㅋㅋㅋㅋㅋㅋㅋㅋㅋㅋㅋㅋㅋㅋㅋ	['뒤', '에', '시', '강']	0.0	0.0
36	36	Pa8NU9_7Lw0	ㅋㅋㅋㅋㅋㅋㅋㅋㅋㅋㅋㅋㅋㅋㅋㅋㅋㅋㅋㅋㅋㅋㅋㅋㅋㅋㅋㅋㅋㅋㅋㅋㅋㅋㅋㅋㅋㅋㅋㅋ뒤에 개웃겨요 진짜	['뒤', '에', '개', '웃겨요', '진짜']	0.23154356520903985	0.14
37	37	Pa8NU9_7Lw0	ㅋㅋㅋㅋㅋㅋ	[]	0.0	-0.0
38	38	Pa8NU9_7Lw0	ㅋㄲㄱㅋ커엽 팡팡	['커엽', '팡팡']	0.0	0.0
39	39	Pa8NU9_7Lw0	뒤에서 계속 족팡매ㅋㅋㅋㄱㅋ	['뒤', '에서', '계속', '족', '팡', '매']	-0.8842282173954801	-0.5
40	40	Pa8NU9_7Lw0	우앙	['우', '앙']	0.0	0.0
41	41	5f3fhwO1K6I	보기 애매한 영화 보기전에 라이너님 리뷰덕에 아낀돈만 얼마인지 항상 감사합니다 ㅎㅎㅎ	['보기', '애매한', '영화', '보기전에', '라이너', '님', '리뷰', '덕', '에', '아낀', '돈', '만', '얼마', '인지', '항상', '감사합니다']	2.297255481628495	1.04
42	42	5f3fhwO1K6I	주관적이라고는 하지만 내가 보기에는 그냥 기회주의적인 사람인듯 영화 좀 좋게 나왔다 하면 칭송하고 안좋게 나오면 한없이 깎아내리네 영화에 대해 이해도 잘 못하는 것 같고 주관적인 생각입니다	['주관', '적', '이라고는', '하지만', '내', '가', '보기', '에는', '그냥', '기회', '주의', '적', '인', '사람인', '듯', '영화', '좀', '좋게', '나왔다', '하면', '칭송', '하고', '안좋게', '나오면', '한없이', '깎아', '내리네', '영화', '에', '대해', '이해도', '잘', '못', '하는', '것', '같고', '주관', '적', '인', '생각', '입니다']	6.181483699023977	2.37
43	43	5f3fhwO1K6I	난그래도되게재밌게봤는대	['난', '그래도', '되게', '재밌게', '봤는대']	-2.65268465218644	-1.56
44	44	5f3fhwO1K6I	이영화 슬프고 무섭고 웃김	['이영화', '슬프고', '무섭고', '웃김']	-4.8842282173954805	-3.05
45	45	5f3fhwO1K6I	웃기려고 작정하고 만든 영화가 성공하는 건 못봤네요	['웃기려고', '작정', '하고', '만든', '영화', '가', '성공하는', '건', '못', '봤네요']	0.8222854147210286	0.41
46	46	5f3fhwO1K6I	뭐 뻔한 코미디 신파극이었지만, 극장에서 사람들 다 웃으면서 재밌게 보고 나왔네요. 그냥 가볍게 볼려고 하는 영화.	['뭐', '뻔한', '코미디', '신파극', '이었지만', '극장', '에서', '사람', '들', '다', '웃으면서', '재밌게', '보고', '나왔네요', '그냥', '가볍게', '볼려고', '하는', '영화']	-2.660798474930834	-1.17
47	47	5f3fhwO1K6I	저는 방금 봤는데 이번영화 되게 재미있었고<br>또 마지막에 엄청 울었어요ㅠ<br>후기보면 다들 재미없다 거기서거기다 라고 하시는데<br>개인적으로 완전 제 취향이었습니다<br>코미디인데도 감정적이고  슬픈면도 많이 있었습니다<br>개인적으로 강추드려요	['저', '는', '방금', '봤는데', '이번', '영화', '되게', '재미있었고', '또', '마지막', '에', '엄청', '울었어요', '후기', '보면', '다', '들', '재미없다', '거기', '서', '거기', '다', '라고', '하시는데', '개인', '적', '으로', '완전', '제', '취향', '이었습니다', '코미디', '인데', '도', '감정', '적', '이고', '슬픈면도', '많이', '있었습니다', '개인', '적', '으로', '강추', '드려요']	-17.39919180277052	-6.56
48	48	5f3fhwO1K6I	사람들 웃다가 막 울고 저도 재밌게 봤어요 ㅋㅋ	['사람', '들', '웃다가', '막', '울', '고', '저', '도', '재밌게', '봤어요']	-0.29348636788349136	-0.15
49	49	5f3fhwO1K6I	무슨 종손이 고향을 벗어나서 딴 데서 사냐. 가문에 신경도 안 쓰고.. 그렇게 맘대로 살거면 종손이라고 떠들지를 말던가.. <br>영화뿐 아니라 현실에서도 간혹 그런 사람들이 있더라.	['무슨', '종손', '이', '고향', '을', '벗어나서', '딴', '데', '서', '사냐', '가문', '에', '신경', '도', '안', '쓰고', '그렇게', '맘대로', '살거면', '종손', '이라고', '떠들지를', '말던가', '영화', '뿐', '아니라', '현실', '에서도', '간혹', '그런', '사람', '들', '이', '있더라']	0.2972554816284973	0.12
50	50	5f3fhwO1K6I	가족들과 가볍게 보는 거라면 추천할만합니다 ㅎㅎ	['가족', '들', '과', '가볍게', '보는', '거', '라면', '추천', '할만', '합니다']	-3.65268465218644	-1.83
51	51	5f3fhwO1K6I	아 꿀언니.. ㅠㅠ	['아', '꿀', '언니']	0.0	0.0
52	52	5f3fhwO1K6I	전 무지 재밌던데 영화장 에서도 사람들 엄첨 웃음 완전꿀잼	['전', '무지', '재밌던데', '영화', '장', '에서도', '사람', '들', '엄첨', '웃음', '완전', '꿀잼']	2.644570829442056	1.27
53	53	5f3fhwO1K6I	제가 유일하게 영화를 보다가 중간에 쪽잠을 잔 영화입니다..<br>정말 꿀잠 잣던 영화입니다.<br><br>이전에 희생부활자를 봤는대<br>그때는 표값이 아깝지가 않았는대 <br><br>이 영화는 정말 아깝더라구요	['제', '가', '유일하게', '영화', '를', '보다가', '중간', '에', '쪽잠', '을', '잔', '영화', '입니다', '정말', '꿀잠', '잣던', '영화', '입니다이전에', '희생', '부활', '자', '를', '봤는대', '그때', '는', '표값', '이', '아깝지가', '않았는대', '이', '영화', '는', '정말', '아깝더라구요']	2.8879973311404865	1.14
54	54	5f3fhwO1K6I	하관장면을 위해서 모든 장면들이 의미없이 만들어지는 느낌이었어요 <br>가벼워도 너무 가볍고 그저 의식의 흐름대로 흘러가는 영화였습니다 아니 흐름도 없이 잉? 뭐야 하고 최근에 하는 억지로 웃음짜내는 영화중에서 끝판왕같았습니다	['하관', '장면', '을', '위해', '서', '모든', '장면', '들', '이', '의미', '없이', '만들어지는', '느낌이었어요', '가벼워도', '너무', '가볍고', '그저', '의식', '의', '흐름', '대로', '흘러가는', '영화', '였습니다', '아니', '흐름', '도', '없이', '잉', '뭐', '야', '하고', '최근', '에', '하는', '억지로', '웃음', '짜내는', '영화', '중', '에서', '끝판', '왕', '같았습니다']	-15.936104672352446	-6.03
55	55	5f3fhwO1K6I	자기만의 생각이 있겠지만 진짜 너무 부정적이고 고상한척...라이너님이 영화감독하면 세계적인 작품 나오겠네요	['자기', '만의', '생각', '이', '있겠지만', '진짜', '너무', '부정', '적', '이고', '고상한', '척', '라이너', '님', '이', '영화감독', '하면', '세계', '적', '인', '작품', '나오겠네요']	-3.2515403244428236	-1.39
56	56	5f3fhwO1K6I	뮤지컬은 좋았는데.. 영화로 하기에는 부족한 줄거리긴 하죠	['뮤지컬', '은', '좋았는데', '영화로', '하기에는', '부족한', '줄거리', '긴', '하죠']	-3.76845643479096	-1.93
57	57	5f3fhwO1K6I	뮤지컬은 재미있게봐서 영화도 보려고 했는데....... 슬프네요 별로라니까ㅠㅠㅠㅠㅠ	['뮤지컬', '은', '재미있게', '봐서', '영화', '도', '보려고', '했는데', '슬프네요', '별로', '라니까']	1.7065136321165086	0.84
58	58	5f3fhwO1K6I	뭐 교훈은 있었어요.........제사좀 정당히 하자. 며느리들 골병난다 끝.	['뭐', '교훈', '은', '있었어요', '제', '사', '좀', '정당히', '하자', '며느리', '들', '골병', '난다', '끝']	1.0	0.47
59	59	5f3fhwO1K6I	시작 멘트가 바뀌어서 많은 공격으로 맘이 상한듯 하네요. 영화관계자들이야 많이봐야 수익이 될테니 라이너님 까는 영상이 좋지 않겠지만 일반 시청자들은 덕분에 시간낭비 돈낭비 하지 않을수 있어 좋지요^^ 화이팅!<br><br>이제는 영상 듣다보면 대충 평점감이 오네요^^<br>수고하세요	['시작', '멘트', '가', '바뀌어서', '많은', '공격', '으로', '맘', '이', '상한', '듯', '하네요', '영화', '관계자', '들', '이야', '많이', '봐야', '수익', '이', '될테니', '라이너', '님', '까는', '영상', '이', '좋지', '않겠지만', '일반', '시청자', '들', '은', '덕분', '에', '시간', '낭비', '돈', '낭비', '하지', '않을수', '있어', '좋지요', '화이팅', '이제', '는', '영상', '듣다', '보면', '대충', '평점', '감', '이', '오네요', '수고', '하세요']	-29.998047475026908	-10.95
60	60	5f3fhwO1K6I	훔.. 갠적으루느끼기에요 선생님.. 이 영화가 그나마 볼만한 부분이 있다라고 얘기하지 않을거면 왜 구구절절 재미없다고 해야 하나요? 차라리 1분만에 액기스만 모아서 하면 좀더 시원시원하고 재밌을거 같은데<br>교훈도 없고.. 정말 그렇게 별로인가 싶어서 오히려 호기심 땡기는 영화로 바뀌었어요 ㅋㅋ	['훔', '갠', '적으', '루', '느끼', '기', '에요', '선생님', '이', '영화', '가', '그나마', '볼', '만', '한', '부분', '이', '있다라고', '얘기', '하지', '않을거면', '왜', '구', '구', '절절', '재미없다고', '해야', '하나요', '차라리', '1분', '만에', '액기스', '만', '모아서', '하면', '좀더', '시원시원하고', '재밌을거', '같은데', '교훈', '도', '없고', '정말', '그렇게', '별로', '인가', '싶어서', '오히려', '호기심', '땡기는', '영화로', '바뀌었어요']	3.528799046837537	1.3
61	61	5f3fhwO1K6I	이영화는 감독 보면 딱 답이 나옵니다. 정말 유명한분입니다. 이분이 왜이리 투자 받아서.. 영화를 만들수 있는지 놀라운 능력에 대해서 후학들에게 가르침 주었으면합니다.<br>어느세계던지.능력비해 고평가 받는사람 있습니다. 이분에 전작도 놀라운 캐스팅 놀랍도록 능력없는 연출..<br>보통작 찍어내는 감독..	['이영화', '는', '감독', '보면', '딱', '답', '이', '나옵니다', '정말', '유명한', '분', '입니다', '이분', '이', '왜', '이리', '투자', '받아서', '영화', '를', '만들수', '있는지', '놀라운', '능력', '에', '대해', '서', '후학', '들', '에게', '가르침', '주었으면', '합니다', '어느', '세계', '던지', '능력', '비해', '고', '평가', '받는', '사람', '있습니다', '이분', '에', '전작', '도', '놀라운', '캐스팅', '놀랍도록', '능력', '없는', '연출', '보통', '작', '찍어내는', '감독']	6.057598093675076	2.2
62	62	5f3fhwO1K6I	이하늬 첫등장과 동시에 누군지 알겠드라구요ㅋㅋㅋㅋ근데 저는 나름 재밌게 봤어요 이런 영화인줄 알았거든요....	['이하늬', '첫등장', '과', '동시', '에', '누군지', '알겠', '드', '라', '구', '요', '근', '데', '저', '는', '나름', '재밌게', '봤어요', '이런', '영화인', '줄', '알았거든요']	-0.8842282173954801	-0.38
63	63	5f3fhwO1K6I	라이너님 의견에 많은점 동감합니다<br>짜잘한 웃음 몇개던지고 마무리는 신파	['라이너', '님', '의견', '에', '많은', '점', '동감', '합니다', '짜잘', '한', '웃음', '몇개', '던지고', '마무리', '는', '신파']	-2.0619428026744515	-0.94
64	64	5f3fhwO1K6I	해피데스데이더 해주세요!!!	['해피', '데스', '데이', '더', '해주세요']	0.0	0.0
65	65	5f3fhwO1K6I	속이 뻥뚫리는 리뷰 ~~~ 좋아	['속이', '뻥', '뚫리는', '리뷰', '좋아']	2.0	1.18
66	66	5f3fhwO1K6I	이 리뷰 기다리고 있었습니다<br>언제나 감사합니다	['이', '리뷰', '기다리고', '있었습니다', '언제나', '감사합니다']	-0.8842282173954801	-0.5
67	67	5f3fhwO1K6I	리뷰이따구로 할거면 하지마;; 이 영화좋아하는 사람은 개쓰래기되넼ㅋㅋ 물론 이분의 관점이지만 자신의 관점이니 양해부탁도안함 병신 ㅋ	['리뷰', '이따', '구로', '할거면', '하지마', '이', '영화', '좋아하는', '사람', '은', '개', '쓰래', '기되', '넼', '물론', '이분', '의', '관점', '이지만', '자신', '의', '관점', '이니', '양해', '부탁', '도', '안함', '병신']	4.760342612046573	1.95
68	68	5f3fhwO1K6I	재넌빠돌이 ㅇㅈ	['재넌', '빠돌이']	0.0	0.0
69	69	5f3fhwO1K6I	뭐라고 ㅋㅋㅋㅋ 웃기거든 지금 이 동영상에서 하는말이 더웃긴0ㅋㅋㅋ	['뭐라고', '웃기거든', '지금', '이', '동영상', '에서', '하는말이', '더', '웃긴', '0']	-1.5369128695819203	-0.77
70	70	5f3fhwO1K6I	초반에 좀 보니깐 스토리가 뻔하더라고요 그사람이 귀신인지 그 귀신이 누구인지도 바로 알겠더라구요 ~<br>억지스러운 재미 ㅋㅋ 뭐 그래도 웃었으면 됬어요 스토리는 재미있지도 않고 감동스러운 장면이 좀다가다 뜸금없이 웃긴장면 나오는것도 ㅋㅋ 이상하고 ㅋㅋ<br>그냥 그랬던영화였어요	['초반', '에', '좀', '보', '니깐', '스토리', '가', '뻔하더라고요', '그', '사람', '이', '귀신', '인지', '그', '귀신', '이', '누구', '인지도', '바로', '알겠더라구요', '억지스러운', '재미', '뭐', '그래도', '웃었으면', '됬어요', '스토리', '는', '재미있지도', '않고', '감동', '스러운', '장면', '이', '좀다가다', '뜸금', '없이', '웃긴', '장면', '나오는것도', '이상하고', '그냥', '그랬던', '영화', '였어요']	-13.692678170654016	-5.16
71	71	5f3fhwO1K6I	해피데스데이재미있었는데  리뷰좀요	['해피', '데스', '데이', '재미있었는데', '리뷰', '좀', '요']	0.0	0.0
72	72	5f3fhwO1K6I	귀신이여? ㅋㅋㅋㅋㅋ	['귀신', '이여']	-0.8842282173954801	-0.68
73	73	5f3fhwO1K6I	ㅋㅋ 줄거리가 그게 다라면 참 단촐합니다.	['줄거리', '가', '그게', '다라', '면', '참', '단', '촐', '합니다']	-1.7684564347909602	-0.9
74	74	5f3fhwO1K6I	라이너님 뉴니스도 봐주세요!	['라이너', '님', '뉴', '니스', '도', '봐주세요']	-0.5250299330925314	-0.3
75	75	5f3fhwO1K6I	코미디아닌 코미디영화..	['코미디', '아닌', '코미디', '영화']	-0.29348636788349136	-0.18
76	76	5f3fhwO1K6I	좋아요!	['좋아요']	0.0	0.0
77	77	5f3fhwO1K6I	하트주세요 사랑하는 라이너님	['하트', '주세요', '사랑', '하는', '라이너', '님']	1.7065136321165066	0.96
78	78	5f3fhwO1K6I	이동휘 나와서 보려고했는데... .. ......................	['이동휘', '나와서', '보려고', '했는데']	0.0	0.0
79	79	5f3fhwO1K6I	보세요 실제로봤는데 꿀잼	['보세요', '실제', '로', '봤는데', '꿀잼']	2.34731534781356	1.38
80	80	5f3fhwO1K6I	이건 그냥그런 영화 같아요	['이건', '그냥', '그런', '영화', '같아요']	0.3591982843029509	0.21
81	81	5f3fhwO1K6I	이 영화가 100만 관객 돌파한 게 정말 운이 좋다고 생각해요. 요즘 트렌드가 밝고 웃긴 영화가 먹히는 트렌드라..ㅎ	['이', '영화', '가', '100만', '관객', '돌파', '한', '게', '정말', '운', '이', '좋다고', '생각', '해요', '요즘', '트렌드', '가', '밝고', '웃긴', '영화', '가', '먹히는', '트렌드', '라']	8.644570829442056	3.63
82	82	5f3fhwO1K6I	라이너 오랜만에 화~ 났당 ㅎㅎㅎ	['라이너', '오랜', '만', '에', '화', '났당']	-2.5250299330925308	-1.42
83	83	5f3fhwO1K6I	마요미 매력의 유통기한은 언제까지인가~ 😀	['마', '요미', '매력', '의', '유통', '기한', '은', '언제', '까지', '인가']	0.0	0.0
84	84	5f3fhwO1K6I	이영화 나름기대했는데  아쉽네	['이영화', '나름', '기대했는데', '아쉽네']	-0.8842282173954801	-0.55
85	85	5f3fhwO1K6I	어짜피  기대도 안했어요ㅋ 리뷰 감사합니다	['어짜피', '기대도', '안', '했어요', '리뷰', '감사합니다']	0.0	0.0
86	86	5f3fhwO1K6I	이런 블랙 코메디의 특성이 과정되고 과한 오버연기에 있죠..ㅋㅋ<br>현실성이 전혀 없는 이야기를 하는게 너무나도 자연스런 그런 것 같은데요.<br>단지 어떤 요소로 코믹한 부분을 보여주냐에 따라 달린거라.ㅋㅋ 웃자고 만든거 그냥 한번 웃어주면 되는거죠.ㅋㅋㅋ	['이런', '블랙', '코메디', '의', '특성', '이', '과정', '되고', '과', '한', '오버', '연기', '에', '있죠', '현실', '성', '이', '전혀', '없는', '이야기', '를', '하는게', '너무나도', '자연스런', '그런', '것', '같은데요', '단지', '어떤', '요소', '로', '코믹', '한', '부분', '을', '보여주냐에', '따라', '달린거라', '웃자고', '만든거', '그냥', '한번', '웃어주면', '되는거죠']	-1.1157717826045181	-0.42
87	87	5f3fhwO1K6I	기다렸습니다.	['기다렸습니다']	0.0	0.0
88	88	5f3fhwO1K6I	빠르면 내년 설 늦으면 추석에 볼 수 있을것만 같은 영화네요	['빠르면', '내년', '설', '늦으면', '추석', '에', '볼', '수', '있을것만', '같은', '영화', '네', '요']	0.5907418495119887	0.28
89	89	5f3fhwO1K6I	성리학을 신봉하는 종갓집의 가보가 불상이라는 점부터도 이상하네요	['성리학', '을', '신봉', '하는', '종', '갓집', '의', '가보', '가', '불상', '이라는', '점', '부터도', '이상하네요']	0.2315435652090381	0.11
90	90	5f3fhwO1K6I	어휴 라이너님, 쉬엄쉬엄하세요. 이정도 페이스면 잠자는 시간빼곤 영상 녹음이랑 편집만 하시는듯	['어휴', '라이너', '님', '쉬엄쉬엄', '하세요', '이정', '도', '페이스', '면', '잠자는', '시간', '빼곤', '영상', '녹음', '이랑', '편집', '만', '하시는듯']	-3.830399237465416	-1.7
91	91	5f3fhwO1K6I	리뷰에 앞서서 온갖 경고를 해야되는 현실이 슬프네요. 라이너님 화이팅~	['리뷰', '에', '앞서서', '온갖', '경고', '를', '해야', '되는', '현실', '이', '슬프네요', '라이너', '님', '화이팅']	-2.293486367883492	-1.07
92	92	5f3fhwO1K6I	뚱뚱한 미국인 마동석을 왜 좋아하는 걸까	['뚱뚱한', '미국인', '마동석', '을', '왜', '좋아하는', '걸까']	-0.5369128695819243	-0.29
93	93	5f3fhwO1K6I	고생하셨습니다	['고생', '하셨습니다']	0.0	0.0
94	94	5f3fhwO1K6I	영화감독을 꿈꾸는 제가 컬쳐쇼크를 볼 때마다 느끼는게..<br>난중에 엄청 욕먹을까 무섭네요 ㅎㄷㄷㄷ	['영화감독', '을', '꿈꾸는', '제', '가', '컬쳐쇼크', '를', '볼', '때', '마다', '느끼는게', '난중', '에', '엄청', '욕먹을까', '무섭네요']	-1.5369128695819203	-0.7
95	95	5f3fhwO1K6I	나중에 정말 좋은 영화를 만들어야 겠네요! 조언 감사합니다!	['나중', '에', '정말', '좋은', '영화', '를', '만들어야', '겠네요', '조언', '감사합니다']	4.297255481628497	2.15
96	96	5f3fhwO1K6I	걱정마세요 ㅋㅋㅋ 평론가 혹평대로 되는 영화 생각보다 많이 없더군요. 이 영화만해도 이분이 이렇게 까고 있지만 벌써 손익분기점에 다다른 상황입니다. 물론 내용의 한계로 주연배우빨 혹은 경쟁작의 유무에 따라 손익이 결정되는데, 그게 지금 정확히 맞아 떨어지고 있으니까요. 평론가는 기자 혹은 프리랜서 즉 외부인 입니다. 영화감독으로써 돈을 지원해주는 것은 영화사와 스폰서니 일차적으로 그 관계를 잘 유지하시면 되요. 또 중요한건 개봉해서 관객들이 얼마나 표를 사주는가인데, 이게 평론과 직접적인 관련이 없습니다.	['걱정', '마세요', '평론가', '혹평', '대로', '되는', '영화', '생각', '보다', '많이', '없더군요', '이', '영화', '만해', '도', '이분', '이', '이렇게', '까고', '있지만', '벌써', '손익', '분기점', '에', '다다른', '상황', '입니다', '물론', '내용', '의', '한계', '로', '주연', '배우', '빨', '혹은', '경쟁', '작', '의', '유무', '에', '따라', '손익', '이', '결정', '되는데', '그게', '지금', '정확히', '맞아', '떨어지고', '있으니까', '요', '평론가', '는', '기자', '혹은', '프리랜서', '즉', '외부', '인', '입니다', '영화감독', '으로써', '돈', '을', '지원', '해주는', '것', '은', '영화사', '와', '스폰서', '니', '일차', '적', '으로', '그', '관계', '를', '잘', '유지', '하시면', '되요', '또', '중요한건', '개봉', '해서', '관객', '들', '이', '얼마나', '표', '를', '사주는가인데', '이', '게', '평론', '과', '직접', '적', '인', '관련', '이', '없습니다']	-43.64066577949586	-14.44
97	97	5f3fhwO1K6I	이 리뷰는 내용은 좋은데<br>영상이 말과 관련되어야하는데 상관도없는부분이 너무 많은듯 ㄷㄷ	['이', '리뷰', '는', '내용', '은', '좋은데', '영상', '이', '말', '과', '관련', '되어야하는데', '상관', '도', '없는', '부분', '이', '너무', '많은듯']	-3.0738257391638446	-1.35
98	98	5f3fhwO1K6I	김주동 상영중인영화다보니 상관있는영상을구할려면 불법다운로드를해야하니 어쩔수없죠	['김', '주동', '상영', '중', '인', '영화', '다', '보니', '상관', '있는', '영상', '을', '구', '할려면', '불법', '다운로드', '를', '해야하니', '어쩔', '수', '없죠']	-4.714627454860897	-2.03
99	99	5f3fhwO1K6I	한국의 높으신 분들은 유명한 연예인만 있으면 다 잘된다고 생각하나 봅니다. 어쩌다 이리 됐누...	['한국', '의', '높으신', '분', '들', '은', '유명한', '연예인', '만', '있으면', '다', '잘', '된다고', '생각', '하나', '봅니다', '어쩌다', '이리', '됐', '누']	3.115771782604518	1.35
100	100	5f3fhwO1K6I	사이다 3만개 한번에 마시는 기분.<br>영화보고 잠까지 잔 걸작이다 이거 보고 진짜 빡쳐서 한동안 기분이 상당히 안좋았다. 아주 잘 까셨어요 구독과 좋아요 올리고 갑니다.	['사이다', '3만', '개', '한번', '에', '마시는', '기분', '영화', '보고', '잠', '까지', '잔', '걸작', '이다', '이', '거', '보고', '진짜', '빡쳐서', '한동안', '기분', '이', '상당히', '안좋았다', '아주', '잘', '까셨어요', '구독', '과', '좋아요', '올리고', '갑니다']	4.706513632116509	1.88
101	101	5f3fhwO1K6I	이런게 원작(뮤지컬)이 존재한다는게 신기하고 놀랍네요	['이런게', '원', '작', '뮤지컬', '이', '존재', '한다는', '게', '신기하고', '놀랍네요']	-0.8842282173954801	-0.44
102	102	5f3fhwO1K6I	heonseo lee 원작뮤지컬은 볼만합니당..ㅜ	['heonseo', 'lee', '원', '작', '뮤지컬', '은', '볼', '만', '합니당']	-0.8842282173954801	-0.45
103	103	5f3fhwO1K6I	라이너님이 비판할때마다 기분이 좋아지는데 이거 정상인가요?	['라이너', '님', '이', '비판', '할', '때', '마다', '기분', '이', '좋아지는데', '이', '거', '정상', '인가요']	-1.1777145852789737	-0.55
104	104	5f3fhwO1K6I	아조씨 왜 자꾸 똥영화 리뷰만 하세요...	['아조', '씨', '왜', '자꾸', '똥', '영화', '리뷰', '만', '하세요']	-0.29348636788349136	-0.15
105	105	5f3fhwO1K6I	로마의 휴일보단 낫나봐여?ㅋㅋ	['로마', '의', '휴일', '보단', '낫', '나', '봐여']	0.0	0.0
106	106	5f3fhwO1K6I	그래도 1점은 아니군요 ㅎㅎ	['그래도', '1', '점', '은', '아니군요']	-0.8842282173954801	-0.52
107	107	5f3fhwO1K6I	정말 배우들에게 미안해야하는 작품	['정말', '배우', '들', '에게', '미안해야하는', '작품']	1.7065136321165104	0.96
108	108	5f3fhwO1K6I	정일영 마동석님 마블에서도 제안왔는데 이런 쑤레기영화때문에...ㅜㅜㅜㅡㅜ	['정일영', '마동석', '님', '마블', '에서도', '제안', '왔는데', '이런', '쑤', '레', '기', '영화', '때문', '에']	0.8222854147210286	0.38
109	109	5f3fhwO1K6I	오늘도 고맙습니다, 저의 지갑요정~!	['오늘', '도', '고맙습니다', '저', '의', '지갑', '요정']	0.0	0.0
110	110	5f3fhwO1K6I	라이너님 게임채널도 하시는거 첨 보고 컬쳐쇼크 받았습니다..ㄷㄷ	['라이너', '님', '게임', '채널', '도', '하시는거', '첨', '보고', '컬쳐쇼크', '받았습니다']	1.4749700669074686	0.74
111	111	5f3fhwO1K6I	좋아요 눌렀어요!채비 보려고 하는데 아이 캔 스피크보다 감동적일까요?	['좋아요', '눌렀어요', '채비', '보려고', '하는데', '아이', '캔', '스피크', '보다', '감동', '적', '일까', '요']	2.23154356520904	1.06
112	112	U16lqNztBjM	그쪽에 내친구 권민준 있는데<br>안동서부초등학교 3학년 4반	['그', '쪽', '에', '내', '친구', '권민준', '있는데', '안동', '서부', '초등학교', '3', '학년', '4', '반']	1.0	0.47
113	113	U16lqNztBjM	민광조 댓글지우세요.이거 개인정보에 포함되어서 신고가능합니다	['민광', '조', '댓글', '지우세요', '이', '거', '개인정보', '에', '포함', '되어서', '신고', '가능합니다']	0.0	0.0
114	114	U16lqNztBjM	스마트폰스마트폰안드로이드	['스마트폰', '스마트폰', '안드로이드']	0.0	0.0
115	115	ktX9gAivIQ0	예고편 보고 엉준님 리뷰 보니 영화를 안봐도 어떨지 머릿속에 그려지네요 ㅎㅎ 오늘도 좋은 리뷰 감사합니다!	['예고편', '보고', '엉', '준', '님', '리뷰', '보니', '영화', '를', '안', '봐도', '어떨지', '머릿속', '에', '그려지네요', '오늘', '도', '좋은', '리뷰', '감사합니다']	3.706513632116509	1.61
116	116	ktX9gAivIQ0	의미있는영화가좋으면보지말고 존나웃기고재밌는영화보고싶으면 꼭보셈	['의미', '있는', '영화', '가', '좋으면', '보지', '말고', '존나', '웃기', '고', '재밌는', '영', '화보', '고', '싶으면', '꼭', '보셈']	3.938057197325546	1.77
117	117	ktX9gAivIQ0	예고 봤을때부터 보안관급이라고 삘이옴	['예고', '봤을', '때', '부터', '보안관', '급', '이라고', '삘이옴']	-0.8842282173954801	-0.46
118	118	ktX9gAivIQ0	맞아요 ㅠㅠ 방금보고왔는데 제목그대로네요	['맞아요', '방금', '보고왔는데', '제목', '그대로', '네', '요']	-1.7684564347909602	-0.96
119	119	ktX9gAivIQ0	<b>난</b> <b>개인적으로</b> <b>안아깝든데....?</b>	['난', '개인', '적', '으로', '안', '아깝든', '데']	-1.7684564347909622	-0.96
120	120	ktX9gAivIQ0	근성 ㅋㅋㅋㅋㅋㅋㅋㅋㅋㅋㅋㅋㅋㅋㅋㅋㅋㅋㅋ	['근성']	0.0	0.0
121	121	ktX9gAivIQ0	저 보고왔는데 정말 재미가없어요 진짜로 개노잼	['저', '보고왔는데', '정말', '재미', '가', '없어요', '진짜', '로', '개', '노잼']	1.169600762534586	0.58
122	122	ktX9gAivIQ0	이게 12세라서 그런지 어린이수준 영화더라고요. 도봉순같은 느낌?	['이', '게', '12', '세라', '서', '그런지', '어린이', '수준', '영화', '더라고요', '도봉', '순', '같은', '느낌']	0.5907418495119887	0.28
123	123	ktX9gAivIQ0	오늘도 재밌었습니다!	['오늘', '도', '재밌었습니다']	0.0	0.0
124	124	ktX9gAivIQ0	약 8초쯤에 마동석궁뎅이 생각보다 커서 좋네요	['약', '8초', '쯤에', '마동', '석궁', '뎅', '이', '생각', '보다', '커서', '좋네요']	1.11577178260452	0.55
125	125	ktX9gAivIQ0	극장서 봤는데 뭐라고 해야하지.. 자꾸 마동석 캐릭터를 꿈을 위한 캐릭터로 포장하는거 꼴보기 싫었네요... 이동휘는  팔아먹으려는 동생이랬는데 솔직히 아버지 사정 알고 나니  아버지 그 외에 캐릭터들 보면 흔히들 아는 꼰대들 그외엔 전혀 공감하기가 힘들었네요	['극장', '서', '봤는데', '뭐라고', '해야하지', '자꾸', '마동석', '캐릭터', '를', '꿈', '을', '위', '한', '캐릭터', '로', '포장', '하는거', '꼴', '보기', '싫었네요', '이동휘', '는', '팔', '아', '먹으려는', '동생', '이랬는데', '솔직히', '아버지', '사정', '알', '고', '나니', '아버지', '그', '외', '에', '캐릭터', '들', '보면', '흔히', '들', '아는', '꼰대들', '그', '외', '엔', '전혀', '공감', '하기가', '힘들었네요']	1.5788589130226016	0.58
126	126	ktX9gAivIQ0	근성ㅋㅋㅋㅋㅋㅋㅋㅋㅋㅋㅋㅋㅋㅋㅋㅋㅋㅋㅋㅋ아무말대잔치	['근', '성', '아무', '말', '대', '잔치']	0.0	0.0
127	127	ktX9gAivIQ0	엉준님 리뷰 올라온거 볼때마다 설레요 항상 잘 보고 있어요	['엉', '준', '님', '리뷰', '올라온거', '볼때', '마다', '설레요', '항상', '잘', '보고', '있어요']	3.23154356520904	1.55
128	128	ktX9gAivIQ0	침묵리뷰는 예정에 없으신가요..? 볼지말지고민중인데 궁금하네요	['침묵', '리뷰', '는', '예정', '에', '없으신', '가요', '볼지말지고', '민중', '인데', '궁금하네요']	-0.8842282173954801	-0.43
129	129	ktX9gAivIQ0	형용이 원작이었다니.	['형용', '이', '원작', '이었다니']	0.0	0.0
130	130	ktX9gAivIQ0	나이거 다봤는데ㅋㅋㅋㅋㅋ<br><br><br><br><br>꽤재밌던데....	['나이', '거', '다', '봤는데', '꽤', '재밌던데']	1.3473153478135598	0.76
131	131	ktX9gAivIQ0	범죄도시를 두번 보는게 낫겠더군요. 마동석 부메랑효과로 20만도 못동원할 영화가 손익분기점도 넘기고..<br>부라더는 타이밍을 잘 잡은 &#39;망작&#39;이라고 봅니다.	['범죄', '도시', '를', '두', '번', '보는게', '낫겠더군요', '마동석', '부메랑', '효과', '로', '20만', '도', '못', '동원', '할', '영화', '가', '손익', '분기점', '도', '넘기', '고부', '라', '더', '는', '타이밍', '을', '잘', '잡은', '39', '망작', '39', '이라고', '봅니다']	-14.09382249839764	-5.54
132	132	ktX9gAivIQ0	제돈을 아껴주셔서 감사합니다	['제', '돈', '을', '아껴주셔서', '감사합니다']	0.0	0.0
133	133	ktX9gAivIQ0	안봤지만 딱 엉준님 말 대로 일거같다	['안', '봤지만', '딱', '엉', '준', '님', '말', '대로', '일거', '같다']	-0.8842282173954801	-0.44
134	134	ktX9gAivIQ0	근육이 부르는 노래ㅋㅋㅋ	['근육', '이', '부르는', '노래']	0.0	0.0
135	135	ktX9gAivIQ0	<b>와~ 진짜 정확한 한줄평이다!!</b><br>이동휘배우 나온다고해서 보고싶긴한데 미묘하게 극장까지가서 보긴 좀 그래서  VOD서비스 기다리고 있었어요ㅋㅋㅋ	['와', '진짜', '정확한', '한', '줄', '평이', '다', '이동휘', '배우', '나온다고', '해서', '보고', '싶긴한데', '미묘하게', '극장', '까지가', '서', '보긴', '좀', '그래서', 'VOD', '서비스', '기다리고', '있었어요']	4.578858913022598	1.92
136	136	ktX9gAivIQ0	1	['1']	0.0	0.0
137	137	ktX9gAivIQ0	예	['예']	0.0	0.0
138	138	7gqLKi3sX2I	푸하	['푸하']	0.0	0.0
139	139	i8ahHEiJWqE	부라더 영화 오늘 아빠랑봤는데 너무 재밌었어요 진짜 배우 한명마다 다 매력있어서 진짜 최고의 영화였어요!!!	['부라', '더', '영화', '오늘', '아빠', '랑', '봤는데', '너무', '재밌었어요', '진짜', '배우', '한', '명마', '다', '다', '매력', '있어서', '진짜', '최고', '의', '영화', '였어요']	5.5169161103481485	2.36
