,id,sentence,comment_cut,score,ratio
0,bWsNWtylaVc,존잼 존잼 어제 처음으로 혼영하고 왔는데 너무너무너무너무 재밌었어요 학 ♥️♥️,"['존잼', '존잼', '어제', '처음', '으로', '혼영', '하고', '왔는데', '너무', '너무', '너무', '너무', '재밌었어요', '학']",0.5021582258207351,0.23
1,bWsNWtylaVc,보도싶어도 못봐요.. 백두산으로 상영관 상영시간 확줄어듬<br>지금 수원역 스크린x말고는 없던데...,"['보도싶어도', '못', '봐요', '백두산', '으로', '상영', '관', '상영', '시간', '확', '줄어', '듬', '지금', '수원역', '스크린', 'x', '말고는', '없던데']",-0.6642047339985724,-0.29
2,bWsNWtylaVc,좆도 재미없어보이는 백두산땜에 못본다니 개빡치네,"['좆', '도', '재미없어', '보이는', '백두산', '땜', '에', '못', '본다니', '개', '빡치네']",-2.491768952476267,-1.22
3,B3k2Dq7hVpQ,영화들이 다 저주를 받고 있나 왜 몇년째 다 망하고 있어...,"['영화', '들', '이', '다', '저주', '를', '받고', '있나', '왜', '몇', '년', '째', '다', '망하고', '있어']",-2.0132818046855117,-0.93
4,B3k2Dq7hVpQ,로빈 윌리암스님 그립읍니다,"['로빈', '윌리암스', '님', '그립', '읍니', '다']",0.0,0.0
5,B3k2Dq7hVpQ,1편을 보고 2편을 봐야 ~ 함~,"['1', '편', '을', '보고', '2', '편', '을', '봐야', '함']",1.3049386285142393,0.67
6,B3k2Dq7hVpQ,"한국에 통역이 어떻게 된진 모르겠고 여러 유머 러퍼런스가 워낙 미국적이라 한국 관객들에겐 재미 없을것도 같지만, 미국에선, 미국감성으론 꽤 재밌고, 케빈하트의 할아버지 연기는 정말 압권임. 물론 개연성 결점이 많지만, 오락영화 본연의 재미추구는 성공적이라 생각합니다.","['한국', '에', '통역', '이', '어떻게', '된진', '모르겠고', '여러', '유머', '러퍼런스', '가', '워낙', '미국', '적', '이라', '한국', '관객', '들', '에겐', '재미', '없을것도', '같지만', '미국', '에선', '미국', '감성', '으론', '꽤', '재밌고', '케빈하트', '의', '할아버지', '연기', '는', '정말', '압권임', '물론', '개연', '성', '결점', '이', '많지만', '오락', '영화', '본연', '의', '재미', '추구', '는', '성공', '적', '이라', '생각', '합니다']",9.505148543148955,3.48
7,B3k2Dq7hVpQ,캐츠 옆엔 수작이에여....ㅡ.ㅠ,"['캐츠', '옆', '엔', '수작', '이', '에여']",0.0,0.0
8,B3k2Dq7hVpQ,"중국이 영화에 투자하면 b급으로 추락하죠.<br>쥬만지 1편 영화가 정말 명작이였는데 중국이 왜 자꾸 명작들을 망칠려고 하는걸까요?<br>트랜스포머, 퍼시픽 림, 인디팬더스데이 등등....  여러 명작들을 중국이 죄다 망쳐놓네요.","['중국', '이', '영화', '에', '투자', '하면', 'b', '급', '으로', '추락', '하죠', '쥬만지', '1', '편', '영화', '가', '정말', '명작', '이', '였는데', '중국', '이', '왜', '자꾸', '명작', '들', '을', '망칠려고', '하', '는걸', '까요', '트랜스포머', '퍼시픽', '림', '인디', '팬더스', '데이', '등등', '여러', '명작', '들', '을', '중국', '이', '죄다', '망쳐놓네요']",0.46840905699251595,0.18
9,B3k2Dq7hVpQ,톰크루즈 미이라 ㅋㅋㅋㅋㅋㅋ,"['톰크루즈', '미이라']",0.0,0.0
10,B3k2Dq7hVpQ,항상 비평과 비난은 한끗 차이이고 이 부분을 신경써서 리뷰를 진행하시는게 좋았는데 이번 리뷰는 선을 넘은 부분이 있네요 동양인 캐릭터가 나왔는데 전형적인 pc라고 언급하고 지나치면 될 부분인데 동양적인 부분도 없다고 말하시다니요? 이 부분은 대안점이나 개선점이 없다는 부분에서 단순한 비난입니다. 동양적인 면을 잘 살려서 캐릭터를 만들었다면 전형적인 pc캐릭터가 되어버리죠. 전혀 비평의 방향이 아니라 단순히 비난입니다. 굳이 표현을 하고 싶으시다면 캐릭터가 특색이 없다던가 의미를 모르겠다던가로 넘어가셨어야지 전형적인 인종 pc로 치부하시고선 사족으로 그 특색도 못 살렸다는건 확실하게 비난의 영역입니다. 이 글을 읽으실지는 모르겠지만 재미있게 리뷰를 봐왔던 사람으로서 안타까움에 글을 남깁니다.,"['항상', '비평', '과', '비난', '은', '한끗', '차이', '이고', '이', '부분', '을', '신경', '써서', '리뷰', '를', '진행', '하시는게', '좋았는데', '이번', '리뷰', '는', '선', '을', '넘은', '부분', '이', '있네요', '동양인', '캐릭터', '가', '나왔는데', '전형', '적', '인', 'pc', '라고', '언급', '하고', '지나치면', '될', '부분', '인데', '동양', '적', '인', '부분', '도', '없다고', '말', '하시다니요', '이', '부분', '은', '대안', '점', '이나', '개선', '점', '이', '없다는', '부분', '에서', '단순한', '비난', '입니다', '동양', '적', '인', '면', '을', '잘', '살려서', '캐릭터', '를', '만들었다면', '전형', '적', '인', 'pc', '캐릭터', '가', '되어', '버리죠', '전혀', '비평', '의', '방향', '이', '아니라', '단순히', '비난', '입니다', '굳이', '표현', '을', '하고', '싶으시다면', '캐릭터', '가', '특색', '이', '없다던가', '의미', '를', '모르겠다던가로', '넘어가셨어야지', '전형', '적', '인', '인종', 'pc', '로', '치부', '하시고선', '사족', '으로', '그', '특색', '도', '못', '살렸다는건', '확실하게', '비난', '의', '영역', '입니다', '이', '글', '을', '읽으실지는', '모르겠지만', '재미있게', '리뷰', '를', '봐', '왔던', '사람', '으로서', '안타까', '움', '에', '글', '을', '남깁니다']",13.356588173407214,4.23
11,B3k2Dq7hVpQ,"계속 추천영상에 떴지만, (철저한 비판이 목적이 아닌 비난을 목적으로한 리뷰채널이라는 인식이 박혀) 계속 피해다녔는데, 결국 못피하고 보게되었습니다. 전작은 보았고, 이번편은 안보았습니다.<br><br>진짜 스펜서에 대한 캐릭터 이해 없이 그냥 그의 선택괴 행동이 마음에 들지 않는다고 리뷰의 비난 중 70프로를 그에 투자를 하는데..<br>전편 마무리 안봤나요?<br>브레이브스톤으로 남아서 그냥 거기서 같이 살자고 땡깡부렸던 스펜서를? 마무리에 같이 사귀게 되었다고 현실 불만이 사라졌나요? 소심하고 왕따에 힘고 없고, 강렬한 눈빛에 의한 설득하는 힘도 없는 현실 스펜서에 대한 불만이 이번작에 이어진거 입니다.<br>아주 개연성과 스토리 연결 훌륭한데요?<br>거기에 트위스트해서 모든 연기자들의 다른 캐릭터.연기를 보게 한건데.<br>님이 한 비난의 설득력은 왜 말이야! 밖에 없네요. 그것도 스스로 후속작을 위한 떡밥으로 님도 이해한거고, 이건 오락영화입니다. <br>오락영화에 멀쩡한 스토리에 혼자 엄한 불만 내뿜고 4점??","['계속', '추천', '영상', '에', '떴지만', '철저한', '비판', '이', '목적', '이', '아닌', '비난', '을', '목적', '으로', '한', '리뷰', '채널', '이라는', '인식', '이', '박혀', '계속', '피해', '다녔는데', '결국', '못', '피하고', '보게', '되었습니다', '전작', '은', '보았고', '이번', '편', '은', '안', '보았습니다', '진짜', '스펜서', '에', '대한', '캐릭터', '이해', '없이', '그냥', '그', '의', '선택', '괴', '행동', '이', '마음', '에', '들지', '않는다고', '리뷰', '의', '비난', '중', '70', '프로', '를', '그', '에', '투자', '를', '하는데', '전편', '마무리', '안', '봤나요', '브레이브', '스톤', '으로', '남아', '서', '그냥', '거기', '서', '같이', '살', '자고', '땡깡', '부렸던', '스펜서', '를', '마무리', '에', '같이', '사귀게', '되었다고', '현실', '불만', '이', '사라졌나요', '소심하고', '왕따', '에', '힘', '고', '없고', '강렬한', '눈빛', '에', '의한', '설득', '하는', '힘', '도', '없는', '현실', '스펜서', '에', '대한', '불만', '이', '이', '번작', '에', '이어진거', '입니다아주', '개연', '성과', '스토리', '연결', '훌륭한데요', '거기', '에', '트위스트해', '서', '모든', '연기자', '들', '의', '다른', '캐릭터', '연기', '를', '보게', '한', '건', '데님', '이', '한', '비난', '의', '설득', '력', '은', '왜', '말', '이야', '밖에', '없네요', '그것', '도', '스스로', '후속작', '을', '위', '한', '떡밥', '으로', '님', '도', '이해', '한', '거', '고', '이건', '오락', '영화', '입니다', '오락', '영화', '에', '멀쩡한', '스토리', '에', '혼자', '엄', '한', '불만', '내뿜', '고', '4', '점']",-13.661851360734522,-4.17
12,B3k2Dq7hVpQ,"이번편 안본 사람도 초반 날건 비난을 낀 스토리 도입부 설명 들으면서도, 아 이런 이유로 이런 스토리로 진행하는구나 이해가 가는 정도인데..;;","['이번', '편', '안', '본', '사람', '도', '초반', '날건', '비난', '을', '낀', '스토리', '도입', '부', '설명', '들으면서도', '아', '이런', '이유', '로', '이런', '스토리', '로', '진행', '하는구나', '이해', '가', '가는', '정도', '인데']",-6.371801960471129,-2.57
13,B3k2Dq7hVpQ,왜 쿠키는 언급이 없으신가요?,"['왜', '쿠키', '는', '언급', '이', '없으신', '가요']",0.20329241900949274,0.11
14,B3k2Dq7hVpQ,더 락 안나오는 영화가 재미있다.,"['더', '락', '안', '나오는', '영화', '가', '재미있다']",2.6817795668002478,1.45
15,B3k2Dq7hVpQ,네뷸라!,"['네뷸', '라']",0.0,0.0
16,B3k2Dq7hVpQ,라이너님의 엄청난 말 드립....,"['라이너', '님', '의', '엄청난', '말', '드립']",-1.101646209504745,-0.62
17,B3k2Dq7hVpQ,95년주만지는 진짜 너무너무너무너무너무너무너무 재밌게 너무너무너무 감명깊게본 작품이죠 그것도 아주 어릴때 ㅋㅋ,"['95년', '주만지는', '진짜', '너무', '너무', '너무', '너무', '너무', '너무', '너무', '재밌게', '너무', '너무', '너무', '감명', '깊게', '본', '작품', '이', '죠', '그것', '도', '아주', '어릴', '때']",-0.5122363166189868,-0.21
18,B3k2Dq7hVpQ,톰크루즈 미이라 깨알 배제ㅋㅋ,"['톰크루즈', '미이라', '깨알', '배제']",0.0,0.0
19,B3k2Dq7hVpQ,ㅠㅠ 어쩐지 시작하자마자 일편이랑 똑같은거같고 끝까지 잠잣다능 ㅠㅠ,"['어쩐지', '시작', '하', '자마자', '일편', '이랑', '똑같은', '거', '같고', '끝', '까지', '잠잣', '다', '능']",-0.49176895247626706,-0.23
20,B3k2Dq7hVpQ,스펜서가 자신감이낮아져서 그냥 게임에 들어가는것이아닌 자신감이낮아져 술을마시고 취해서 게임속에들어갔다면 더좋을거같은데,"['스펜서', '가', '자신감', '이', '낮아져서', '그냥', '게임', '에', '들어가는것이', '아닌', '자신감', '이', '낮아져', '술', '을', '마시고', '취해', '서', '게임', '속', '에', '들어갔다면', '더', '좋을거', '같은데']",2.7368002480188047,1.14
21,B3k2Dq7hVpQ,그냥 가족끼리 보기 좋은영화임,"['그냥', '가족', '끼리', '보기', '좋은', '영화', '임']",3.407697575773195,1.85
22,B3k2Dq7hVpQ,드웨인존슨 나오는건 진짜 너무 유치하고 클리셰덩어리.. 제 취향과 너무 떨어짐ㅋ,"['드웨인존슨', '나오는건', '진짜', '너무', '유치하고', '클리셰', '덩어리', '제', '취향', '과', '너무', '떨어짐']",-0.3089438976094941,-0.15
23,B3k2Dq7hVpQ,전 작 보다 훨씬 재밌는데요? 전 10점 만점에 10 드립니다.. 이건 상상 초월입니다 저 영화 많이 안보는데 이 영화.. 3번 봤어요 ㅋㅋㅎㅎㅎ,"['전', '작', '보다', '훨씬', '재밌는데요', '전', '10', '점', '만점', '에', '10', '드립니다', '이건', '상상', '초월', '입니다', '저', '영화', '많이', '안', '보는데', '이', '영화', '3', '번', '봤어요']",1.8975288117619573,0.79
24,B3k2Dq7hVpQ,차라리 그 우주에서 보드게임 하던<br>쥬만지가 재밌다,"['차라리', '그', '우주', '에서', '보드게임', '하던', '쥬만지', '가', '재밌다']",1.0811788453620308,0.55
25,B3k2Dq7hVpQ,개 ㅈ같은 어거지pc,"['개', '같은', '어거지', 'pc']",0.4065848380189855,0.25
26,B3k2Dq7hVpQ,우리에게 마동석 영화가 있다면 미국에는 드웨인 존슨 영화가 있는 듯..,"['우리', '에게', '마동석', '영화', '가', '있다면', '미국', '에는', '드웨', '인', '존슨', '영화', '가', '있는', '듯']",1.7629584121622763,0.81
27,B3k2Dq7hVpQ,나는 라이너의 오만한 리뷰를 좋아하지 않는다. 그래서 구독도 조커리뷰때 취소했다.<br><br>그러나 이번 쥬만지2는 프렌차이즈2 그이상도 그이하도 아니다.<br>그 어떤 신선함도 없다.<br><br>즉 어떤 새로은 시도도 하지 않았다는 소리다.<br>잠만 오더라<br><br>그러나 애들은 좋아할만한 영화 <br>드웨인 존슨이 영화제작 스튜디오를 만들었고 거기서 만들었는 모양인데<br>돈밖에 생각안힌다는 소리고 한계가 드러났다는 생각이다.,"['나', '는', '라이너', '의', '오만한', '리뷰', '를', '좋아하지', '않는다', '그래서', '구독', '도', '조커', '리뷰', '때', '취소', '했다', '그러나', '이번', '쥬만지', '2', '는', '프렌', '차', '이즈', '2', '그', '이상', '도', '그이', '하도', '아니', '다그', '어떤', '신선함도', '없다', '즉', '어떤', '새로은', '시도', '도', '하지', '않았다는', '소리', '다', '잠', '만', '오더라', '그러나', '애', '들', '은', '좋아할만', '한', '영화', '드웨', '인', '존슨', '이', '영화제작', '스튜디오', '를', '만들었고', '거기', '서', '만들었는', '모양', '인데', '돈', '밖에', '생각', '안힌', '다는', '소리', '고', '한계', '가', '드러났다는', '생각', '이다']",-5.2028310366492585,-1.79
28,B3k2Dq7hVpQ,이걸 왜 다시 만들었지.. 느낄정도로 표값이 아까웠슴,"['이', '걸', '왜', '다시', '만들었지', '느낄', '정도', '로', '표값', '이', '아까웠', '슴']",0.18282505486677553,0.09
29,B3k2Dq7hVpQ,보면볼수록 이 영화 배경이 게임이라는 설정을 빼도 상관없다는 생각을하게됨,"['보면', '볼수록', '이', '영화', '배경', '이', '게임', '이라는', '설정', '을', '빼도', '상관없다는', '생각', '을', '하게', '됨']",2.6685604414549053,1.21
30,B3k2Dq7hVpQ,그 주인공이 동양인 여자로 나올 때 그 캐릭터로 자존감을 높이고 그런 스토리를 예상했는데 그런 고난은 사라지고 다시 드웨인 존슨으로 몸이 바뀌어서 깜짝 놀람,"['그', '주인공', '이', '동양인', '여자', '로', '나올', '때', '그', '캐릭터', '로', '자존감', '을', '높이', '고', '그런', '스토리', '를', '예상', '했는데', '그런', '고난', '은', '사라지고', '다시', '드웨', '인', '존슨', '으로', '몸', '이', '바뀌어서', '깜짝', '놀람']",-6.464456201724089,-2.55
31,B3k2Dq7hVpQ,전 단순 오락으로서는 볼 만 하다고 생각하는데..인펙션이나 매트릭스 같은 게 아닌 오락성 영화를 깊게 생각하면서 보면 재미를 떨어뜨린다고 생각해서 ㅎㅎ,"['전', '단순', '오락', '으로서는', '볼', '만', '하다고', '생각', '하는데인', '펙션', '이나', '매트릭스', '같은', '게', '아닌', '오락', '성', '영화', '를', '깊게', '생각', '하면서', '보면', '재미', '를', '떨어뜨린다고', '생각', '해서']",9.170829611274796,3.75
32,B3k2Dq7hVpQ,아직 트랜드는 특정 셀럽이 나오면 거기서 부터 수익이 창출 됨. 어떤 영화인지는 딱히 중요하지 않음. 그냥저냥 만들어도 광고만 잘 하면 알아서 옴. 그리고 현재까지도 이 공식은 유효함. <br>딱 이 수준인거임.,"['아직', '트랜드', '는', '특정', '셀럽', '이', '나오면', '거기', '서', '부터', '수익', '이', '창', '출', '됨', '어떤', '영화인', '지는', '딱히', '중요하지', '않음', '그냥', '저', '냥', '만들어도', '광고', '만', '잘', '하면', '알아서', '옴', '그리고', '현재', '까지도', '이', '공식', '은', '유효함', '딱', '이', '수준', '인거', '임']",3.925205158887189,1.49
33,B3k2Dq7hVpQ,마지막 떡밥 그래도 1처럼 해주었으먼,"['마지막', '떡밥', '그래도', '1', '처럼', '해주었으', '먼']",-0.2884765334667743,-0.16
34,B3k2Dq7hVpQ,생명경시는 아니고 인간은 누구나 목숨을 걸어서라도 해야할 순간이 있다고 생각합니다.<br><br>그런데 그게 지금은 아니야;;;;;;;,"['생명', '경시', '는', '아니고', '인간', '은', '누구', '나', '목숨', '을', '걸', '어서', '라도', '해야', '할', '순간', '이', '있다고', '생각', '합니다', '그런데', '그게', '지금', '은', '아니야']",1.814456037131503,0.76
35,B3k2Dq7hVpQ,"이따 저녁에 막편 보러 가려 했는데 접어야겠군요!!!<br>어젠 백두산,시동 둘 다 봤는뎅ㅠㅠ<br>그나마 동두천 극장이라 편당 8천원이라 다행이라면 다행이라는거!!!","['이따', '저녁', '에', '막편', '보러', '가려', '했는데', '접어야겠군요', '어젠', '백두산', '시동', '둘', '다', '봤는', '뎅', '그나마', '동두천', '극장', '이라', '편당', '8천원', '이라', '다행', '이', '라면', '다행', '이라는', '거']",-1.068722019409816,-0.44
36,B3k2Dq7hVpQ,난 재밌게 봣는데... 제법 웃기더만,"['난', '재밌게', '봣는데', '제법', '웃기', '더', '만']",0.0,0.0
37,B3k2Dq7hVpQ,"이 영상의 포인트는 &#39;재미없다&#39; 라기 보다는, 예술성의 관점에서는 &#39;별 의미없는 영화다&#39; 가 맞는 것 같네요.","['이', '영상', '의', '포인트', '는', '39', '재미없다', '39', '라기', '보다는', '예술', '성의', '관점', '에서는', '39', '별', '의미', '없는', '영화', '다', '39', '가', '맞는', '것', '같네요']",-1.4074098167522777,-0.59
38,B3k2Dq7hVpQ,저두 인정해요 넘 재밌었는디.....,"['저', '두', '인정', '해요', '넘', '재밌었는디']",1.0,0.56
39,B3k2Dq7hVpQ,"난 어릴때봤던 쥬만지 별로 재미없었는데, 몇 년전 새로나온 쥬만지 재밌게 봤는데... 게임세상이라 캐릭터 무궁무진하게 바꿀 수 있어서 신박했음. 그래서 이번 쥬만지도 기대되던데...","['난', '어릴', '때', '봤던', '쥬만지', '별로', '재미없었는데', '몇', '년전', '새로', '나온', '쥬만지', '재밌게', '봤는데', '게임', '세상', '이라', '캐릭터', '무궁무진', '하게', '바꿀', '수', '있어서', '신', '박했음', '그래서', '이번', '쥬만지', '도', '기대되', '던데']",1.55890369375966,0.63
40,B3k2Dq7hVpQ,개인적으로 윽 못보겠다 수준까진 아니었고 연출이나 1편이랑 연결된 드립도 괜찮아서 킬링타임용으로는 좋았음,"['개인', '적', '으로', '윽', '못', '보겠다', '수준', '까진', '아니었고', '연출', '이나', '1', '편이', '랑', '연결', '된', '드립', '도', '괜찮아서', '킬링타임', '용', '으로는', '좋았음']",2.4374414755061706,1.03
41,B3k2Dq7hVpQ,쥬만지는 킬링타임용 이죠. ㅋㅋㅋ<br>머리를 비우고 보는 영화~<br>전 정말 재밋었어요.,"['쥬만지', '는', '킬링타임', '용', '이', '죠', '머리', '를', '비우고', '보는', '영', '화전', '정말', '재밋었어', '요']",0.45083422419083785,0.21
42,B3k2Dq7hVpQ,"공포물, 스릴러물등에 너무나 둔감했던 한 아저씨(본인)는<br>과거에 쥬만지를 보면서 엄청난 두려움을 느꼈었답니다. ㅜ ㅜ<br>그때까지 한번도 경험하지 못했던 긴장.스릴,공포.지림을. . .","['공포물', '스릴러물', '등', '에', '너무나', '둔감했던', '한', '아저씨', '본인는', '과거', '에', '쥬만지', '를', '보면서', '엄청난', '두려움', '을', '느꼈었답니다', '그때', '까지', '한번', '도', '경험', '하지', '못', '했던', '긴장', '스릴', '공포', '지림을']",-5.410590107114236,-2.18
43,B3k2Dq7hVpQ,잘 봤습니다,"['잘', '봤습니다']",2.81717494513322,2.17
44,B3k2Dq7hVpQ,난 스펜서가 이해가 되는데?......<br>현실세계가 지옥보다 더 지독하니깐......,"['난', '스펜서', '가', '이해', '가', '되는데', '현실', '세계', '가', '지옥', '보다', '더', '지독하니깐']",-2.6186811906111305,-1.24
45,B3k2Dq7hVpQ,리뷰 잘봤습니다 ㅎ 추천해준 아이리시맨   봤습니다 고맙습니다~^^,"['리뷰', '잘', '봤습니다', '추천', '해준', '아이리시', '맨', '봤습니다', '고맙습니다']",2.971751326515368,1.52
46,B3k2Dq7hVpQ,이런건 좀 이따가 케이블이나 무료VOD로 넘어오면 심심할 때 보는게 딱이죠^^;;,"['이런건', '좀', '이따가', '케이블', '이나', '무료', 'VOD', '로', '넘어오면', '심심할', '때', '보는게', '딱이죠']",1.5934151619810124,0.75
47,B3k2Dq7hVpQ,쥬만지:새로운세계 재미있게 봤었는데.. 2편재미없을까요?,"['쥬만지', '새로운세계', '재미있게', '봤었는데', '2', '편', '재미없을까요']",3.1663629598193124,1.72
48,B3k2Dq7hVpQ,"후,,,라이너님 저랑 7대망작 완주하겠다고 약속하셨자나요....","['후', '라이너', '님', '저', '랑', '7', '대망', '작', '완주', '하겠다고', '약속', '하셨', '자나요']",-0.8983537904952524,-0.42
49,B3k2Dq7hVpQ,빨리 백두산 좀 조져주세요 현기증 날 것 같아요,"['빨리', '백두산', '좀', '조져주세요', '현기증', '날', '것', '같아요']",-1.7155287356284772,-0.9
50,B3k2Dq7hVpQ,솔직히 그렇긴 했어. 쥬만지는 지금 봐도 손색이 없었는데 리메이크부터 뭔가 이상해졌지. 뭐 소아온 같은 것도 있으니 인명 쯤이야...,"['솔직히', '그렇긴', '했어', '쥬만지', '는', '지금', '봐도', '손색', '이', '없었는데', '리메이크', '부터', '뭔가', '이상해졌지', '뭐', '소아온', '같은', '것', '도', '있으니', '인명', '쯤', '이야']",0.6745940073430456,0.29
51,B3k2Dq7hVpQ,빨리 백두산 좀 혼내 주세요,"['빨리', '백두산', '좀', '혼내', '주세요']",0.0,0.0
52,B3k2Dq7hVpQ,"정말 뻔한내용일꺼 알면서도, 과거 명작들보다 못하다는 가능성이 높다는거 인지하고도 봤습니다. <br>사람한테 추억팔이,로망이 작용하는 힘은 생각보다 강하거든요. 수많은 단점에도 그 냄새가 좋은거에요.<br>아무래도 요즘 이런 영화가 잘 없다보니..","['정말', '뻔한내용', '일꺼', '알면서도', '과거', '명작', '들', '보다', '못', '하다는', '가능성', '이', '높다는거', '인지', '하고도', '봤습니다', '사람', '한테', '추억', '팔이', '로', '망', '이', '작용', '하는', '힘', '은', '생각', '보다', '강하거든요', '수많은', '단점', '에도', '그', '냄새', '가', '좋은', '거', '에요', '아무래도', '요즘', '이런', '영화', '가', '잘', '없다', '보니']",8.73451976564391,3.27
53,B3k2Dq7hVpQ,로망이 왜 로망일까요. 시대착오적이니까 로망이지.<br>최신트렌드만 따라가면 다 성공하게요. 시대착오적이어도 흥행하는 이유는 있는겁니다.,"['로망', '이', '왜', '로', '망일', '까요', '시', '대', '착오', '적', '이니까', '로망', '이지', '최신', '트렌드', '만', '따라가면', '다', '성공하게요', '시', '대', '착오', '적', '이어도', '흥행', '하는', '이유', '는', '있는', '겁니다']",4.8131696760379725,1.94
54,B3k2Dq7hVpQ,"아무 생각도 하지말고 팦콘씹으면서 아 시간 잘 때웠다 하고 나오라는 영화임 전형적인 미국식 오락영화.. 진지함를 가져다 붙여서 평론하면 뭐 밑도 끝도 없죠.<br>그나저나 라이너님, 이제 말모이 평점 3점대를 올려야 겠다는 생각은 안듬? 이게 말모이 보다도 잘만든 영화에요?","['아무', '생각', '도', '하지말고', '팦콘', '씹으면서', '아', '시간', '잘', '때웠다', '하고', '나오라는', '영화', '임', '전형', '적', '인', '미국', '식', '오락', '영화', '진지함를', '가져다', '붙여서', '평론', '하면', '뭐', '밑', '도', '끝', '도', '없죠', '그나저나', '라이너', '님', '이제', '말', '모이', '평점', '3', '점', '대', '를', '올려야', '겠다는', '생각', '은', '안듬', '이', '게', '말', '모이', '보다도', '잘만', '든', '영화', '에요']",4.544490259198852,1.65
55,B3k2Dq7hVpQ,&#39;마&#39;일로 에반데;,"['39', '마', '39일', '로', '에', '반', '데']",-0.3089438976094868,-0.17
56,B3k2Dq7hVpQ,2년전 쥬만지는 나름 꿀잼이었지.  하지만 이번 영화는....애초에 지가 자신감 느끼고 싶다고 다시 쥬만지 들어가는거부터 개 민폐,"['2년', '전', '쥬만지', '는', '나름', '꿀', '잼이었지', '하지만', '이번', '영화', '는', '애초', '에', '지가', '자신감', '느끼고', '싶다고', '다시', '쥬만지', '들어가는거부터', '개', '민폐']",4.104156252351642,1.75
57,B3k2Dq7hVpQ,그냥 팝콘무비라서 좋았어요,"['그냥', '팝콘', '무비', '라서', '좋았어요']",0.1160407519444693,0.07
58,B3k2Dq7hVpQ,몰라... 이런거 없어... 나에게 쥬만지는 1편밖에 없어,"['몰라', '이런거', '없어', '나', '에게', '쥬만지', '는', '1', '편', '밖에', '없어']",0.8574190622098231,0.42
59,B3k2Dq7hVpQ,음.... 사는게 힘들어서 게임속드로 도피하는것도 이해를 못하시고 죽기 직전에 할아버지가 게임속 말이 되는것도 이해를 못하시고..... 죽기 직전의 노인분들은 그냥 사람이 아닙니다 그냥 종합병원 그 자체입니다.. 이가 없어 밥도 잘못먹고 화장실에서 볼일 보는것도 고통 그 자체고 어디 돌아다닐수도 없이 집에만 있어야 되는 우울하기도 하고 말이죠 (물론 나이드셔도 관리 잘하셔서 쌩쌩한 분들도 있습니다 하지만 스펜서 할아버지는 딱봐도 사는게 힘들어 보니네요) ... 제가 복지시설에서 이동목욕차를 운용하면서 어르신들 목욕을 시켜드리면 다닌적이 있는데 (1년) 많은 분들이 그냥 자다고 죽고싶어합니다.. 그걸 호상이라고 생각합니다.. 주변지인들에게 인사한다구요? 사실 저정도 나이되면 이웃에 친한 사람도 없습니다 거의다 죽었죠..  멀리 떠나기전에 친구들에게 인사해야 된다는 고정관념이 없어집니다.. 물론 죽기 전에 가족들에게 유언을 남기고 돌아가시는 분들고 계시는데 예고편에서는 가족이라고는 스펜서 하나이니 그건 게임속에서 해결했을꺼 같습니다.....,"['음', '사는게', '힘들어서', '게임', '속', '드', '로', '도피', '하는것도', '이해', '를', '못', '하시고', '죽기', '직전', '에', '할아버지', '가', '게임', '속', '말', '이', '되는것도', '이해', '를', '못', '하시고', '죽기', '직전', '의', '노인', '분들', '은', '그냥', '사람', '이', '아닙니다', '그냥', '종합병원', '그', '자체', '입니다', '이', '가', '없어', '밥', '도', '잘', '못', '먹고', '화장실', '에서', '볼일', '보는것도', '고통', '그', '자체', '고', '어디', '돌아다닐수도', '없이', '집', '에만', '있어야', '되는', '우울하기도', '하고', '말', '이', '죠', '물론', '나이', '드셔도', '관리', '잘', '하셔서', '쌩쌩한', '분', '들', '도', '있습니다', '하지만', '스펜서', '할아버지', '는', '딱', '봐도', '사는게', '힘들어', '보니네요', '제', '가', '복지', '시설', '에서', '이', '동', '목욕', '차', '를', '운용', '하면서', '어르신', '들', '목욕', '을', '시켜', '드리면', '다닌', '적', '이', '있는데', '1년', '많은', '분', '들', '이', '그냥', '자다고', '죽고싶어', '합니다', '그걸', '호상', '이라고', '생각', '합니다', '주변', '지인', '들', '에게', '인사', '한다구요', '사실', '저', '정도', '나이', '되면', '이웃', '에', '친한', '사람', '도', '없습니다', '거의', '다', '죽었죠', '멀리', '떠나기전에', '친구', '들', '에게', '인사', '해야', '된다는', '고정관념', '이', '없어집니다', '물론', '죽기', '전', '에', '가족', '들', '에게', '유언', '을', '남기고', '돌아가시는', '분', '들', '고', '계시는데', '예고편', '에서는', '가족', '이라고는', '스펜서', '하나', '이니', '그건', '게임', '속', '에서', '해결', '했을꺼', '같습니다']",24.82850393695465,7.59
60,B3k2Dq7hVpQ,영화를 안봐서 모르겠는데 애초에 스펜서는 살아서 돌아올껄 기대하고 간게 아닌거 같음 그냥 사는게 힘들고 지옥같으니까 영원한 안식을 얻을려고 가는거 같음... 1편에서도 스펜서는 계속 거기에 남아있고 싶었지만 자기가 좋아하는 여자사람이 현실을 택하고 설득당해서 현실로 온감이 있음 그런 스펜서에게는 그 세상이 천국같을꺼임,"['영화', '를', '안', '봐서', '모르겠는데', '애초', '에', '스펜서', '는', '살아서', '돌아올', '껄', '기대하고', '간', '게', '아닌거', '같음', '그냥', '사는게', '힘들고', '지옥', '같으니까', '영원한', '안식', '을', '얻을려고', '가는거', '같음', '1', '편', '에서도', '스펜서', '는', '계속', '거기', '에', '남아있고', '싶었지만', '자기', '가', '좋아하는', '여자', '사람', '이', '현실', '을', '택', '하고', '설득', '당해서', '현실', '로', '온', '감', '이', '있음', '그런', '스펜서', '에게는', '그', '세상', '이', '천국', '같을꺼', '임']",2.182338310616612,0.78
61,B3k2Dq7hVpQ,근데 난 주인공이 현실 도피해서 게임세상으로 가는거 이해하는데..... 이게 안격어봐서 그렇지 세상사는게 많이 힘들면 차라리 언제 죽을지 몰라도 만화나 게임속 주인공이 되고 싶음 그들은 친구도 많고 주위사람들에게 인정도 받으니까 그냥 이렇게 처량하게 사느니 하루를 살아도 그들처럼 살고싶은거지 이걸 사람목숨을 얼마나 하찮게 생각한다고 욕먹을 일인가.... 이걸 멍청하다고 욕하면 사는게 너무 힘들어서 자살하는 사람들을 다 멍청하다고 하는거랑 뭐가다른지... 나도 게임속 주인공이 될수만 있다면 떠낮을 텐데 물론 지금은 그런 생각을 안하지만 그때는 그 지옥같은 생활이 영영안끝날꺼 같았으니까...,"['근데', '난', '주인공', '이', '현실', '도피', '해서', '게임', '세상', '으로', '가는거', '이해', '하는데', '이', '게', '안격어봐', '서', '그렇지', '세상', '사는게', '많이', '힘들면', '차라리', '언제', '죽을지', '몰라도', '만화', '나', '게임', '속', '주인공', '이', '되고', '싶음', '그', '들', '은', '친구', '도', '많고', '주위', '사람', '들', '에게', '인정', '도', '받으니까', '그냥', '이렇게', '처량하게', '사느니', '하루', '를', '살아도', '그', '들', '처럼', '살고싶은', '거지', '이', '걸', '사람', '목숨', '을', '얼마나', '하찮게', '생각', '한다고', '욕먹을', '일인', '가', '이', '걸', '멍청하다고', '욕', '하면', '사는게', '너무', '힘들어서', '자살', '하는', '사람', '들', '을', '다', '멍청하다고', '하는거랑', '뭐', '가', '다른', '지', '나도', '게임', '속', '주인공', '이', '될수만', '있다면', '떠', '낮', '을', '텐데', '물론', '지금', '은', '그런', '생각', '을', '안', '하지만', '그때', '는', '그', '지옥', '같은', '생활', '이', '영', '영안', '끝날꺼', '같았으니까']",7.420081241968415,2.41
62,B3k2Dq7hVpQ,저도 이해가 가네요. 특히나 스팬서가 맡았던 캐릭터가 브레이브스톤이라 더 그런 듯합니다. 게임에서의 자신은 몸 건강하고 힘도 센 뭐든지 할 수 있을 것 같은 브레이브스톤. 그런데 현실의 자신은 천식환자. 거기다 친구들과의 차이가 벌어져 다들 잘나가는데 나 혼자만 뒤떨어지고 있다는 열등감마저 느끼고 있다면 충분히 할만한 선택이라고 생각합니다. 스팬서는 게임을 하러 들어간게 아니라 브레이브스톤이 되기 위해 들어간거니까요. 그리고 스팬서는 마사와 만나는 걸 무서워했습니다. 만나는 걸 무서워서 피하는 사람한테 그냥 만나서 해결하면 되는 거 아니냐고 하는 건 스팬서의 마음을 이해할 생각이 없다는 것이죠.그리고 마일로는 제가 알기로 아내도 먼저 사별하고 더 이상 주변에 사람이 없어서 에디와 사과하기 위해 찾아온 걸로 아는데 제가 영화를 잘못 본 건가요?,"['저', '도', '이해', '가', '가네요', '특히', '나', '스팬서', '가', '맡았던', '캐릭터', '가', '브레이브', '스톤', '이라', '더', '그런', '듯', '합니다', '게임', '에서의', '자신', '은', '몸', '건강하고', '힘', '도', '센', '뭐', '든지', '할', '수', '있을', '것', '같은', '브레이브', '스톤', '그런데', '현실', '의', '자신', '은', '천식', '환자', '거기', '다', '친구', '들', '과의', '차이', '가', '벌어져', '다', '들', '잘나가는데', '나', '혼자', '만', '뒤', '떨어지고', '있다는', '열등감', '마저', '느끼고', '있다면', '충분히', '할만', '한', '선택', '이라고', '생각', '합니다', '스팬서', '는', '게임', '을', '하러', '들어간게', '아니라', '브레이브', '스톤', '이', '되기', '위해', '들어간거니까', '요', '그리고', '스팬서', '는', '마사', '와', '만나는', '걸', '무서워', '했습니다', '만나는', '걸', '무서워서', '피하', '는', '사람', '한테', '그냥', '만나서', '해결', '하면', '되는', '거', '아니냐고', '하는', '건', '스팬서', '의', '마음', '을', '이해', '할', '생각', '이', '없다는', '것', '이', '죠', '그리고', '마일', '로는', '제', '가', '알기로', '아내', '도', '먼저', '사별', '하고', '더', '이상', '주변', '에', '사람', '이', '없어서', '에디', '와', '사과', '하기', '위해', '찾아온', '걸', '로', '아는데', '제', '가', '영화', '를', '잘못', '본', '건가', '요']",6.665550963137779,2.08
63,B3k2Dq7hVpQ,백두산 리뷰 기대하고 있겠습니다 ㅎㅎㅎ,"['백두산', '리뷰', '기대하고', '있겠습니다']",0.154576381382148,0.1
64,B3k2Dq7hVpQ,최악 최악 최악 최악 최악 최악<br>할아버지들 식당 어떻게 됐는지 관심 없다고 ㅠㅠ,"['최악', '최악', '최악', '최악', '최악', '최악', '할아버지', '들', '식당', '어떻게', '됐는지', '관심', '없다고']",-2.4430529148489266,-1.16
65,B3k2Dq7hVpQ,아 자투라도 재밌었는데,"['아', '자투라', '도', '재밌었는데']",0.0,0.0
66,B3k2Dq7hVpQ,저는 지금 현실이면 개코원숭이로 지내도 여한이없습니다...ㅋㅋㅋㅋ아님 타조라도ㅎㅎㅎㅎ,"['저', '는', '지금', '현실', '이면', '개코', '원숭이', '로', '지내도', '여한', '이', '없습니다', '아님', '타조', '라도']",-0.5384174374958677,-0.25
67,B3k2Dq7hVpQ,ㅋㅋㅋㅋㅋ쥬만지외전격인 스페이스 자투라보다 재미없다!,"['쥬만지', '외전', '격인', '스페이스', '자투라', '보다', '재미없다']",-0.34587335679966963,-0.19
68,B3k2Dq7hVpQ,저도 딱 그정도까지 생각한 영화였습니다.<br>1편보다 많이 못한 영화죠.,"['저', '도', '딱', '그', '정도', '까지', '생각', '한', '영화', '였습니다', '1', '편', '보다', '많이', '못', '한', '영화', '죠']",1.0651781326748013,0.47
69,B3k2Dq7hVpQ,ㅡㅡㅡㅡㅡㅡㅡㅡㅡㅡㅡㅡㅡㅡㅡㅡ <br>쥬만지 새로운 세계 는 재미있게 <br>봤는데 이번에는 영화의 흐름이<br>늘어지고 끊어지기에 노잼 입니다<br>ㅡㅡㅡㅡㅡㅡㅡㅡㅡㅡㅡㅡㅡㅡㅡㅡ,"['쥬만지', '새로운', '세계', '는', '재미있게', '봤는데', '이번', '에는', '영화', '의', '흐름', '이', '늘어지고', '끊어지기에', '노잼', '입니다']",3.458481166008279,1.57
70,B3k2Dq7hVpQ,시동 보고 왔는데 비평 확실하게 부탁드립니다! 분해서여...,"['시동', '보고', '왔는데', '비평', '확실하게', '부탁드립니다', '분해서여']",1.4230469330664501,0.77
71,B3k2Dq7hVpQ,"말은 그래도 그게 크,,크니까","['말', '은', '그래도', '그게', '크크', '니까']",0.0,0.0
72,B3k2Dq7hVpQ,이딴 거 보러가는 사람이 있구나,"['이딴', '거', '보러가는', '사람', '이', '있구나']",0.1077190312077384,0.06
73,B3k2Dq7hVpQ,"라이너님 시동, 백두산 영화 거세게 비판해주세요. 이건 영화가 아니예요.","['라이너', '님', '시동', '백두산', '영화', '거세', '게', '비판', '해주세요', '이건', '영화', '가', '아니예요']",-2.403404547657031,-1.14
74,B3k2Dq7hVpQ,난 드웨인 존슨 나오는영화는 절대안봄 ㅋ오락성 밖에없거든 분노의 질주몇편 제외하면,"['난', '드웨', '인', '존슨', '나오는', '영화', '는', '절', '대안', '봄', '오락', '성', '밖', '에', '없거든', '분노', '의', '질주', '몇', '편', '제외', '하면']",-2.525518121304496,-1.08
75,B3k2Dq7hVpQ,진짜 다 보고 나와서 내가 뭘 본거지 라고 생각하게 되는 영화...,"['진짜', '다', '보고', '나와서', '내', '가', '뭘', '본', '거지', '라고', '생각', '하게', '되는', '영화']",3.1061128609602298,1.45
76,B3k2Dq7hVpQ,말이라니  말이되니,"['말', '이라니', '말', '이', '되니']",0.0,0.0
77,B3k2Dq7hVpQ,2년뒤...모든것이 끝난다 <br>쥬만지 파이널스테이지<br>4년뒤...다시 시작된 어드벤쳐<br>쥬만지 어나더월드,"['2년', '뒤모든것이', '끝난다', '쥬만지', '파이널', '스테이지', '4년', '뒤다시', '시작', '된', '어드벤쳐', '쥬만지', '어나더월드']",0.2680091693240598,0.13
78,B3k2Dq7hVpQ,쥬만지보려다가 평이 너무 안 좋아 안 봤네요 리뷰로 대신합니다ㅎ,"['쥬만지', '보려다가', '평이', '너무', '안', '좋아', '안', '봤네요', '리뷰', '로', '대신', '합니다']",3.0971795580492483,1.49
79,B3k2Dq7hVpQ,ㅜㅜ1편은 재밌었는뎅.....2편은진짜 토나오던데여.....눈은.즐거웠읍니다만..하아하아<br>할말이많지만...,"['1', '편', '은', '재밌었는', '뎅', '2', '편', '은', '진짜', '토나오던데여', '눈', '은', '즐거웠', '읍', '니', '다만', '하아하아', '할말이', '많지만']",-0.2884765334667769,-0.13
80,B3k2Dq7hVpQ,페가수스 합성ㅋㅋㅋㅋㅋ날아올때 진짜 겁나 웃었네요ㅋㅋ근데 스토리 실화입니까... ㅠ쥬만지가...,"['페가수스', '합성', '날아올', '때', '진짜', '겁나', '웃었네요', '근데', '스토리', '실화', '입', '니까', '쥬만지', '가']",-1.768458907505881,-0.82
81,B3k2Dq7hVpQ,마사!!!!,['마사'],0.20329241900949274,0.2
82,B3k2Dq7hVpQ,구독 1년 넘어가면서 점점 스토라보드가 ... 다른 영화 채널보다 고리타분합니다,"['구독', '1년', '넘어가면서', '점점', '스토', '라', '보드', '가', '다른', '영화', '채널', '보다', '고리타분합니다']",1.677774297704999,0.79
83,B3k2Dq7hVpQ,어린아이수준의 지능을가진 하등한저지능생명체정도만 이영화를 진심으로 즐길수있을겁니다 아무튼똑똑하고 총명한나한테는 노잼임 ㅅㄱ,"['어린아이', '수준', '의', '지능', '을', '가진', '하등', '한', '저', '지능', '생명체', '정도', '만', '이영화', '를', '진심', '으로', '즐길수있을', '겁니다', '아무튼', '똑똑하고', '총명한나', '한', '테', '는', '노잼', '임']",4.7548369299726225,1.96
84,B3k2Dq7hVpQ,마일로 할아버지가 말로 살아가는 선택은 정말 최악이엇습니다 ;;;;;,"['마일로', '할아버지', '가', '말로', '살아가는', '선택', '은', '정말', '최악', '이', '엇습', '니', '다']",-1.9717513265153745,-0.93
85,B3k2Dq7hVpQ,솔직히 좀 지루했어요. 95년작이 최고인듯,"['솔직히', '좀', '지루했어요', '95년', '작이', '최고', '인', '듯']",2.0,1.05
86,B3k2Dq7hVpQ,"<a href=""https://www.youtube.com/watch?v=B3k2Dq7hVpQ&amp;t=10m04s"">10:04</a> 뭔 개소리야?","['1004', '뭔', '개', '소리', '야']",0.0,0.0
87,B3k2Dq7hVpQ,보는 상황에 따라 영화가 참 다르게 느껴지네요.   <br>어렸을때 쥬만지를 정말 재미있게 봤던 기억이 있어   새로 나온 쥬만지 1을 봤었는데   보는동안 지루해 죽는 줄 알았습니다.<br>리부트는 망했구나  과거만 못하네 생각을 했는데    엄청난 흥행을 했다고 하니  어?  내가 커서 영화를 보는 시각이 바뀐 건가? 하는 생각이 드네요<br>아이들의 시선에 맞추어서 잘만들걸수도 있겠단 생각도 들고요  물런 2는 보지 않을 겁니다.,"['보는', '상황', '에', '따라', '영화', '가', '참', '다르게', '느껴지네요', '어렸을', '때', '쥬만지', '를', '정말', '재미있게', '봤던', '기억', '이', '있어', '새로', '나온', '쥬만지', '1', '을', '봤었는데', '보는', '동안', '지루해', '죽는', '줄', '알았습니다', '리부트', '는', '망했구나', '과거', '만', '못', '하네', '생각', '을', '했는데', '엄청난', '흥행', '을', '했다고', '하니', '어', '내', '가', '커서', '영화', '를', '보는', '시각', '이', '바뀐', '건가', '하는', '생각', '이', '드', '네', '요', '아이', '들', '의', '시선', '에', '맞추어서', '잘만', '들', '걸수도', '있겠단', '생각', '도', '들고요', '물런', '2', '는', '보지', '않을', '겁니다']",9.672181750483327,3.32
88,B3k2Dq7hVpQ,그 정도면 약과 입니다. 한국 상업영화는 쥬만지 보다 못합니다. 한국 망작 안 보는 게 좋음.,"['그', '정도', '면', '약과', '입니다', '한국', '상업', '영화', '는', '쥬만지', '보다', '못', '합니다', '한국', '망작', '안', '보는', '게', '좋음']",5.94578346702905,2.61
89,B3k2Dq7hVpQ,명작들은 함부로 리부트하지 말자,"['명작', '들', '은', '함부로', '리부트', '하지', '말', '자']",-1.6950613714857594,-0.89
90,B3k2Dq7hVpQ,개인적인 의견 입니다만 저는 옛날 쥬만지가 좀 더 충격적이면서 현실에서 일어나서 더 재미있었는데 최근 쥬만지는 너무 게임같아서 별로더라고요. 특히 라이프가 3개라서 더 그랬고요.,"['개인', '적', '인', '의견', '입니다만', '저', '는', '옛날', '쥬만지', '가', '좀', '더', '충격', '적', '이', '면서', '현실', '에서', '일어나서', '더', '재미있었는데', '최근', '쥬만지', '는', '너무', '게임', '같아서', '별로', '더라고요', '특히', '라이프', '가', '3', '개', '라서', '더', '그랬고요']",-1.2037349092486542,-0.47
91,B3k2Dq7hVpQ,"친구와 일평생을 식당 운영하며 살아오다가 퇴직하고 여생을 그동안 다녀보지 못한 여행을 통해 많은 것을 보고 경험하려 했지만, 자신에게 남은 시간이 별로 남아 있지 않음을 알고 얼마나 자신의 인생이 비참하게 느껴졌을까요? 저는 게임 안에서의 삶을 선택한 동기는 이해되었습니다.","['친구', '와', '일평생', '을', '식당', '운영', '하며', '살아오다가', '퇴직', '하고', '여생', '을', '그동안', '다녀', '보지', '못', '한', '여행', '을', '통해', '많은', '것', '을', '보고', '경험', '하려', '했지만', '자신', '에게', '남은', '시간', '이', '별로', '남아', '있지', '않', '음', '을', '알', '고', '얼마나', '자신', '의', '인생', '이', '비참하게', '느껴졌을까요', '저', '는', '게임', '안', '에서의', '삶', '을', '선택', '한', '동기', '는', '이해', '되었습니다']",9.558442311399416,3.44
92,B3k2Dq7hVpQ,공감해요 ㅎㅎ,"['공감', '해요']",0.0,0.0
93,B3k2Dq7hVpQ,보다가 계속졸았음 내돈 ㅂㄷㅂㄷ,"['보다가', '계속', '졸았음', '내', '돈']",-1.186830323962027,-0.7
94,B3k2Dq7hVpQ,보러가서 꿀잠자고왔지요,"['보러가서', '꿀잠', '자', '고', '왔지요']",0.0,0.0
95,B3k2Dq7hVpQ,백두산 좀 빨리 해주세요 현기증 날거 같아요 ㅜㅜ <br>라이너님 리뷰 보면서 최소한 보상 받고 싶어요,"['백두산', '좀', '빨리', '해주세요', '현기증', '날거', '같아요', '라이너', '님', '리뷰', '보면서', '최소한', '보상', '받고', '싶어요']",-2.6625985637510743,-1.22
96,B3k2Dq7hVpQ,솔직히 이거 전작인 1부도 그리 훌륭한작품이 아닌데도 놀랍게도 흥행은 대박쳤더군요. 그러니 2부가 나온것같고.. 2부는 흥행이 어떨지 궁금하네요 ㅋ.<br>p.s 한국에서는 1부나 2부나 죽쑤는것같고 ㅋ.,"['솔직히', '이', '거', '전작', '인', '1', '부도', '그리', '훌륭한', '작품', '이', '아닌데도', '놀랍게도', '흥행', '은', '대박', '쳤더군요', '그러니', '2', '부가', '나온것', '같고', '2', '부는', '흥행', '이', '어떨지', '궁금하네요', 'ps', '한국', '에서는', '1', '부', '나', '2', '부', '나', '죽', '쑤는것', '같고']",5.9352832496854315,2.28
97,B3k2Dq7hVpQ,배선희랑 같이 나중에 들어오는 파일럿 캐릭도 그냥 체력 2피 멍청하게 지혼자 죽고 그냥 말구해오는 역할만하고 너무 하는게 없어서 그게 아쉽네요,"['배', '선희', '랑', '같이', '나중', '에', '들어오는', '파일럿', '캐릭', '도', '그냥', '체력', '2', '피', '멍청하게', '지', '혼자', '죽고', '그냥', '말', '구해오', '는', '역할', '만', '하고', '너무', '하는게', '없어서', '그게', '아쉽네요']",-0.9044266121982502,-0.37
98,B3k2Dq7hVpQ,한국 망작! 독과점 한국 영화의 현주소입니다. 시동 백두산 보지 마세요.,"['한국', '망작', '독과점', '한국', '영화', '의', '현주소', '입니다', '시동', '백두산', '보지', '마세요']",2.328586283018907,1.12
99,B3k2Dq7hVpQ,"@이준호 네 되도록이면 시동, 백두산 멀리하세요. 안 보는 게 상책!","['이준호', '네', '되도록', '이면', '시동', '백두산', '멀리', '하세요', '안', '보는', '게', '상책']",0.20329241900949058,0.1
100,B3k2Dq7hVpQ,그런가요?,"['그런', '가요']",-0.49176895247626706,-0.38
101,B3k2Dq7hVpQ,극장에서 잘 잤습니다!!,"['극장', '에서', '잘', '잤습니다']",1.2032924190094927,0.75
102,B3k2Dq7hVpQ,헉,['헉'],0.0,0.0
103,B3k2Dq7hVpQ,"참...1편은 개띵작까진 아니였어도 3개의 목숨에 따른 긴장감, 자신과는 전혀 다른 아바타에 따른 심리 묘사, 액션 같은건 나쁘진 않았는데...","['참', '1', '편', '은', '개띵작', '까진', '아니였어도', '3', '개', '의', '목숨', '에', '따른', '긴장감', '자신', '과는', '전혀', '다른', '아바타', '에', '따른', '심리', '묘사', '액션', '같은건', '나쁘진', '않았는데']",0.6950613714857627,0.29
104,B3k2Dq7hVpQ,뭔가 어이가 없는 부분이랑 개연성이 이상해도 그냥 그러려니 하고 보니 볼만함 ㅋㅋㅋ<br>이제 통달했자넠ㅋㅋ 개그는 취향 저격이라 재밌었고 ㅋㅋㅋ,"['뭔가', '어이', '가', '없는', '부분', '이랑', '개연', '성', '이', '이상해도', '그냥', '그러려니', '하고', '보니', '볼', '만', '함', '이제', '통달', '했자', '넠', '개그', '는', '취향', '저격', '이라', '재밌었고']",-0.867497153008067,-0.36
105,B3k2Dq7hVpQ,"95년작을 리메이크했을 때에도 딱히 기대가 안됐지만, 그 후속작은 더더욱 기대안된다.","['95년', '작을', '리메이크', '했을', '때', '에도', '딱히', '기대', '가', '안', '됐지만', '그', '후속작', '은', '더', '더욱', '기대', '안된다']",1.4065848380189856,0.62
106,B3k2Dq7hVpQ,와  사람들이 백두산 볼바엔 차라리 쥬만지 보라는데 ㄷㄷㄷㄷ,"['와', '사람', '들', '이', '백두산', '볼바', '엔', '차라리', '쥬만지', '보라는데']",0.579020619541291,0.29
107,B3k2Dq7hVpQ,정말 제가 어렸을때 본 오리지널 쥬만지는 저한테 판의 미로급 공포였지만 커서보니 명작이었죠.,"['정말', '제', '가', '어렸을', '때', '본', '오', '리지', '널', '쥬만지', '는', '저', '한테', '판', '의', '미로', '급', '공포', '였지만', '커서', '보니', '명작', '이었죠']",-3.634349890266441,-1.54
108,B3k2Dq7hVpQ,그래도 중국애들 때문에 본전을 뽑을걸요...,"['그래도', '중국', '애', '들', '때문', '에', '본전', '을', '뽑을걸', '요']",0.0,0.0
109,B3k2Dq7hVpQ,그럴지도 모릅니다,"['그럴지도', '모릅니다']",0.0,0.0
110,B3k2Dq7hVpQ,인트로 바꿨네 형,"['인트', '로', '바꿨네', '형']",0.0,0.0
111,B3k2Dq7hVpQ,“말이 되어 살아가기로 결심했다” ㅋㅋ<br>레전드네요,"['말', '이', '되어', '살아가기로', '결심', '했다', '레전드', '네', '요']",0.20329241900949274,0.1
112,B3k2Dq7hVpQ,오 재밌겠다. 보러가야지. (라이너님이 혹평했던 전작도 정말 재밌게 봤었거든요. ㅋㅋㅋ),"['오', '재밌겠다', '보러가야지', '라이너', '님', '이', '혹평', '했던', '전작', '도', '정말', '재밌게', '봤었거든요']",-1.0891893835525281,-0.52
113,B3k2Dq7hVpQ,맙소사가 없어요 ㅠㅜ,"['맙소사', '가', '없어요']",0.0,0.0
114,B3k2Dq7hVpQ,전작이 드럽게 재미없어서 볼생각도 안했는데 이번것도 역시 구나,"['전작', '이', '드럽게', '재미없어서', '볼', '생각', '도', '안', '했는데', '이번', '것', '도', '역시', '구나']",0.49351669593004033,0.23
115,B3k2Dq7hVpQ,포드v페라리 호우<br>나이브스 아웃 오우<br>시동 으음 <br>백두산 하아,"['포드', 'v', '페라리', '호우', '나', '이브', '스', '아웃', '오우', '시동', '으음', '백두산', '하아']",-0.49176895247626706,-0.23
116,B3k2Dq7hVpQ,이시국에 호우?,"['이', '시국', '에', '호우']",0.0,0.0
117,B3k2Dq7hVpQ,ㅎㅎ캣츠보고 난 담에 백두산보면 명작됨 ㅠ,"['캣츠', '보고', '난', '담', '에', '백두산', '보면', '명작', '됨']",2.4065848380189845,1.23
118,B3k2Dq7hVpQ,John Na Kerr 요약:그냥 드립이니 진지하게 받아들일 거 없다,"['John', 'Na', 'Kerr', '요약', '그냥', '드립', '이니', '진지하게', '받아들일', '거', '없다']",-1.375728200531798,-0.67
119,B3k2Dq7hVpQ,@HE P 나만 그랬나 겨울왕국은 영상미만 좋았는데.. 스토리는 약간 끊기는 느낌. 그래도 볼 만함.~,"['HE', 'P', '나', '만', '그랬나', '겨울왕국', '은', '영상', '미만', '좋았는데', '스토리', '는', '약간', '끊기는', '느낌', '그래도', '볼', '만', '함']",-0.9348218673251907,-0.41
120,B3k2Dq7hVpQ,나이브스아웃좋았어용,"['나', '이브', '스', '아웃', '좋았어용']",0.0,0.0
121,B3k2Dq7hVpQ,쥬만지 이제 보내줘야할때...,"['쥬만지', '이제', '보내줘', '야할', '때']",0.2680091693240598,0.16
122,B3k2Dq7hVpQ,마일로 부인 죽었다고 얘기해요.<br>친구와의 화해 정도가 마지막 남은 미련이었을거라 생각됩니다.,"['마일로', '부인', '죽었다고', '얘기', '해요', '친구', '와의', '화해', '정도', '가', '마지막', '남은', '미련', '이었을거라', '생각', '됩니다']",3.895634882493533,1.77
123,B3k2Dq7hVpQ,부인죽고 자식 이야기가 없긴하죠,"['부인', '죽고', '자식', '이야기', '가', '없긴하죠']",0.0,0.0
124,B3k2Dq7hVpQ,쥬지..,"['쥬', '지']",0.0,0.0
125,B3k2Dq7hVpQ,ㅋㅋㅋ 오늘도 오지게 까이는 졸작들ㅋㅋㅋ,"['오늘', '도', '오지', '게', '까이는', '졸작', '들']",0.0,0.0
126,B3k2Dq7hVpQ,쥬만지 1편은 정말 잘 만든 어드벤쳐 게임을 하는것처럼 너무 잼있었는데 ㅜ-ㅜ,"['쥬만지', '1', '편', '은', '정말', '잘', '만든', '어드벤쳐', '게임', '을', '하는것처럼', '너무', '잼있었는데']",1.3142151641045012,0.62
127,B3k2Dq7hVpQ,백두산 진짜 ㅋㅋㅋㅋㅋㅋ 백두산 리뷰 기다립니다,"['백두산', '진짜', '백두산', '리뷰', '기다립니다']",-0.5404849901036144,-0.32
128,B3k2Dq7hVpQ,"@HE P 어이구야, 감사합니다! 무사히 걸렀어요","['HE', 'P', '어이구', '야', '감사합니다', '무사히', '걸렀어', '요']",2.304938628514238,1.21
129,B3k2Dq7hVpQ,@ADRIAN Parfum 시동도 비슷합니다. 망작행!,"['ADRIAN', 'Parfum', '시동', '도', '비슷합니다', '망', '작', '행']",-0.49176895247626706,-0.26
130,B3k2Dq7hVpQ,@현준 네 돈만 생각하는 제작사입니다. 참고로 이 제작사가 작년 말 개봉했던 PMC 더 벙커 영화 제작사와 같은 퍼펙트 스톰 필름 제작사입니다.,"['현준', '네', '돈', '만', '생각', '하는', '제작사', '입니다', '참고', '로', '이', '제작사', '가', '작년', '말', '개봉', '했던', 'PMC', '더', '벙커', '영화', '제작사', '와', '같은', '퍼펙트', '스톰', '필름', '제작사', '입니다']",1.2242211655124469,0.5
131,B3k2Dq7hVpQ,Sungwon Hong 아뇨 그건 아닌데요. 초반부를 제외하면 정말 나가고 싶을 정도로 지루해지고 정말 <br>말도 안되는 스토리가 나옵니다 ㅋㅋㅋㅋ<br>정치색도 짙어서 아마 우파이신 분들은 많이 <br>불쾌하게 보실 게 뻔히 보여요. 그 정치색 때문에<br>정말 개같은 전개를 계속 하는데 못 봐줄 정도입니다... 그리고 정말 결말은... 근래 10년 동안 본 영화 중 과언 아니고 진짜 최악입니다.,"['Sungwon', 'Hong', '아뇨', '그건', '아닌데요', '초반', '부를', '제외', '하면', '정말', '나가고', '싶을', '정도', '로', '지루해지고', '정말', '말', '도', '안되는', '스토리', '가', '나옵니다', '정치', '색도', '짙어서', '아마', '우파', '이신', '분', '들', '은', '많이', '불쾌하게', '보실', '게', '뻔히', '보여요', '그', '정치', '색', '때문', '에', '정말', '개', '같은', '전개', '를', '계속', '하는데', '못', '봐줄', '정도', '입니다', '그리고', '정말', '결말', '은', '근래', '10년', '동안', '본', '영화', '중', '과언', '아니고', '진짜', '최악', '입니다']",-8.024836229611022,-2.83
132,B3k2Dq7hVpQ,@홍종우 한국영화 종특인 억지신파가 들어있어서 그런가요?,"['홍종우', '한국영', '화', '종특', '인', '억', '지', '신', '파가', '들어있어서', '그런', '가요']",-2.491768952476267,-1.2
133,B3k2Dq7hVpQ,설명이 지나치게 많으니 오락성에 집중을<br>못하지...,"['설명', '이', '지나치게', '많으니', '오락', '성', '에', '집중', '을', '못', '하지']",-1.0204673641427147,-0.5
134,B3k2Dq7hVpQ,저 오늘 백두산 봤는데 라이너님이 어떻게 말할까 생각하면서 봤어요 ㅎㅎ,"['저', '오늘', '백두산', '봤는데', '라이너', '님', '이', '어떻게', '말', '할까', '생각', '하면서', '봤어요']",0.22104087515049303,0.1
135,B3k2Dq7hVpQ,애들이 보러가젰는데 별로일거 예상하고 나이브스 아웃 보러감... ㅋㅋㅋㅋ,"['애', '들', '이', '보러가', '젰', '는데', '별로', '일거', '예상', '하고', '나이', '브스', '아웃', '보러', '감']",0.8983537904952503,0.41
136,B3k2Dq7hVpQ,잘 했어요,"['잘', '했어요']",1.0,0.77
137,B3k2Dq7hVpQ,정말 완벽하게 멋진 선택을 하셨군요 ㅋㅋㅋㅋ,"['정말', '완벽하게', '멋진', '선택', '을', '하셨군요']",1.182825054866778,0.67
138,B3k2Dq7hVpQ,잘하셨네요👍👍,"['잘', '하셨네요']",1.0,0.77
139,B3k2Dq7hVpQ,라이너 님의 시동 / 백두산 리뷰도 기대합니다,"['라이너', '님', '의', '시동', '백두산', '리뷰', '도', '기대합니다']",-1.4388387805988643,-0.76
140,B3k2Dq7hVpQ,리뷰 잘 봤습니다~,"['리뷰', '잘', '봤습니다']",2.7684589075058756,1.87
141,B3k2Dq7hVpQ,후속작 떡밥이 있었으니 쥬만지 후속작이 또 나올텐데 후속작은 좋았으면 좋겠습니다 ...,"['후속작', '떡밥', '이', '있었으니', '쥬만지', '후속작', '이', '또', '나올텐데', '후속작', '은', '좋았으면', '좋겠습니다']",-0.22375978315220724,-0.11
142,B3k2Dq7hVpQ,흐으ㅡ음,"['흐으', '음']",0.0,0.0
143,B3k2Dq7hVpQ,뭔가 후속작 떡밥같은게 있던데 그냥 찍지마,"['뭔가', '후속작', '떡밥', '같은게', '있던데', '그냥', '찍지마']",-0.3757282005317978,-0.2
144,B3k2Dq7hVpQ,퇴보도 퇴보지만 모든 설정이 밍이라는 케릭이 마지막을 장식하기 위한 거였다는거에서 욕이 나옵디다,"['퇴보', '도', '퇴보', '지만', '모든', '설정', '이', '밍', '이라는', '케릭', '이', '마지막', '을', '장식', '하기', '위', '한', '거', '였다는거에서', '욕', '이', '나옵디다']",-4.458844762381336,-1.9
145,B3k2Dq7hVpQ,정택선 태보태보태보,"['정택선', '태보', '태보', '태보']",0.0,0.0
146,B3k2Dq7hVpQ,@대한제국양무호 태보해,"['대한제국', '양무호', '태보', '해']",-2.0,-1.25
147,B3k2Dq7hVpQ,퇴보?퇴보퇴보....태보.....절대 태보해<br>@(^0 ^)==@<br>@==(^ 0^)@,"['퇴보', '퇴보', '퇴보', '태보', '절대', '태보', '해', '0', '0']",-2.0,-1.02
148,B3k2Dq7hVpQ,형만한 동생 없다더니 1부는 좋은데 2부가 아쉬운영화들이 많은거 같아요,"['형', '만', '한', '동생', '없다더니', '1', '부는', '좋은데', '2', '부가', '아쉬운', '영화', '들', '이', '많은거', '같아요']",-0.23704158783772183,-0.11
149,-YoSNRwNA28,잭블랙은 영원히 베서니야 한다!!!!!,"['잭블랙', '은', '영원히', '베서니야', '한다']",0.20329241900949274,0.12
150,-YoSNRwNA28,학교에서 보러갔는데 그냥 보통 수준인거같습니다. 재미없지도않고 하지만 엄청 재밌지도 않은 정도,"['학교', '에서', '보러', '갔는데', '그냥', '보통', '수준', '인거', '같습니다', '재미없지도', '않고', '하지만', '엄청', '재밌지도', '않은', '정도']",3.1972195973064954,1.45
151,-YoSNRwNA28,근데 전국 개봉 아니여서 나 못보고 있음 ㅆㅂ,"['근데', '전국', '개봉', '아니여서', '나', '못', '보고', '있음']",1.7115234665332246,0.9
152,-YoSNRwNA28,이번 작품도 역시 볼거리는 좋아요. Cg도 화려하구요. 스토리는 평탄한 수준이고. 그래도 기대 이상은 아닌듯요. 출연진도 전작과 똑같아서 ...ㅎㅎ,"['이번', '작품', '도', '역시', '볼거리', '는', '좋아요', 'Cg', '도', '화려하구요', '스토리', '는', '평탄한', '수준', '이고', '그래도', '기대', '이상은', '아닌', '듯', '요', '출연', '진도', '전작', '과', '똑같아서']",3.236007743949605,1.34
153,-YoSNRwNA28,홍수를 막았죠..,"['홍수', '를', '막았죠']",0.0,0.0
154,-YoSNRwNA28,알없는 영웅....,"['알', '없는', '영웅']",1.1016462095047475,0.75
155,-YoSNRwNA28,와 진짜 올해 본 영화중에 제일 재미없었다,"['와', '진짜', '올해', '본', '영화', '중', '에', '제일', '재미없었다']",-0.013281804685514376,-0.01
156,-YoSNRwNA28,개노잼임 스토리가너무병신같음,"['개', '노잼', '임', '스토리', '가', '너무', '병신', '같음']",-2.9717513265153763,-1.56
157,-YoSNRwNA28,ㄹㅇ ㅈ노잼 ㅋㅋㅋㅋㅋㅋㅋㅋㅋㅋㅋㅋ,['노잼'],-1.0,-1.0
158,-YoSNRwNA28,고인물들만 있으면 노잼이라 뉴비(할아버지들) 투입한듯 ...<br>전 이번편도 재밌었어요<br><br>조만간 다음편 또 나올 것 같아요.ㅋㅋ <br>쥬만지 : 마지막(라스트) **,"['고', '인물', '들', '만', '있으면', '노잼', '이라', '뉴비', '할아버지', '들', '투입', '한', '듯', '전', '이번', '편도', '재밌었어요', '조만간', '다음', '편', '또', '나올', '것', '같아요', '쥬만지', '마지막', '라스트']",-2.109865612850064,-0.87
159,-YoSNRwNA28,영어로 보면 훨씬더 재밌는데ㅠㅠㅠ 거의 한시간 반을 웃다가 나온듯ㅋㅋㅋㅋ혹평이 많아서 아쉬유ㅠㅠ,"['영어', '로', '보면', '훨씬', '더', '재밌는데', '거의', '한', '시간', '반', '을', '웃다가', '나온듯', '혹평', '이', '많아서', '아쉬', '유']",1.7115234665332233,0.76
160,-YoSNRwNA28,지금 생각해 보면 마지막에 보스가 왼쪽 가슴을 눌렸을때 스테이더스가 떳잖아요 그럼 보스도 사실 먼저 들어간 플레이어 아닐까요.?,"['지금', '생각', '해', '보면', '마지막', '에', '보스', '가', '왼쪽', '가슴', '을', '눌렸을때', '스테이', '더스', '가', '떳잖아', '요', '그럼', '보스', '도', '사실', '먼저', '들어간', '플레이어', '아닐까', '요']",-2.6443887252498306,-1.09
161,-YoSNRwNA28,@소포 앗 그럴수도있겠네요!다른분들은 않 좋은 말투로 하시는 분들이 많은데 부드러운 말투로 해주셔서 감사합니다:),"['소포', '앗', '그럴수도', '있겠네요', '다른', '분들', '은', '않', '좋은', '말투', '로', '하시는', '분', '들', '이', '많은데', '부드러운', '말투', '로', '해주셔서', '감사합니다']",5.813169676037971,2.5
162,-YoSNRwNA28,@ᅳ 음... 예를들어서 보스가 다른 격투게임에 있는것처럼  올바르게 타이핑을 해야 쓸수있는 히든캐릭터가 될수있지 않을까요?,"['음', '예', '를', '들어서', '보스', '가', '다른', '격투게임', '에', '있는것처럼', '올바르게', '타이핑', '을', '해야', '쓸수있는', '히든', '캐릭터', '가', '될수있지', '않을까요']",2.9312779805901843,1.27
163,-YoSNRwNA28,근데 영화에선 5개의 캐릭터가있는데 그중에서 1캐릭터 빼고 4명의 캐릭터가 남아있었는데 그 먼저 들어가있던1명은 파일럿(비행기 조종사)이고 나머지4명은 이번 [쥬만지:넥스트레벨]에서나온 주인공들이니까 그럴가능성이 낮겠죠..그리고 스토리에도 그 보스가 쥬만지를 훔쳤다고 나오니 보스가 플레이어였다면 스토리가 다르게 진행 됐겠죠?..(아마두..,"['근데', '영화', '에선', '5', '개', '의', '캐릭터', '가', '있는데', '그', '중', '에서', '1', '캐릭터', '빼고', '4', '명의', '캐릭터', '가', '남아있었는데', '그', '먼저', '들어가있던', '1', '명', '은', '파일럿', '비행기', '조종사', '이고', '나머지', '4', '명', '은', '이번', '쥬만지', '넥스트', '레벨', '에서나', '온', '주인공', '들', '이니까', '그럴', '가능성', '이', '낮겠죠', '그리고', '스토리', '에도', '그', '보스', '가', '쥬만지', '를', '훔쳤다고', '나오니', '보스', '가', '플레이어', '였다면', '스토리', '가', '다르게', '진행', '됐겠죠', '아마', '두']",0.7269517176925774,0.26
164,-YoSNRwNA28,스포<br><br><br><br><br><br><br><br><br>나중에 후속작에서 말 한번더 나올듯,"['스포', '나중', '에', '후속작', '에서', '말', '한번', '더', '나올듯']",-1.2884765334667745,-0.66
165,-YoSNRwNA28,나레이션 들어보면  무슨말 하는지..국어단어 선택을 잘 못하는듯,"['나레이션', '들어', '보면', '무슨', '말', '하는지', '국어', '단어', '선택', '을', '잘', '못', '하는듯']",2.796707580990503,1.32
166,-YoSNRwNA28,물에 들어갔는대 영혼아 바뀌...,"['물', '에', '들어갔는대', '영혼', '아', '바뀌']",0.0,0.0
167,-YoSNRwNA28,진짜 솔까 다같이 물로 뛰어들고 나온뒤에 몸 바뀌는거 ㄹㅇ 개머시씀...,"['진짜', '솔', '까', '다', '같이', '물', '로', '뛰어들고', '나온', '뒤', '에', '몸', '바뀌는거', '개', '머시', '씀']",-0.2884765334667769,-0.13
168,-YoSNRwNA28,"따따시님의 리뷰들은 참 따뜻하네요. <br>영화가 하려는 메시지를 보다 더 쉽게, 선하게 해석하셔서 전달해 주시네요. 감사합니다.","['따따', '시', '님', '의', '리뷰', '들', '은', '참', '따뜻하네요', '영화', '가', '하려는', '메시지', '를', '보다', '더', '쉽게', '선하게', '해석', '하셔서', '전달', '해', '주시네요', '감사합니다']",2.9504589836393533,1.24
169,-YoSNRwNA28,"쥬만지 1,2 둘다 안본상태로 이번에 새로나온 3를보면 스토리이해가 많이 어려울까요?아님 그냥 볼수 있는정도일까요?","['쥬만지', '12', '둘다', '안', '본', '상태', '로', '이번', '에', '새로', '나온', '3', '를', '보면', '스토리', '이해', '가', '많이', '어려울까', '요', '아님', '그냥', '볼수', '있는', '정도', '일까', '요']",1.0913592535516863,0.45
170,-YoSNRwNA28,@따따시의 영화 리뷰 앗 감사합니다!!,"['따따', '시', '의', '영화', '리뷰', '앗', '감사합니다']",1.9380021576871411,1.05
171,-YoSNRwNA28,평점이 혹평이어서 고민했는데 그렇게 많이 재미없진 않았음,"['평점', '이', '혹평', '이어서', '고민', '했는데', '그렇게', '많이', '재미없진', '않았음']",-0.08518411445728158,-0.04
172,-YoSNRwNA28,오늘 봤는데 진짜 ㅈ노잼이던데;;,"['오늘', '봤는데', '진짜', '노잼', '이', '던데']",-1.288476533466777,-0.72
173,-YoSNRwNA28,"이 댓글은 스포일러가 포함되어있을 수 있습니다<br>.<br>.<br>.<br>.<br>.<br>.<br>.<br>.<br>.<br>.<br>개인적으로 많이 아쉬웠습니다. 전작에서 보여준 평범하거나 그 이하로 보이는 주인공&#39;스펜서&#39;가 쥬만지에 들어가, 드웨인존슨으로 엄청난 힘을 얻게되며 자신감과 용기를 찾고 한층더 성장해가는 모습이 감동으로 다가왔었습니다.  <br>하지만 이번영화에서는 게임과의 괴리감으로 인해 죽을지도모르는 쥬만지라는 게임을 굳이 고친다음 친구들 만나기 전날에 혼자들어갑니다. 끝까지 자신(스펜서) 스스로의 힘으로 하는것은 전무하며, 마치 현실 부적응자가 게임속에서만 강한 자신의 케릭터에 의존하는것같았습니다. 그렇게 자신과 친구들의 목숨을건 게임으로 멘탈케어를 마친 후 승리자가 된 마냥 시궁창현실의 자신(스펜서)으로 돌아와서 친구들과 노닥거리는 모습은 전혀 감동적이지 않았습니다.<br><br>오히려 &#39;늙는다는것은 최악이야!&#39; 라고 늘 얘기해오던 그의 할아버지가 게임을통해 성장하고 <br>오래된 친구와의 화해,이별을통해 마지막에 손자인 스펜서에게 했던 한마디 &#39;다시 생각해보니 늙는다는것은 축복이야(의역)&#39;가 정말 멋지고 감동적으로 다가왔던것 같습니다.","['이', '댓글', '은', '스포일러', '가', '포함', '되어있을', '수', '있습니다', '개인', '적', '으로', '많이', '아쉬웠습니다', '전작', '에서', '보여준', '평범하거나', '그', '이하', '로', '보이는', '주인공', '39', '스펜서', '39', '가', '쥬만지', '에', '들어가', '드웨인존슨', '으로', '엄청난', '힘', '을', '얻게되', '며', '자신감', '과', '용기', '를', '찾고', '한층', '더', '성장해가는', '모습', '이', '감동', '으로', '다가왔었습니다', '하지만', '이', '번영', '화', '에서는', '게임', '과의', '괴리감', '으로', '인해', '죽을지도', '모르는', '쥬만지', '라는', '게임', '을', '굳이', '고친다음', '친구', '들', '만나기', '전날', '에', '혼자', '들어갑니다', '끝', '까지', '자신', '스펜서', '스스로', '의', '힘', '으로', '하는것은', '전무하며', '마치', '현실', '부', '적응', '자', '가', '게임', '속', '에서만', '강한', '자신', '의', '케릭', '터', '에', '의존', '하는것', '같았습니다', '그렇게', '자신', '과', '친구', '들', '의', '목숨', '을', '건', '게임', '으로', '멘탈', '케어', '를', '마친', '후', '승리자', '가', '된', '마냥', '시궁창', '현실', '의', '자신', '스펜서', '으', '로', '돌아와서', '친구', '들', '과', '노닥거리', '는', '모습', '은', '전혀', '감동', '적', '이지', '않았습니다', '오히려', '39', '늙는다는것은', '최악', '이야', '39', '라고', '늘', '얘기', '해오던', '그', '의', '할아버지', '가', '게임', '을', '통해', '성장하고', '오래된', '친구', '와의', '화해', '이별', '을', '통해', '마지막', '에', '손자', '인', '스펜서', '에게', '했던', '한마디', '39', '다시', '생각', '해보니', '늙는다는것은', '축복', '이야', '의역', '39', '가', '정말', '멋지고', '감동', '적', '으로', '다가왔던것', '같습니다']",19.44637136847987,5.92
174,rAECW2nIVPw,Wwwwwwooooooooooooowwwwwwwwqwww,['Wwwwwwooooooooooooowwwwwwwwqwww'],0.0,0.0
175,rAECW2nIVPw,Dibujas excelente dibuja a goku super sayayin,"['Dibujas', 'excelente', 'dibuja', 'a', 'goku', 'super', 'sayayin']",0.0,0.0
176,rAECW2nIVPw,"El mejor, sigue asi","['El', 'mejor', 'sigue', 'asi']",0.0,0.0
177,rAECW2nIVPw,Oh my god this is amazing! How long did it take you to complete it?,"['Oh', 'my', 'god', 'this', 'is', 'amazing', 'How', 'long', 'did', 'it', 'take', 'you', 'to', 'complete', 'it']",0.0,0.0
178,rAECW2nIVPw,i loveeeeee it,"['i', 'loveeeeee', 'it']",0.0,0.0
179,rAECW2nIVPw,"WOW! Good job, this is amazing!","['WOW', 'Good', 'job', 'this', 'is', 'amazing']",0.0,0.0
180,rAECW2nIVPw,Wow amazing I wish I had your artistic skills,"['Wow', 'amazing', 'I', 'wish', 'I', 'had', 'your', 'artistic', 'skills']",0.0,0.0
181,rAECW2nIVPw,Beautiful,['Beautiful'],0.0,0.0
182,rAECW2nIVPw,Wonderful,['Wonderful'],0.0,0.0
183,rAECW2nIVPw,it&#39;s very amazing 🌹🌹. I LOVE IT. 👌,"['it', '39', 's', 'very', 'amazing', 'I', 'LOVE', 'IT']",-0.3089438976094868,-0.16
184,rAECW2nIVPw,This one&#39;s the best ❤️,"['This', 'one', '39', 's', 'the', 'best']",-0.3089438976094868,-0.17
185,rAECW2nIVPw,la roca en estado puro,"['la', 'roca', 'en', 'estado', 'puro']",0.0,0.0
186,rAECW2nIVPw,Awesome. Great job.,"['Awesome', 'Great', 'job']",0.0,0.0
187,rAECW2nIVPw,"질감이 느껴지는 생도감있는 터치가 맘에 들어요~^^ 쥬만지의 주인공, 드웨인 존스의 익숙한 영상 모습이 눈에 선 합니다... 감상 잘 했어요~^^  생큐!!!","['질감', '이', '느껴지는', '생도', '감있는', '터치', '가', '맘', '에', '들어요', '쥬만지', '의', '주인공', '드웨', '인', '존스', '의', '익숙한', '영상', '모습', '이', '눈', '에', '선', '합니다', '감상', '잘', '했어요', '생큐']",3.691056102390508,1.5
188,rAECW2nIVPw,This is Amazing! Could you draw Freddie Mercury? :&#39;) :O,"['This', 'is', 'Amazing', 'Could', 'you', 'draw', 'Freddie', 'Mercury', '39', 'O']",-0.3089438976094868,-0.15
189,rAECW2nIVPw,what app or website do you use on making you video timelapsed?,"['what', 'app', 'or', 'website', 'do', 'you', 'use', 'on', 'making', 'you', 'video', 'timelapsed']",0.0,0.0
190,rAECW2nIVPw,adobe premiere pro(video editing program on PC) you can also use Vegas or other programs,"['adobe', 'premiere', 'provideo', 'editing', 'program', 'on', 'PC', 'you', 'can', 'also', 'use', 'Vegas', 'or', 'other', 'programs']",0.0,0.0
191,rAECW2nIVPw,what a beautiful drawing my god!  you draw too much bro!,"['what', 'a', 'beautiful', 'drawing', 'my', 'god', 'you', 'draw', 'too', 'much', 'bro']",0.0,0.0
192,rAECW2nIVPw,Thank you😄,"['Thank', 'you']",0.0,0.0
193,rAECW2nIVPw,와 진짜 잘그리세요.....😭<br>이 그림은 몇 시간 소요되셨나요??,"['와', '진짜', '잘', '그리세요', '이', '그림', '은', '몇', '시간', '소요', '되셨나요']",0.5082310475237304,0.25
194,rAECW2nIVPw,감사합니당 스케치랑 색칠 다 해서 11시간정도 걸렸을 거에요 ㅎㅎ,"['감사합니당', '스케치', '랑', '색칠', '다', '해서', '11시간', '정도', '걸렸을', '거', '에요']",1.7762402168477882,0.87
195,rAECW2nIVPw,how many x do you use in time lapse? ( times ) imean like 6x or 8x,"['how', 'many', 'x', 'do', 'you', 'use', 'in', 'time', 'lapse', 'times', 'imean', 'like', '6', 'x', 'or', '8', 'x']",0.0,0.0
196,rAECW2nIVPw,Marki draws DAAMMM how can you do that? what app are you using?,"['Marki', 'draws', 'DAAMMM', 'how', 'can', 'you', 'do', 'that', 'what', 'app', 'are', 'you', 'using']",0.0,0.0
197,rAECW2nIVPw,70 times or more😄(70×),"['70', 'times', 'or', 'more', '70']",0.0,0.0
198,rAECW2nIVPw,This is amazing man great job,"['This', 'is', 'amazing', 'man', 'great', 'job']",0.0,0.0
199,rNfvgCVLKM8,예상 정답 줄줄 외웠노. 너무 티나네,"['예상', '정답', '줄줄', '외웠노', '너무', '티나', '네']",-0.0204673641427172,-0.01
200,rNfvgCVLKM8,뎍시 봉,"['뎍시', '봉']",0.0,0.0
201,rNfvgCVLKM8,두 유 노우 패러사이트?,"['두', '유', '노우', '패러', '사이트']",0.0,0.0
202,rNfvgCVLKM8,아콰피나야 한국계니 관심좀 있겠고<br>잭블랙도 이해가고<br>카렌 길런은 올드보이만 알겠지 뭐<br><br>이해감,"['아콰', '피나', '야', '한국', '계', '니', '관심', '좀', '있겠고', '잭블랙', '도', '이해', '가고', '카렌', '길런', '은', '올드보이', '만', '알겠지', '뭐', '이', '해감']",1.1221135736474603,0.48
203,rNfvgCVLKM8,공식질문 이구만,"['공식', '질문', '이구만']",0.0,0.0
204,rNfvgCVLKM8,ㅋㅋㅋㅋㅋ,[],0.0,-0.0
205,FpYRwtAKUtc,크리스마스 즐겁게 보내세요! 전 집구석에서 영상이나 만들고 있겠습니다 하하!,"['크리스마스', '즐겁게', '보내세요', '전', '집', '구석', '에서', '영상', '이나', '만들고', '있겠습니다', '하하']",4.406584838018986,2.12
206,FpYRwtAKUtc,덕분에 잘보고있습니다! 저는 커플입니다 !,"['덕분', '에', '잘', '보고있습니다', '저', '는', '커플', '입니다']",1.321400723561706,0.69
207,FpYRwtAKUtc,크리스마스 즐겁게 보내세요! 전 집구석에서 배배님영상이나 보겠습니다 하하!,"['크리스마스', '즐겁게', '보내세요', '전', '집', '구석', '에서', '배배', '님', '영상', '이나', '보겠습니다', '하하']",4.406584838018986,2.08
208,FpYRwtAKUtc,여자 꼬마애 혹쉬 스파이더맨 제인인가?,"['여자', '꼬마', '애', '혹쉬', '스파이더맨', '제인', '인가']",-0.49176895247626706,-0.27
209,FpYRwtAKUtc,저 성인이 되어서 쥬만지 봤는데 감동도 있고 재미있더라고요. 교훈도 있고<br>부모님께 감사하고 죄송하네요<br>메리 크리스마스!!,"['저', '성인', '이', '되어서', '쥬만지', '봤는데', '감동', '도', '있고', '재미있더라고요', '교훈', '도', '있고', '부모님', '께', '감사하고', '죄송하네요', '메리', '크리스마스']",3.4713015883335525,1.52
210,FpYRwtAKUtc,명작 영화..,"['명작', '영화']",0.2751947287812627,0.21
211,FpYRwtAKUtc,아씨 이 영화도 결국 커플 나오네 솔크 ㅠㅠ,"['아씨', '이', '영화', '도', '결국', '커플', '나오네', '솔', '크']",0.47848714779075524,0.24
212,FpYRwtAKUtc,스파이더맨 여자친구도 나오네,"['스파이더맨', '여자친구', '도', '나오네']",0.0,0.0
213,FpYRwtAKUtc,이게 쥬만지지,"['이', '게', '쥬만지', '지']",0.2680091693240598,0.17
214,FpYRwtAKUtc,"크리스인데, 나홀로집에 시리즈해주세요! 연말은 케빈이죵♥","['크리스', '인데', '나', '홀로', '집', '에', '시리즈', '해주세요', '연말', '은', '케빈', '이', '죵']",-1.9835379049525343,-0.94
215,FpYRwtAKUtc,아빠랑 사냥꾼 1인 2역이라는게 소름,"['아빠', '랑', '사냥꾼', '1', '인', '2', '역', '이라는', '게', '소름']",-2.0,-1.0
216,FpYRwtAKUtc,오메...,['오메'],0.0,0.0
217,FpYRwtAKUtc,아 대박...,"['아', '대박']",0.0,0.0
218,FpYRwtAKUtc,헐 첨 알음,"['헐', '첨', '알음']",0.0,0.0
219,FpYRwtAKUtc,쥬만지는최근에나온것도있으니! 시청,"['쥬만지', '는', '최근', '에나', '온것도', '있으니', '시청']",0.2680091693240598,0.15
220,FpYRwtAKUtc,언제봐도 마음이 따뜻해지는 명작 로빈윌리엄스 특유의 따뜻한감성이 살아있는 영화입니다,"['언제', '봐도', '마음', '이', '따뜻해지는', '명작', '로빈윌리엄스', '특유', '의', '따뜻한', '감성', '이', '살아있는', '영화', '입니다']",5.49494924283822,2.53
221,FpYRwtAKUtc,이번에3보러가야지,"['이번', '에', '3', '보러가야지']",-0.1341090172394378,-0.08
222,FpYRwtAKUtc,@다나 가족은 다른영화를 봐세,"['다나', '가족', '은', '다른', '영화', '를', '봐세']",1.6982416618477139,0.92
223,FpYRwtAKUtc,@다나 저혼자 보러가는데 ㅠㅠ,"['다나', '저', '혼자', '보러가는데']",-0.49176895247626706,-0.31
224,FpYRwtAKUtc,가족이랑 보는걸 추천합니다^^,"['가족', '이랑', '보는걸', '추천', '합니다']",1.7115234665332208,1.01
225,FpYRwtAKUtc,나이스1빠!!!!!!!!!,"['나이스', '1', '빠']",0.0,0.0
226,FpYRwtAKUtc,아 예전에 학교에서 봤는데,"['아', '예전', '에', '학교', '에서', '봤는데']",0.4065848380189855,0.23
227,vibeFvphf7Y,ㅋㅋㅋ,[],0.0,-0.0
228,vibeFvphf7Y,쥬만지 너무 재밌었음ㅋㅋ웃기는장면이 넘나 많아섴ㅋㅋㅋㅋ,"['쥬만지', '너무', '재밌었음', '웃기는', '장면', '이', '넘나', '많아섴']",1.2475418051813425,0.66
229,vibeFvphf7Y,1,['1'],0.0,0.0
230,OYNaKi758UI,시리즈물은 99프로가 전작봐야 뭔소린지 아는 시리즈가 많습니다 몰라도되는 영화는 별로없음,"['시리즈', '물', '은', '99', '프로', '가', '전작', '봐야', '뭔', '소린', '지', '아는', '시리즈', '가', '많습니다', '몰라도', '되는', '영화', '는', '별로', '없음']",1.901534080857204,0.82
231,OYNaKi758UI,쥬만지는 2편을 너무 노잼으로봐서 3편은 나중에 집에서 볼려고 걸렀습니다,"['쥬만지', '는', '2', '편', '을', '너무', '노잼', '으로', '봐서', '3', '편', '은', '나중', '에', '집', '에서', '볼려고', '걸렀습니', '다']",-1.213370509807737,-0.53
232,OYNaKi758UI,고양이ㅋㅋㅋㅋ하고 엉준님옷이ㅋㅋ,"['고양이', '하고', '엉', '준', '님', '옷', '이']",0.49176895247626484,0.27
233,OYNaKi758UI,미키꼬리만 보여요~~  ㅎㅅㅎ,"['미키', '꼬리', '만', '보여요']",0.20329241900949274,0.13
234,OYNaKi758UI,보고나서 ㅎㅎ,['보고나서'],0.0,0.0
235,OYNaKi758UI,촬영에 완전히적응한듯한 미키의 순백의 털..털이 토실해서 더 귀엽네요. 귀로는 엉준님의 재치있는 비평 눈으로는 미키 응댕보니 좋네요,"['촬영', '에', '완전히', '적응한듯', '한', '미키', '의', '순백', '의', '털털', '이', '토실해서', '더', '귀엽네요', '귀로', '는', '엉', '준', '님', '의', '재치', '있는', '비평', '눈', '으로는', '미키', '응댕', '보니', '좋네요']",2.4395090281139127,0.99
236,OYNaKi758UI,애옹이 보느라 내용 까먹었다 ㅎ,"['애', '옹이', '보느라', '내용', '까먹었다']",0.20329241900949274,0.12
237,OYNaKi758UI,전작이 우리나라기준으로 2018년 1월<br>미국기준 2017년 12월 개봉이라 치면<br>우리나라에서는 1년11개월 만의<br>속편이군요<br>너무 빨리 만드는 감이 없잖아 있어보임,"['전작', '이', '우리나라', '기준', '으로', '2018년', '1월', '미국기준', '2017년', '12월', '개봉', '이라', '치면', '우리나라', '에서는', '1년', '11', '개월', '만', '의', '속', '편이', '군', '요', '너무', '빨리', '만드는', '감', '이', '없잖아', '있어', '보임']",0.24660588244889226,0.1
238,OYNaKi758UI,모든 영화가 무겁고 진지할 필요는 없다고 생각합니다. 가볍고 재미나는 것도 하나의 장르 혹은 스타일이라고 생각합니다. 충분히 신나고 즐겁습니다. 전편보다 좋았고 다음 편도 기대됩니다.,"['모든', '영화', '가', '무겁고', '진지할', '필요', '는', '없다고', '생각', '합니다', '가볍고', '재미나', '는', '것', '도', '하나', '의', '장르', '혹은', '스타일', '이라고', '생각', '합니다', '충분히', '신나고', '즐겁습니다', '전편', '보다', '좋았고', '다음', '편도', '기대', '됩니다']",6.407046220379221,2.54
239,OYNaKi758UI,쥬만지 리뷰할 땐 호피무늬! 좋습니다^^!!,"['쥬만지', '리뷰', '할', '땐', '호피', '무늬', '좋습니다']",0.21929313169671508,0.12
240,OYNaKi758UI,이거 다시 볼바엔 나이브스 아웃 다시 보러 감,"['이', '거', '다시', '볼바', '엔', '나이', '브스', '아웃', '다시', '보러', '감']",0.4065848380189855,0.2
241,OYNaKi758UI,유전 주인공은 피부톤자체가 화면밝기에따라서 바뀌나봄ㅋㅋ 유전땐 화면톤이 칙칙해서 무슨 인도인처럼보였는데 또 이번 쥬만지에선 그냥 평범한 백인임ㅋㅋ,"['유전', '주인공', '은', '피부', '톤', '자체', '가', '화면', '밝기', '에', '따라서', '바뀌나', '봄', '유전', '땐', '화면', '톤', '이', '칙칙해서', '무슨', '인도인', '처럼', '보였는데', '또', '이번', '쥬만지', '에선', '그냥', '평범한', '백인', '임']",1.0631105800670624,0.43
242,OYNaKi758UI,미키가 이젠 유튜브 각을 아는거 같네요 ㅎㅎㄹ,"['미키', '가', '이', '젠', '유튜브', '각', '을', '아는거', '같네요']",0.20329241900949274,0.1
243,OYNaKi758UI,이러다 영화채널에서 냥이채널로 변경되는거 아닌가요?,"['이러다', '영화', '채널', '에서', '냥', '이채널', '로', '변경', '되는거', '아닌가요']",0.681779566800248,0.34
244,OYNaKi758UI,그냥 킬링타임용 ㅋㅋ 역시 기대 안 하고 보면 잼남 ㅋㅋ,"['그냥', '킬링타임', '용', '역시', '기대', '안', '하고', '보면', '잼남']",2.912748332934972,1.49
245,OYNaKi758UI,진정한 씬스틸러 흰냥이,"['진정한', '씬스틸러', '흰냥', '이']",0.0,0.0
246,OYNaKi758UI,엉준님. 내년에는 구독자 10만명 넘어갑시당🤗,"['엉', '준', '님', '내년', '에는', '구', '독자', '10만', '명', '넘어갑시당']",0.20329241900949274,0.1
247,OYNaKi758UI,씬스틸러 냥이ㅋㅋㅋㅋㅋㅋㅋ,"['씬스틸러', '냥', '이']",0.0,0.0
248,OYNaKi758UI,아 꼬리보다 영상에 집중안됨,"['아', '꼬리', '보다', '영상', '에', '집중', '안됨']",0.995994730904751,0.54
249,OYNaKi758UI,전편 안보고 요번꺼 봤으면 겁내 짜증내면서 봤을듯...,"['전편', '안보', '고', '요', '번', '꺼', '봤으면', '겁내', '짜증', '내면', '서', '봤을듯']",-2.491768952476267,-1.2
250,OYNaKi758UI,시리즈라고 쓰고<br>유사영화라고 읽는다.<br><br>능력도 노력도 없이<br>팔려고 영화만드는 시대.,"['시리즈', '라고', '쓰고', '유사', '영화', '라고', '읽는다', '능력', '도', '노력', '도', '없이', '팔', '려고', '영화', '만드는', '시대']",2.783425776304993,1.25
251,OYNaKi758UI,왜때문에 주인님이 벌크업되셨죠??ㅋㅋㅋㅋㅋㅋㅋㅋㅋ<br>혹시 동물확대범?,"['왜', '때문', '에', '주인', '님', '이', '벌', '크', '업', '되셨죠', '혹시', '동물', '확대', '범']",-2.0,-0.93
252,OYNaKi758UI,그냥 가볍게 ㄱㅊ은 영화인거같아요<br>잭블랙님은 진짜 연기 잘하시는거같아요,"['그냥', '가볍게', '은', '영화', '인거', '같아요', '잭블랙', '님', '은', '진짜', '연기', '잘', '하시는거', '같아요']",0.4888764211352209,0.23
253,OYNaKi758UI,곧 애니멀유튜버로 겸업하실듯^^,"['곧', '애니멀', '유', '튜버', '로', '겸', '업하실듯']",0.0,0.0
254,OYNaKi758UI,이거... 흠..... 극장가서 보기 쫌 그런것 같기는 해요 ㅠㅠ,"['이', '거', '흠', '극', '장가', '서', '보기', '쫌', '그런것', '같기는', '해', '요']",-1.7967075809905073,-0.86
255,OYNaKi758UI,차라리 1편은 게임에 들어가는 신박함이 있었는데 이번은 어이없이 들어가고 등장인물도 많아서 더 가벼워진 느낌이네요 저는 원래 쥬만지 처럼 게임속 내용이 현실에 작용할거같은 속편이 기대되네요<br>보드게임으로 하던 쥬만지가 최고지만요,"['차라리', '1', '편', '은', '게임', '에', '들어가는', '신', '박함이', '있었는데', '이번', '은', '어이없이', '들어가고', '등장인물', '도', '많아서', '더', '가벼워진', '느낌이네요', '저', '는', '원래', '쥬만지', '처럼', '게임', '속', '내용', '이', '현실', '에', '작용', '할거', '같은', '속편', '이', '기대', '되네요', '보드게임', '으로', '하던', '쥬만지', '가', '최고', '지만', '요']",5.4579277317699635,2.05
256,OYNaKi758UI,미키 꼬리만 하루종일 볼수 있을듯...<br>홀린다 홀려.....,"['미키', '꼬리', '만', '하루', '종일', '볼수', '있을듯', '홀', '린다', '홀려']",0.4065848380189855,0.2
257,OYNaKi758UI,나도 남주 볼때마다 유전 떠오름ㅋㅋㅋㅋㅋㅋ전 재밌게봤어요 보통 후속편에 대한 기대는 내려놓는편인데 생각 이상으로 재밌음,"['나도', '남주', '볼때', '마다', '유전', '떠오름전', '재밌게', '봤어요', '보통', '후', '속편', '에', '대한', '기대는', '내려놓는', '편', '인데', '생각', '이상', '으로', '재밌음']",-0.9349328113243467,-0.4
258,OYNaKi758UI,냥이 촬영하는거 알고 일부러 엉덩이 내밀고 있는거다에 한표,"['냥', '이', '촬영', '하는거', '알', '고', '일부러', '엉덩이', '내', '밀고', '있는거다에', '한', '표']",-1.4917689524762672,-0.71
259,OYNaKi758UI,미키님 자꾸 뒤에 호피무늬 큰냥이가 시선 뺏는데 뺴주세요,"['미키', '님', '자꾸', '뒤', '에', '호피', '무늬', '큰냥', '이', '가', '시선', '뺏는데', '뺴주세', '요']",0.4065848380189855,0.19
260,OYNaKi758UI,억지로 목숨값 1로 맞춰도 긴장감이 전혀 없는 영화...,"['억지로', '목숨', '값', '1', '로', '맞춰도', '긴장감', '이', '전혀', '없는', '영화']",-1.826451480723482,-0.89
261,OYNaKi758UI,이쁜 친구랑 가서 보니깐 무슨 영화든 꿀잼이었다는걸 알게된 소중한 영화였어요,"['이쁜', '친구', '랑', '가서', '보', '니깐', '무슨', '영화', '든', '꿀', '잼이었다는걸', '알', '게', '된', '소중한', '영화', '였어요']",5.478487147790755,2.46
262,OYNaKi758UI,리뷰보다 냥이가 큰 일 했네요 ㅎㅎㅎㅎ,"['리뷰', '보다', '냥', '이', '가', '큰', '일', '했네요']",0.3374014362489258,0.18
263,OYNaKi758UI,잘 보고 갑니다😀,"['잘', '보고', '갑니다']",2.3049386285142393,1.56
264,2JbmMhtxSYc,ㅋㅋㅋㅋㅋ,[],0.0,-0.0
265,2JbmMhtxSYc,키가작아서 드웨인존슨 옆에있으면 한없이 작아보이던데,"['키', '가', '작아서', '드웨인존슨', '옆', '에', '있으면', '한없이', '작아', '보이던데']",0.20329241900949274,0.1
266,2JbmMhtxSYc,갈수록 비디오영화로 가는 느낌이다.. 옛날 쥬만지 반도 못따라가,"['갈수록', '비디오영화', '로', '가는', '느낌', '이다', '옛날', '쥬만지', '반도', '못', '따라가']",0.2680091693240598,0.13
267,2JbmMhtxSYc,ㅋㅋㅋㅋㅋㅋㅋ,[],0.0,-0.0
268,2JbmMhtxSYc,드 웨인형님 대박이다 ㅋㅋ,"['드', '웨인', '형님', '대박', '이다']",0.0,0.0
269,2JbmMhtxSYc,둘이 팔씨름 언제붙음?,"['둘', '이', '팔씨름', '언제', '붙음']",0.8983537904952527,0.53
270,2JbmMhtxSYc,이제 공식질문에 두유노 마동석도 추가,"['이제', '공식', '질문', '에', '두유노', '마동석', '도', '추가']",0.0,0.0
271,2JbmMhtxSYc,드웨인 존슨이있는데 마동석이 들어갈자리가...<br>그래도 보이면 좋긴하겠네요,"['드웨', '인', '존슨', '이', '있는데', '마동석', '이', '들어갈', '자리', '가', '그래도', '보이', '면', '좋긴', '하겠네요']",-0.6950613714857621,-0.32
