,id,sentence,comment_cut,score,ratio
0,BeAuiLGi938,재밌다 이 영화,"['재밌다', '이', '영화']",-0.14565036747886895,-0.1
1,BeAuiLGi938,미키의자살괴담은진짜입니까?,"['미키', '의', '자살', '괴담', '은진', '짜입니까']",0.0,0.0
2,BeAuiLGi938,테케테케 라는 일본 b급 공포영화를 보시면 아~! 하실듯,"['테케테케', '라는', '일본', 'b', '급', '공포영화', '를', '보시', '면', '아', '하실듯']",-0.10692017559488143,-0.05
3,BeAuiLGi938,아 이거 보러가야하는데 ㅠㅠㅠ 예약할까 ㅠㅜㅜㅠ,"['아', '이', '거', '보러가야하는데', '예약', '할까']",0.0,0.0
4,BeAuiLGi938,1빠,"['1', '빠']",0.0,0.0
5,BeAuiLGi938,💙💙💙💙💙💙💙💙💙💙💙,[],0.0,-0.0
6,z9AzQQNHTFo,이스터 에그 하나 더 있어요~!! 만티코어 주점에 인형뽑기 기계팔이 인피니티 건틀렛이에요~!!👍,"['이스터', '에그', '하나', '더', '있어요', '만', '티코', '어', '주점', '에', '인형', '뽑기', '기계', '팔이', '인피니티', '건틀렛', '이에요']",-0.9793373435370074,-0.44
7,z9AzQQNHTFo,이거 오늘 영화를 봤는데  🐕재미 있어요<br>결말은(자세히 보기)<br><br><br><br><br><br><br><br><br><br><br>훼이크다!!!!!!!!!(말하면 안되겠지?),"['이', '거', '오늘', '영화', '를', '봤는데', '재미', '있어요', '결말', '은', '자세히', '보기', '훼', '이크', '다말', '하', '면', '안되겠지']",4.640509281331368,2.06
8,z9AzQQNHTFo,영화 진짜 감동적이였음... 이안은좋겠다 저런 멋진형이있으니,"['영화', '진짜', '감동', '적이였음', '이안', '은', '좋겠다', '저런', '멋진', '형', '이', '있으니']",3.4378720749970486,1.65
9,z9AzQQNHTFo,이거  극장에서봄  꿀잼 입니다   그리고 마지막에 감동,"['이', '거', '극장', '에서', '봄', '꿀잼', '입니다', '그리고', '마지막', '에', '감동']",2.0236739229615073,0.99
10,z9AzQQNHTFo,"<a href=""https://www.youtube.com/watch?v=z9AzQQNHTFo&amp;t=6m00s"">6:00</a> 왼쪽 아래 인형 가오갤 1에서<br>스타르드가 파워스톤 욘두한테 넘길때<br>파워스톤이랑 바꿔치기한 인형 아닌가요?","['600', '왼쪽', '아래', '인형', '가오', '갤', '1', '에서', '스', '타르드', '가', '파워', '스톤', '욘두', '한테', '넘길', '때', '파워', '스톤', '이랑', '바꿔치', '기한', '인형', '아닌가요']",-0.7855805375136256,-0.33
11,z9AzQQNHTFo,맞음 ㅋㅋㅋㅋ 크리스프랫이 성우라서 넣어둔 듯,"['맞음', '크리', '스프', '랫', '이', '성우', '라서', '넣어', '둔', '듯']",0.0,0.0
12,z9AzQQNHTFo,망할 징조가 얼마나 많길레 디즈니 픽사가 광고비를 지불할 정도인가요? ㄷㄷ<br>토이스토리4보다 못하다는 얘기가 있으니 보러 가실 분은 참고하세요.<br>저도 기다리고 있었는데 상영 몇 달 전부터 평점 올리기 수작질 하길레 평점 알바들 다 빠질 때까지 기다리고 있습니다.<br>디즈니에서 우정을 강요하라고 지침을 내렸는지 평점 알바들이 공통적으로 하는 소리가 다 비슷해요.,"['망할', '징조', '가', '얼마나', '많길레', '디즈니', '픽사', '가', '광고', '비', '를', '지불', '할', '정도', '인가요', '토이스토리', '4', '보다', '못', '하다는', '얘기', '가', '있으니', '보러', '가실', '분', '은', '참고', '하세요', '저', '도', '기다리고', '있었는데', '상영', '몇', '달', '전', '부터', '평점', '올', '리기', '수작', '질', '하길레', '평점', '알바', '들', '다', '빠질', '때', '까지', '기다리고', '있습니다', '디즈니', '에서', '우정', '을', '강요', '하', '라고', '지침', '을', '내렸는지', '평점', '알바', '들', '이', '공통', '적', '으로', '하는', '소리', '가', '다', '비슷해요']",-13.421495203542396,-4.67
13,z9AzQQNHTFo,"<a href=""https://www.youtube.com/watch?v=z9AzQQNHTFo&amp;t=7m21s"">7:21</a> 누가 껌 노래 틀랬엌ㅋㅋㅋㅋㅋㅋㅋㅋ<br>와 나 저 요정이 트리플덴트 껌 들고있는거 처음알았음ㅋㅋ 쟤네들도 노래에 중독돼서 사버렸나봐요","['721', '누가', '껌', '노래', '틀랬엌', '와', '나', '저', '요정', '이', '트리플', '덴트', '껌', '들고있는거', '처음', '알았음', '쟤', '네', '들도', '노래', '에', '중독', '돼서', '사', '버렸나', '봐요']",-5.106920175594879,-2.11
14,z9AzQQNHTFo,하반신만 있으면되~ 하반신만 있으면되~,"['하반신', '만', '있으면되', '하반신', '만', '있으면되']",0.0,0.0
15,z9AzQQNHTFo,상체만 있었다면 아이는 없었을것...,"['상체', '만', '있었다면', '아이', '는', '없었을것']",-0.6172515038263777,-0.35
16,z9AzQQNHTFo,이 영상=숙제,"['이', '영상', '숙제']",0.0,0.0
17,z9AzQQNHTFo,노래가 좀 많이 나왔으면...좋았을듯  뮤지컬영화처럼,"['노래', '가', '좀', '많이', '나왔으면', '좋았을듯', '뮤지컬영화', '처럼']",-1.8517545114791318,-0.97
18,z9AzQQNHTFo,이거 보고 발리 조끼 뱃지 진짜 열심히 보게 됨ㅋㅋㅋㅋ,"['이', '거', '보고', '발리', '조끼', '뱃지', '진짜', '열심히', '보게', '됨']",2.1945980776907517,1.1
19,z9AzQQNHTFo,어린애들: 와! 판타지 영화!<br>어른들:(눈물 주륵),"['어린', '애', '들', '와', '판타지', '영화', '어른', '들', '눈물', '주륵']",-2.043757468127883,-1.02
20,z9AzQQNHTFo,ㅋㅋㅋㅋㅋㅋㅋ,[],0.0,-0.0
21,z9AzQQNHTFo,그래도 픽사 최악의 흑역사였던 카 2보다는 나은 듯.,"['그래도', '픽사', '최악', '의', '흑역사', '였던', '카', '2', '보다는', '나은', '듯']",-5.269481778990568,-2.58
22,z9AzQQNHTFo,"<a href=""https://www.youtube.com/watch?v=z9AzQQNHTFo&amp;t=0m43s"">0:43</a> 여기서 부터 디즈니 냄새가 나네...","['043', '여기', '서', '부터', '디즈니', '냄새', '가', '나네']",-1.7448343358842486,-0.92
23,z9AzQQNHTFo,와. 영화 무식인이신가.....,"['와', '영화', '무식', '인', '이신가']",-0.7629018713052467,-0.45
24,z9AzQQNHTFo,스포주의?<br><br><br><br><br><br>어차피 피닉스 젬이 있으면 다음날에 다시 소환하면 되는거 아닌가?,"['스포', '주의', '어차피', '피닉스', '젬', '이', '있으면', '다음', '날', '에', '다시', '소환', '하면', '되는거', '아닌가']",-5.320760526784644,-2.45
25,z9AzQQNHTFo,와 디즈니 협찬.. ㄹㅈㄷ,"['와', '디즈니', '협찬']",0.0,0.0
26,z9AzQQNHTFo,와 그래픽.. ㅠㅠ 보러가려면 코로나부터 어떻게 되야 할텐데..,"['와', '그래픽', '보러가려면', '코로나', '부터', '어떻게', '되야', '할텐데']",-1.7448343358842486,-0.92
27,z9AzQQNHTFo,???: 아 상체 해야돼는데 하체만 해야겠네...ㅠㅠ,"['아', '상체', '해야', '돼는데', '하체', '만', '해야겠네']",0.0,0.0
28,z9AzQQNHTFo,엄마의 위대함을 알려주는 영화.,"['엄마', '의', '위대함을', '알려주는', '영화']",-1.2732331995367399,-0.75
29,z9AzQQNHTFo,동생은 만들수 있겠네,"['동생', '은', '만들수', '있겠네']",-0.6172515038263777,-0.39
30,z9AzQQNHTFo,ㄹㅇㅋㅋ,[],0.0,-0.0
31,z9AzQQNHTFo,개인적으로 마지막이 너무 안타까웠다....<br>주인공은 현재있는 소중한건 있겠지만 희생이 너무 컸다...,"['개인', '적', '으로', '마지막', '이', '너무', '안타까웠다', '주인공', '은', '현재', '있는', '소중한건', '있겠지만', '희생', '이', '너무', '컸다']",-1.2651190989838386,-0.57
32,z9AzQQNHTFo,이안 잘보니까 뭔가 링귀니 닮았다,"['이안', '잘', '보니까', '뭔가', '링귀', '니', '닮았다']",0.5628597860129232,0.31
33,z9AzQQNHTFo,픽사치곤 너무 무난무난 했던게 아닌가ㅠㅠ 아쉬운 영화,"['픽사', '치곤', '너무', '무난', '무난', '했던게', '아닌가', '아쉬운', '영화']",-1.6702978105851847,-0.85
34,z9AzQQNHTFo,애니류 영화는 거의 안보는 사람인데 이 영상 보니까 한 번 보고싶어졌어요!!,"['애니', '류', '영화', '는', '거의', '안보', '는', '사람', '인데', '이', '영상', '보', '니까', '한', '번', '보고싶어졌어요']",0.13520522934377,0.06
35,z9AzQQNHTFo,이번꺼는 뭔가 느낌이 픽사가 아니라 디즈니 느낌남,"['이번', '꺼', '는', '뭔가', '느낌', '이', '픽사', '가', '아니라', '디즈니', '느낌', '남']",-0.29014443545355717,-0.14
36,z9AzQQNHTFo,이 작품은 픽사라서 저평가 ㅠㅠ 픽사아녔음 고평가 작품 갠적으로...,"['이', '작품', '은', '픽사', '라서', '저', '평가', '픽사', '아녔음', '고', '평가', '작품', '갠', '적', '으로']",0.17393542122775751,0.08
37,z9AzQQNHTFo,픽사 더빙판 잘뽑는데 이번거도 기대되네요,"['픽사', '더빙', '판', '잘뽑는데', '이번', '거도', '기대', '되네요']",1.7305182210094352,0.91
38,z9AzQQNHTFo,흠냐뤼 그렇군,"['흠냐뤼', '그렇군']",0.0,0.0
39,z9AzQQNHTFo,개인적으로 뒤로 갈 수록 밑밑함,"['개인', '적', '으로', '뒤', '로', '갈', '수록', '밑밑함']",0.5866354124952917,0.31
40,z9AzQQNHTFo,밋밋,['밋밋'],0.0,0.0
41,z9AzQQNHTFo,와 이제 디즈니와 진짜 엮여버렸구나....<br>디즈니가 돈이나 그런걸 줘..ㅋㅋㅋㅋㅋ,"['와', '이제', '디즈니', '와', '진짜', '엮', '여', '버렸구나', '디즈니', '가', '돈', '이나', '그런', '걸', '줘']",1.046352589169888,0.48
42,z9AzQQNHTFo,와. 영화무식충을 봤나 ㅋㅋㅋㅋ,"['와', '영화', '무식', '충', '을', '봤나']",-0.7629018713052467,-0.43
43,z9AzQQNHTFo,@연지미 리뷰엉이님 말하는 거 아닌가요?,"['연', '지미', '리뷰', '엉', '이', '님', '말', '하는', '거', '아닌가요']",0.7620843123796064,0.38
44,z9AzQQNHTFo,뭘 엮어요?<br>디즈니는 픽사를 예전에 인수했습니다,"['뭘', '엮', '어', '요', '디즈니', '는', '픽사', '를', '예전', '에', '인수', '했습니다']",0.22018689277793602,0.11
45,z9AzQQNHTFo,이미 개봉 당일날 보고옴 ㅇㅇ 역시 픽사 였음 이 나이먹고 눈물 찔끔 ㅠㅠ,"['이미', '개봉', '당일', '날', '보고옴', '역시', '픽사', '였음', '이', '나이', '먹고', '눈물', '찔끔']",-3.4782948539364353,-1.65
46,z9AzQQNHTFo,픽사,['픽사'],-0.03497877133781202,-0.03
47,z9AzQQNHTFo,까아악,"['까', '아악']",0.0,0.0
48,z9AzQQNHTFo,ㅎㅎ,[],0.0,-0.0
49,z9AzQQNHTFo,개봉하자마자 보고왔는데 개인적으로는 기대보단 아쉬웠어요😭,"['개봉', '하', '자마자', '보고왔는데', '개인', '적', '으로는', '기대', '보단', '아쉬웠어요']",1.4034111526366146,0.7
50,z9AzQQNHTFo,뭐...뭐냐? 저...저팔계가 픽사에서...,"['뭐뭐', '냐', '저', '저팔계', '가', '픽사', '에서']",-0.20330780502505985,-0.11
51,z9AzQQNHTFo,재밌겠는데?,['재밌겠는데'],0.0,0.0
52,z9AzQQNHTFo,잘만들고 재밌긴한데 픽사치고는 아쉽다가 딱 생각이 드는 영화,"['잘만', '들', '고', '재밌긴한데', '픽사', '치고는', '아쉽다가', '딱', '생각', '이', '드는', '영화']",0.002595121041996107,0.0
53,z9AzQQNHTFo,형말듣고 보고 왔는데 갱각보다 웃기고 메세지가 있어서 잼있게 잘봤어^^,"['형말', '듣고', '보고', '왔는데', '갱각', '보다', '웃기', '고', '메세지', '가', '있어서', '잼있게', '잘', '봤어']",0.8375395142240192,0.39
54,z9AzQQNHTFo,인트로 무엇????,"['인트', '로', '무엇']",-0.6172515038263777,-0.42
55,z9AzQQNHTFo,스포합니다 주인공 남자구요 엄마는 여자구요 형도 남자에요 영화구요 실화는 아니에요.<br>아빠는 님자에요 ㅋㅋ,"['스포', '합니다', '주인공', '남자구요', '엄마', '는', '여', '자구', '요', '형도', '남자', '에요', '영', '화구', '요', '실화', '는', '아니에요', '아빠', '는', '님자', '에요']",-4.596588847363379,-1.96
56,z9AzQQNHTFo,스포당했다....,"['스포', '당했다']",-1.0,-0.77
57,z9AzQQNHTFo,정공임?,"['정공', '임']",0.0,0.0
58,z9AzQQNHTFo,개인적으로 캐릭터가 매력이 없어보이더라고요...,"['개인', '적', '으로', '캐릭터', '가', '매력', '이', '없어', '보이더라고요']",0.5054051696073014,0.26
59,z9AzQQNHTFo,ㅗㅜㅑ,[],0.0,-0.0
60,z9AzQQNHTFo,어디가요?,"['어디가', '요']",0.0,0.0
61,cf6gr-Ybk8o,픽사 전 작품인 코코를 봐서 기대치가 하늘만큼 높았는데 좀 실망...영화보고 친구랑 꼭 영화 본 얘기 하는데 이거는 한마디도 안 했음,"['픽사', '전', '작품', '인', '코코', '를', '봐서', '기', '대', '치가', '하늘', '만큼', '높았는데', '좀', '실망', '영화', '보고', '친구', '랑', '꼭', '영화', '본', '얘기', '하는데', '이', '거', '는', '한마디', '도', '안', '했음']",-6.429347143724548,-2.58
62,cf6gr-Ybk8o,"저는 오히려 세계관과 달리 캐릭터들이 겪는 고난이나 시련이 지극히 평범해서 좋았습니다.<br>이 영화는 정말 뻔하디 뻔한 드라마틱한 애니메이션 루트로 갈 수도 있었습니다.<br>새 아빠가 사실 흑막이었다던가<br>형이 사실 동생을 질투해서 중간 갈등 장면에서 그걸로 싸운다던가<br>어머니가 형제들의 여정을 막으려하면서 생기는 갈등을 그린다던가 그런거 말이죠.<br>사실 사람들이 오히려 어머니 캐릭터가 아이들을 막는 역할로 많이 나왔어서 아이들을 지키려는 목적으로 나왔다는 것에 사람들이 좋아하더라구요.<br>그리고 진심으로 애들을 걱정하는 마음이 잘 표현되기도 했구요.<br>그런데 이 영화는 정말 신기하게도 그런 드라마틱한 것보단 매우 평범하고 현실적으로 다가가서 전 더 오히려 좋게 봤습니다.<br>그리고 이안의 학교 생활 부분도 보여준 이유가 이안이 적는 리스트가 나중에 의미가 있어서 그런 것도 있지만, 이 영화를 잘 보면 포섀도우가 되게 많은데,<br>그 중 하나가 학교에 마스코트죠.<br>그리고 이 학교라는 공간 자체였다고 생각합니다.<br>학교라는 공간이 나온 이유는 나중에 이안이 학교 마스코트의 모습을 한 괴물이랑 싸우게 되니 나온거라고 생각합니다.<br>그리고 여정을 떠나기 전 이안에게 학교라는 공간은 불편하고 적응하기 힘든 공간이었지만, 나중에 학교라는 공간에서 마법을 쓰며 괴물을 물리치는 장면을 통해 이안의 성장을 보여주려고 했던 것 같습니다.<br>그 밖에도 대사에선 발리가 게임 보드하자면서 이안보고 &#39;넌 마법사 하는게 어때?&#39; 이런 대사가 나오고, 발리가 학교에 이안을 데리러 왔을 땐 &#39;옛날엔 생일 때 성인이 됨을 증명하기 위해 위험한 퀘스트를 떠나게 했다는데..&quot; 이런 말을 하죠.<br>그리고 실제로 이안은 자기 생일 날에 퀘스트를 떠나고, 성장을 이루게 되죠.<br>그리고 계속해서 중간중간 지팡이 가시가 뾰족하다는 얘기가 나오는데, 나중에 이것도 사용하죠.<br>그리고 이 영화가 여정을 떠나면서 선택한 사건들은 전부 다 의미가 있었고, (형이 작아진 이유는 이안에게 운전을 시키기 위해서 넣은 거라던가..)<br>그냥 전체적으로 되게 계획이 잘 짜여진 영화라고 생각되어 좋게 봤습니다.<br>이런 애니메이션 정말 오랜만에 봐서 좋았네요.<br><br>그리고 이 제목이 온워드, 앞으로 나아간다는 뜻과, 세계관도 처음부터 일부러 마법이 있던 세상으로 설정한 것도 다 의도한게 아닌가 생각해보게 되더군요.","['저', '는', '오히려', '세계관', '과', '달리', '캐릭터', '들', '이', '겪는', '고난', '이나', '시련', '이', '지극히', '평범해서', '좋았습니다', '이', '영화', '는', '정말', '뻔하디', '뻔한', '드라마틱한', '애니메이션', '루트', '로', '갈', '수도', '있었습니다', '새', '아빠', '가', '사실', '흑막', '이었다던', '가형', '이', '사실', '동생', '을', '질투', '해서', '중간', '갈등', '장면', '에서', '그', '걸', '로', '싸운다던가', '어머니', '가', '형제', '들', '의', '여정', '을', '막으려', '하면서', '생기는', '갈등', '을', '그린다던가', '그런거', '말', '이', '죠', '사실', '사람', '들', '이', '오히려', '어머니', '캐릭터', '가', '아이', '들', '을', '막는', '역할', '로', '많이', '나왔어서', '아이', '들', '을', '지키려는', '목적', '으로', '나왔다는', '것', '에', '사람', '들', '이', '좋아하더라구요', '그리고', '진심', '으로', '애', '들', '을', '걱정', '하는', '마음', '이', '잘', '표현', '되', '기도', '했구요', '그런데', '이', '영화', '는', '정말', '신기하게도', '그런', '드라마틱한', '것', '보단', '매우', '평범하고', '현실', '적', '으로', '다가가서', '전', '더', '오히려', '좋게', '봤습니다', '그리고', '이안', '의', '학교', '생활', '부분', '도', '보여준', '이유', '가', '이안', '이', '적는', '리스트', '가', '나중', '에', '의미', '가', '있어서', '그런', '것', '도', '있지만', '이', '영화', '를', '잘', '보면', '포', '섀도우', '가', '되게', '많은데', '그', '중', '하나', '가', '학교', '에', '마스코트', '죠', '그리고', '이', '학교', '라는', '공간', '자체', '였다고', '생각', '합니다', '학교', '라는', '공간', '이', '나온', '이유', '는', '나중', '에', '이안', '이', '학교', '마스코트', '의', '모습', '을', '한', '괴물', '이랑', '싸우게', '되니', '나온거라고', '생각', '합니다', '그리고', '여정', '을', '떠나기', '전', '이안', '에게', '학교', '라는', '공간', '은', '불편하고', '적응하기', '힘든', '공간', '이었지만', '나중', '에', '학교', '라는', '공간', '에서', '마법', '을', '쓰며', '괴물', '을', '물리치는', '장면', '을', '통해', '이안', '의', '성장', '을', '보여주려고', '했던', '것', '같습니다', '그', '밖에도', '대사', '에선', '발리', '가', '게임', '보드', '하자면서', '이안', '보고', '39', '넌', '마법사', '하는게', '어때', '39', '이런', '대사', '가', '나오고', '발리', '가', '학교', '에', '이안', '을', '데리러', '왔을', '땐', '39', '옛날', '엔', '생일', '때', '성인', '이', '됨을', '증명', '하기', '위해', '위험한', '퀘스트', '를', '떠나게', '했다는데', 'quot', '이런', '말', '을', '하죠', '그리고', '실제', '로', '이안', '은', '자기', '생일', '날', '에', '퀘스트', '를', '떠나고', '성장', '을', '이루게', '되죠', '그리고', '계속', '해서', '중간', '중간', '지팡이', '가시', '가', '뾰족', '하다는', '얘기', '가', '나오는데', '나중', '에', '이', '것', '도', '사용', '하죠', '그리고', '이', '영화', '가', '여정', '을', '떠나면서', '선택', '한', '사건', '들', '은', '전부', '다', '의미', '가', '있었고', '형', '이', '작아진', '이유', '는', '이안', '에게', '운전', '을', '시키기', '위해', '서', '넣은', '거', '라던가', '그냥', '전체', '적', '으로', '되게', '계획', '이', '잘', '짜여진', '영화', '라고', '생각', '되어', '좋게', '봤습니다', '이런', '애니메이션', '정말', '오랜', '만', '에', '봐서', '좋았네요', '그리고', '이', '제목', '이', '온', '워드', '앞', '으로', '나아간다는', '뜻', '과', '세계관', '도', '처음', '부터', '일부러', '마법', '이', '있던', '세상', '으로', '설정', '한', '것', '도', '다', '의도', '한', '게', '아닌가', '생각', '해보게', '되더군요']",,
63,cf6gr-Ybk8o,"간절하게 만나고 싶은 누군가가 있다면, 그 마음이 간절하면 간절할수록 영화에 빠져들 수 밖에 없을거예요. 엔딩에서 펑펑 울었네요ㅜㅠ","['간절하게', '만나고', '싶은', '누군가', '가', '있다면', '그', '마음', '이', '간절하면', '간절할수록', '영화', '에', '빠져들', '수', '밖에', '없을거예요', '엔딩', '에서', '펑펑', '울었네요']",-1.5484824088188722,-0.67
64,cf6gr-Ybk8o,세계관은 참 좋아서 이 세계관이 한번 더 나왔으면 좋겠네요.,"['세계관', '은', '참', '좋아서', '이', '세계관', '이', '한번', '더', '나왔으면', '좋겠네요']",1.9187697571120066,0.94
65,cf6gr-Ybk8o,나만무서웟나?????,"['나', '만무', '서', '웟', '나']",0.0,0.0
66,cf6gr-Ybk8o,별로 안좋아했던 영화라고 생각했었지만 라이너님 리뷰보고 나니 참 따뜻한 영와라고 생각이 드네요 라이너님의 리뷰로 영화가 완성된 느낌이네요 리뷰 감사합니다.,"['별로', '안', '좋아했던', '영화', '라고', '생각', '했었지만', '라이너', '님', '리뷰', '보고', '나니', '참', '따뜻한', '영', '와라고', '생각', '이', '드네', '요', '라이너', '님', '의', '리뷰', '로', '영화', '가', '완성', '된', '느낌이네요', '리뷰', '감사합니다']",5.152818483829575,2.06
67,cf6gr-Ybk8o,개인적으로 픽사 취향은 아니지만... 그래도 픽사는 믿고봅니다^^ 코코에 미치지는 못했지만 온원드 역시 즐겁게 관람했습니다.,"['개인', '적', '으로', '픽사', '취향', '은', '아니지만', '그래도', '픽사', '는', '믿고', '봅니다', '코코', '에', '미치지는', '못', '했지만', '온', '원', '드', '역시', '즐겁게', '관람', '했습니다']",5.001420382963972,2.1
68,cf6gr-Ybk8o,좀 뜬구름잡는 리뷰긴한데 그런해석도 좋은것 같아요.중요한건 온워드 결말이 너무 슬펐습니다.,"['좀', '뜬구름', '잡는', '리뷰', '긴한데', '그런', '해석', '도', '좋은', '것', '같아요', '중요한건', '온', '워드', '결말', '이', '너무', '슬펐습니다']",4.231931599352484,1.88
69,cf6gr-Ybk8o,라이너님 말씀대로 픽사 영화 치고는 상당히 평범했습니다. 초반 진행 보고 아 이게 픽사 영화라고? 생각될 정도로 좀 실망을 했습니다. <br>마지막에 이안과 아빠가 잠깐 이야기 하고 끝나겠지 싶었는데 이안과 아빠가 만나지 않고 오히려 형이 아버지 역할을 대신 했었다는 결말로 가는걸 보고 조금 벙 쪘습니다. 아무리 평범해도 픽사는 픽사구나 싶었어요.<br>그동안 나왔던 영화들 보다는 평범하지만 그래도 끝난후에 만족하면서 나왔던 영화입니다.,"['라이너', '님', '말씀', '대로', '픽사', '영화', '치고는', '상당히', '평범했습니다', '초반', '진행', '보고', '아', '이', '게', '픽사', '영화', '라고', '생각', '될', '정도', '로', '좀', '실망', '을', '했습니다', '마지막', '에', '이안', '과', '아빠', '가', '잠깐', '이야기', '하고', '끝나겠지', '싶었는데', '이안', '과', '아빠', '가', '만나지', '않고', '오히려', '형', '이', '아버지', '역할', '을', '대신', '했었다는', '결말', '로', '가는걸', '보고', '조금', '벙', '쪘습니다', '아무리', '평범해도', '픽사', '는', '픽사', '구나', '싶었어요', '그동안', '나왔던', '영화', '들', '보다는', '평범하지만', '그래도', '끝', '난후', '에', '만족하면서', '나왔던', '영화', '입니다']",-7.71729947990369,-2.66
70,cf6gr-Ybk8o,이거 엄청 재밌어요,"['이', '거', '엄청', '재밌어요']",-0.6172515038263777,-0.39
71,cf6gr-Ybk8o,픽사의 명성에 먹칠하지 않는 좋은 작품이었습니다.,"['픽사', '의', '명성', '에', '먹', '칠하지', '않는', '좋은', '작품', '이었습니다']",4.245876825484825,2.12
72,cf6gr-Ybk8o,"오늘 두번째로 봤습니다. ^^ 첫 번째는 더빙이고, 이번에 자막이네요. 판타지라고해서 비현실적인 부분이 강조되며 개연성은 신경도 쓰지 않는 어떤 소설들을 생각하면, 이 작품은 무엇이 진짜 판타지인지를 제대로 보여주었다고 생각되네요. 마법이 형제의 모험을 도와주기는 하지만, 그 마법의 성장에는 이안을 받쳐주는 형의 믿음이 컸습니다. 라이너님 말씀처럼 용이 깨어난 이후에는 이안이 마법을 실패하지 않는 것도 정신적으로 큰 성장을 이뤄냈기 때문이 아닐까 싶네요. 이 영화가 보여주는 판타지는 화려한 마법이 아닌, 두 형제가 특별한 사건을 계기로 자기자신을 높은 단계로 끌어올리는 드라마로 보여집니다. 항상 리뷰 잘 보고 있습니다! 감사드립니다.","['오늘', '두번째', '로', '봤습니다', '첫', '번', '째', '는', '더빙', '이고', '이번', '에', '자막', '이네', '요', '판타지', '라고', '해서', '비현실적', '인', '부분', '이', '강조', '되며', '개연', '성은', '신경', '도', '쓰지', '않는', '어떤', '소설', '들', '을', '생각', '하면', '이', '작품', '은', '무엇', '이', '진짜', '판타지', '인지', '를', '제대로', '보여주었다고', '생각', '되네요', '마법', '이', '형제', '의', '모험', '을', '도와주기는', '하지만', '그', '마법', '의', '성장', '에는', '이안', '을', '받쳐주는', '형', '의', '믿음', '이', '컸습니다', '라이너', '님', '말씀', '처럼', '용이', '깨어난', '이후', '에는', '이안', '이', '마법', '을', '실패하지', '않는', '것', '도', '정신', '적', '으로', '큰', '성장', '을', '이뤄', '냈기', '때문', '이', '아닐까', '싶네요', '이', '영화', '가', '보여주는', '판타지', '는', '화려한', '마법', '이', '아닌', '두', '형제', '가', '특별한', '사건', '을', '계기', '로', '자기', '자신', '을', '높은', '단계', '로', '끌어', '올리는', '드라마', '로', '보여', '집니다', '항상', '리뷰', '잘', '보고', '있습니다', '감사', '드립니다']",-15.375430263598169,-4.91
73,cf6gr-Ybk8o,형제애를 중심으로 만든 건 좋은데 가족 얘기에 엄마만 짤된 거 같아서 좀 아쉬웠어요ㅠ,"['형제', '애', '를', '중심', '으로', '만든', '건', '좋은데', '가족', '얘기', '에', '엄마', '만', '짤', '된', '거', '같아서', '좀', '아쉬웠어요']",-2.4340272439676918,-1.07
74,cf6gr-Ybk8o,"결국 소중한 것은 가까이 있다고 말하는 것 같더라구요. 아빠와 하고 싶어 적었던 체크리스트는 형이 어릴 적부터 함께 해주었던 것들이었고, 그렇게 갈망했던 피닉스잼 역시 황당하게 되돌아왔던 원점에서 찾을 수 있었고.. 무엇보다 요상한 보라색 양말을 고집하며 자신 넘치던 아빠와, 덜컹이는 차를 타며 요상한 게임에 빠져 사는 자신만만한 발리의 모습이 닮아 보여 마지막엔 엄청 울었네요ㅜㅜ 마지막 인사를 제대로 못한 형에게 그 시간을 양보한 동생의 우애가, 아빠가 진정 바라던 것이 아니었나 생각 들었습니다. 영화 정말 좋았어요ㅠㅠ","['결국', '소중한', '것', '은', '가까이', '있다고', '말', '하는', '것', '같더라구요', '아빠', '와', '하고', '싶어', '적었던', '체크', '리스트', '는', '형', '이', '어릴', '적', '부터', '함께', '해주었던', '것', '들이었고', '그렇게', '갈망', '했던', '피닉스', '잼', '역시', '황당하게', '되돌아왔던', '원점', '에서', '찾을', '수', '있었고', '무엇', '보다', '요', '상한', '보라색', '양말', '을', '고집', '하며', '자신', '넘치던', '아빠', '와', '덜컹이는', '차', '를', '타며', '요', '상한', '게임', '에', '빠져', '사는', '자신만만한', '발리', '의', '모습', '이', '닮아', '보여', '마지막', '엔', '엄청', '울었네요', '마지막', '인사', '를', '제대로', '못', '한', '형', '에게', '그', '시간', '을', '양보', '한', '동생', '의', '우애', '가', '아빠', '가', '진정', '바라던', '것', '이', '아니었나', '생각', '들었습니다', '영화', '정말', '좋았어요']",-27.26213188270057,-9.05
75,cf6gr-Ybk8o,돌아가신 아빠를 그리워하며 눈물이났어요 저도 발리 엄마처럼 멋진 엄마가 되고싶어요,"['돌아가신', '아빠', '를', '그리워하며', '눈물', '이', '났어요', '저', '도', '발리', '엄마', '처럼', '멋진', '엄마', '가', '되고싶어요']",-4.42768070237952,-2.01
76,cf6gr-Ybk8o,7점이면 수작이네요.,"['7', '점', '이', '면', '수작', '이네', '요']",-0.6172515038263777,-0.33
77,cf6gr-Ybk8o,괴물 귀신 이딴저속한걸로 감동주려고 쥐어짜는거 지겁다,"['괴물', '귀신', '이딴', '저', '속', '한', '걸', '로', '감동', '주', '려고', '쥐어', '짜는거', '지', '겁', '다']",-3.0862575191318884,-1.4
78,cf6gr-Ybk8o,큰 영화관에서 혼자 앉아서 질질 짜면서 봤습니다 ㅎㅎ,"['큰', '영화관', '에서', '혼자', '앉아서', '질질', '짜면서', '봤습니다']",0.3676922272511365,0.19
79,cf6gr-Ybk8o,최악의 픽사영화...<br>토이스토리4는 처음 봤을때 이건 다회차각! 바로 느낄 정도여서 9회차 관람해도 그 감동이 계속 느껴질 정도라면 온워드는 억지감동을 그냥 박아놓은 작품....<br>왠만하면 굿즈도 사는데 이번 작품은 덕분에 굿즈도 안 사도 됬었죠....<br>저는 3/10입니다,"['최악', '의', '픽사', '영화', '토이스토리', '4', '는', '처음', '봤을', '때', '이건', '다', '회차각', '바로', '느낄', '정도', '여서', '9회', '차', '관람', '해도', '그', '감동', '이', '계속', '느껴질', '정도', '라면', '온', '워드', '는', '억', '지', '감동', '을', '그냥', '박아놓은', '작품', '왠만하면', '굿', '즈', '도', '사는데', '이번', '작품', '은', '덕분', '에', '굿', '즈', '도', '안', '사도', '됬었죠', '저', '는', '310', '입니다']",-10.474279349930447,-3.79
80,cf6gr-Ybk8o,"리뷰봐도 또 눈물나네.. 전달하려고 했던 주제를 전달하기에 선택한 그 &#39;밋밋한 스토리&#39;까지 결국에는 완벽에 가깝다고 느꼈어요.. 영화관에 저 빼고 네팀밖에 없었는데, 전부 어른 한명+형제자매로 보이는 어린이 2~3명 팀이어서 어떻게 봤을지 너무 궁금하더라구요ㅠㅠ","['리뷰', '봐도', '또', '눈물나네', '전달', '하려고', '했던', '주제', '를', '전달', '하기에', '선택', '한', '그', '39', '밋밋한', '스토리', '39', '까지', '결국', '에는', '완벽', '에', '가깝다고', '느꼈어요', '영화관', '에', '저', '빼고', '네', '팀', '밖에', '없었는데', '전부', '어른', '한', '명', '형제자매', '로', '보이는', '어린이', '23', '명', '팀', '이어서', '어떻게', '봤을지', '너무', '궁금하더라구요']",-0.9869360280811772,-0.37
81,cf6gr-Ybk8o,가족의 소중함. 용기는 나를 위한것이 아니라 소중한것을 지키기 위해 내는것.,"['가족', '의', '소중함', '용기', '는', '나를', '위', '한', '것', '이', '아니라', '소중한것을', '지키기', '위해', '내는것']",0.7448343358842517,0.34
82,cf6gr-Ybk8o,다른건 좋았는데 솔직히 스토리 전개라던지 형캐릭터는 좀 맘에 안들었어요....,"['다른건', '좋았는데', '솔직히', '스토리', '전개', '라', '던지', '형', '캐릭터', '는', '좀', '맘', '에', '안', '들었어요']",0.42910108534350444,0.2
83,cf6gr-Ybk8o,정말 고맙습니다 저도 어린 나이에 아버지가  돌아가시고 방황을 많이 했는데 라이너님이 리뷰를 해주신 온 워드라는 작품을 꼭 봐야 될것같네요,"['정말', '고맙습니다', '저', '도', '어린', '나이', '에', '아버지', '가', '돌아가시고', '방황', '을', '많이', '했는데', '라이너', '님', '이', '리뷰', '를', '해주신', '온', '워드', '라는', '작품', '을', '꼭', '봐야', '될것', '같네요']",0.8550516510901203,0.35
84,cf6gr-Ybk8o,솔직히 스토리 전개가 역대 픽사영화중에 제일 어색했다고 느꼈습니다.,"['솔직히', '스토리', '전개', '가', '역대', '픽사', '영화', '중', '에', '제일', '어색했다고', '느꼈습니다']",-0.28754931441156395,-0.14
85,cf6gr-Ybk8o,세계관이 너무 흔했던게 역시 약간 아쉽네요. 하지만 그렇게만 보는건 픽사에게 너무 부당한거 같기도 하네요 ㅋㅋㅋ 충분히 훌륭한 영화였습니다.,"['세계관', '이', '너무', '흔했던게', '역시', '약간', '아쉽네요', '하지만', '그렇게만', '보는건', '픽사', '에게', '너무', '부당한거', '같기도', '하네요', '충분히', '훌륭한', '영화', '였습니다']",5.448097300461464,2.37
86,cf6gr-Ybk8o,Goodbye GWVIR...,"['Goodbye', 'GWVIR']",0.0,0.0
87,cf6gr-Ybk8o,픽사라는 글자가 안보였으면 외면했을꺼에요<br>캐릭터가 그만큼 중요하다는 얘기...<br>작품은 그냥 무난한 픽사영화였어요<br>주위사람들에게 보라고는 하겠지만<br>픽사의 1티어급 작품처럼 소장하고픈 마음은 안드네요,"['픽사', '라는', '글자', '가', '안', '보였으면', '외면', '했을꺼에요', '캐릭터', '가', '그만큼', '중요하다는', '얘기', '작품', '은', '그냥', '무난', '한', '픽사', '영화', '였어요', '주위', '사람', '들', '에게', '보', '라고는', '하겠지만', '픽사', '의', '1', '티어', '급', '작품', '처럼', '소장', '하고픈', '마음', '은', '안드네', '요']",-0.3173996918857649,-0.12
88,cf6gr-Ybk8o,다른작품에 비해 평범하지만 가장 좋아하는 <br>작품이라는 말씀 너무너무 공감합니다,"['다른', '작품', '에', '비해', '평범하지만', '가장', '좋아하는', '작품', '이라는', '말씀', '너무', '너무', '공감', '합니다']",2.898107100649021,1.35
89,cf6gr-Ybk8o,7점이면 엄청 괜찮겠네요.,"['7', '점', '이', '면', '엄청', '괜찮겠네요']",-0.6172515038263777,-0.35
90,cf6gr-Ybk8o,이거 보러가야겠네요. 코코때도 엄청 울었는데~ 가방에 휴지 챙겨가야겠어요,"['이', '거', '보러가야겠네요', '코코', '때', '도', '엄청', '울었는데', '가방', '에', '휴지', '챙겨가야겠어요']",-0.3620858397106297,-0.17
91,cf6gr-Ybk8o,"평범하지만 역시 픽사라고 느껴진 영화, 이런 작품도 좋은거 같아요. 힘빼고 이렇게 깔끔하게 만들기 쉽지 않을텐데 ㅋㅋ","['평범하지만', '역시', '픽사', '라고', '느껴진', '영화', '이런', '작품', '도', '좋은', '거', '같아요', '힘', '빼고', '이렇게', '깔끔하게', '만들기', '쉽지', '않을텐데']",3.682600308114231,1.62
92,cf6gr-Ybk8o,게임에 손때신지 오래 되셨지만 시간되시면 라오어 파트2 좀 해주세요...,"['게임', '에', '손때', '신지', '오래', '되셨지만', '시간', '되시면', '라오어', '파트', '2', '좀', '해주세요']",-0.7241716794212592,-0.34
93,cf6gr-Ybk8o,애니메이션 로드무비로 사람을 울려? 미친영화사 ㅋㅋㅋㅋ,"['애니메이션', '로드무비', '로', '사람', '을', '울려', '미친', '영화사']",-2.9536474108301167,-1.55
94,cf6gr-Ybk8o,저도 정말 감동적으로 봤어요 위로가 되기도 했고요 좋은 리뷰 감사합니다:),"['저', '도', '정말', '감동', '적', '으로', '봤어요', '위로', '가', '되', '기도', '했고요', '좋은', '리뷰', '감사합니다']",6.609174825605296,3.04
95,cf6gr-Ybk8o,"매불쇼에 쓸수가 없어 여기다 씁니다.그랜드 토리노는 제가 보기에는 클린트 이스트 우드가 드라마틱한 부분만 극대화시켜 그야말로 과장된 한편의 &#39;극&#39;으로 만든 감정선만 자극하는 영화지 시대적 문화적 비판이나 인종차별에 대한 심각한 시각이나 관객에게 어떤 생각을 하게끔 만들거나 하는 영화가 아닙니다. 가난하고 무식한 동양인,  멕시코계, 흑인, 반면 백인은 부자임에도 고집과 집념이 있어 그 가난한 동네에서 살고있고 백인은 무조건 부자죠.  무식가난 약자는 강간당하고, 그러나 늙었지만 여전히 멋있는 백인은 수호자로 나오며 못생긴데다가 난쟁이 똥자루같은 키에 용기마저 없는 동양인 찌질이를 교육시키죠. 극적으로 감정을 극대화시키기위해 현실성도 전무한 영화적 장치만 화려하게 꾸며진 70년대 방식의 2000년대 영화란 말입니다.  바로 남부 농장주 귀족같은 위치지만 매우 베푸는 백인, 그 밑에서 서로 살인강도강간을 일삼는 하층 유색인종이 바로 이영화의 숨겨진, 아니, 나 인종차별주의자가 아니야라고 외치는 백인내면의 전형적 컨셉이죠.","['매', '불쇼', '에', '쓸수가', '없어', '여기', '다', '씁니다', '그랜드', '토리노', '는', '제', '가', '보기', '에는', '클린트', '이스트', '우드', '가', '드라마틱한', '부분', '만', '극', '대화', '시켜', '그야말로', '과장', '된', '한편', '의', '39', '극', '39', '으로', '만든', '감', '정선', '만', '자극', '하는', '영화', '지', '시대', '적', '문화', '적', '비판', '이나', '인종차별', '에', '대한', '심각한', '시각', '이나', '관객', '에게', '어떤', '생각', '을', '하게', '끔', '만들거나', '하는', '영화', '가', '아닙니다', '가난하고', '무식한', '동양인', '멕시코', '계', '흑인', '반면', '백인', '은', '부자', '임', '에도', '고집', '과', '집념', '이', '있어', '그', '가난한', '동네', '에서', '살고있고', '백인', '은', '무조건', '부자', '죠', '무식', '가난', '약자', '는', '강간', '당', '하고', '그러나', '늙었지만', '여전히', '멋있는', '백인', '은', '수호', '자로', '나오며', '못', '생긴데다가', '난쟁이', '똥', '자루', '같은', '키', '에', '용기', '마저', '없는', '동양인', '찌질', '이를', '교육', '시키죠', '극적', '으로', '감정', '을', '극', '대화', '시키기', '위해', '현실', '성도', '전무한', '영화', '적', '장치', '만', '화려하게', '꾸며진', '70년', '대', '방식', '의', '2000년', '대', '영', '화란', '말', '입니다', '바로', '남부', '농장', '주', '귀족', '같은', '위치', '지만', '매우', '베푸는', '백인', '그', '밑', '에서', '서로', '살인', '강도', '강간', '을', '일삼', '는', '하층', '유색인종', '이', '바로', '이영화', '의', '숨겨진', '아니', '나', '인종차별', '주의자', '가', '아니야라고', '외치는', '백인', '내면', '의', '전형', '적', '컨셉', '이', '죠']",-57.04479609647585,-17.34
96,cf6gr-Ybk8o,라이머님 드림웍스 영화도 리뷰해주세요 갠적으론 디즈니보다 드림웍스가 더 띵작같음..ㄷㄷ,"['라이머', '님', '드림웍스', '영화', '도', '리뷰', '해주세요', '갠', '적', '으론', '디즈니', '보다', '드림웍스', '가', '더', '띵작같음']",0.8361428440017644,0.38
97,cf6gr-Ybk8o,초반 부분이 좀 심심하긴 했습니다~,"['초반', '부분', '이', '좀', '심심하긴', '했습니다']",0.28085559682263894,0.16
98,cf6gr-Ybk8o,"판타지를 관통하는 현실적인 메세지, 잊혀진것과 소중한것을 품고 앞으로 한발짝 나아가는, 절로 뭉클해지는 형제의 로드무비.","['판타지', '를', '관통', '하는', '현실', '적', '인', '메세지', '잊혀진것과', '소중한것을', '품고', '앞', '으로', '한', '발짝', '나아가는', '절로', '뭉클해지는', '형제', '의', '로드무비']",-1.7399936622006102,-0.75
99,cf6gr-Ybk8o,단순하다고 느꼈지만 찝찝한건 없었어요. 픽사의 평범한 이야기였지만 역시 픽사는 픽사였습니다.,"['단순하다고', '느꼈지만', '찝찝한건', '없었어요', '픽사', '의', '평범한', '이야기', '였지만', '역시', '픽사', '는', '픽사', '였습니다']",-0.22312918982068708,-0.1
100,cf6gr-Ybk8o,저는 이거 진짜 재밌게 봤는데ㅠㅠ 마법도 예쁘고 귀여웠구.. 중간중간 웃음 포인트도 있었구,"['저', '는', '이', '거', '진짜', '재밌게', '봤는데', '마법', '도', '예쁘고', '귀여웠구', '중간', '중간', '웃음', '포인트', '도', '있었구']",3.9190319174827613,1.76
101,cf6gr-Ybk8o,좀 평이하지만 역시 픽사는 픽사다 라는 생각이 들었습니다,"['좀', '평이하지만', '역시', '픽사', '는', '픽사', '다', '라는', '생각', '이', '들었습니다']",0.4704263982694863,0.23
102,cf6gr-Ybk8o,생각보다 평점이 높네요 6점 정도라고 생각했는데.. 재미는 있지만 픽사 영화임을 감안하면 별로라는 생각이 들었어요 만티코어 레스토랑에서의 스토리는 약간 당황스러운 정도.. 결말과 떡밥회수를 철저하게 해서 그나마 좋았다고 생각듭니다 그리고 영화 시작전에 픽사 단편 애니가 없는건 아쉬웠어요,"['생각', '보다', '평점', '이', '높네요', '6', '점', '정도', '라고', '생각', '했는데', '재미', '는', '있지만', '픽사', '영화', '임', '을', '감안', '하면', '별로', '라는', '생각', '이', '들었어요', '만', '티코', '어', '레스토랑', '에서의', '스토리', '는', '약간', '당황', '스러운', '정도', '결말', '과', '떡밥', '회수', '를', '철저하게', '해서', '그나마', '좋았다고', '생각', '듭니', '다', '그리고', '영화', '시', '작전', '에', '픽사', '단편', '애니', '가', '없는건', '아쉬웠어요']",-1.84446558060389,-0.67
103,cf6gr-Ybk8o,최재혁 왜죠ㅠㅠㅠㅠㅠㅠ?,"['최재혁', '왜', '죠']",0.0,0.0
104,cf6gr-Ybk8o,해외에는 심슨의 매기가 주인공인 단편 애니메이션이  상여됐다고 해요. 한국은 안됐고요...,"['해외', '에는', '심슨', '의', '매기', '가', '주인공', '인', '단편', '애니메이션', '이', '상여', '됐다고', '해', '요', '한국', '은', '안', '됐고요']",-4.831091855016138,-2.12
105,cf6gr-Ybk8o,개인적으로 픽사 작품 중 단연 최고의 결말이였어요😭 믿고 보는 픽사입니다,"['개인', '적', '으로', '픽사', '작품', '중', '단연', '최고', '의', '결말', '이', '였어요', '믿고', '보는', '픽사', '입니다']",4.730619338629137,2.15
106,cf6gr-Ybk8o,개인적으로 기존 픽사작품들에 비해선 좀 실망이였음.. 픽사 영화의 장점이 단순한 주제와 소재를 매우 뛰어나게 스토리랑 어울리게 엮는다는점인데 이번엔 그런 장점들이 하나도 안보였음..,"['개인', '적', '으로', '기존', '픽사', '작품', '들', '에', '비', '해', '선', '좀', '실망', '이', '였음', '픽사', '영화', '의', '장점', '이', '단순한', '주제', '와', '소재', '를', '매우', '뛰어나게', '스토리', '랑', '어울리게', '엮', '는다는', '점', '인데', '이번', '엔', '그런', '장점', '들', '이', '하나', '도', '안', '보였음']",-1.7408188318782696,-0.66
107,cf6gr-Ybk8o,이상하네요 ㅡ라이너님이 불과 1주일전 내놓았던 온워드에대한 리뷰랑 사뭇 달라보이네요... 그사이 갑자기 생각이 바뀌신건지 혹은 뭔가 자본주의적 딜이 껴든 리뷰인지.... 좀 의아하네요..,"['이상하네요', '라이너', '님', '이', '불과', '1', '주', '일전', '내놓았던', '온', '워드', '에', '대한', '리뷰', '랑', '사뭇', '달라', '보이네요', '그', '사이', '갑자기', '생각', '이', '바뀌', '신건', '지', '혹은', '뭔가', '자본주의', '적', '딜', '이', '껴든', '리뷰', '인지', '좀', '의아', '하네요']",0.6703215233269035,0.26
108,cf6gr-Ybk8o,자본주의적 딜이 뭔지는 모르겠지만 광고를 말씀하시는 거라면 받지 않았습니다. 온워드는 수작이라 생각합니다.,"['자본주의', '적', '딜', '이', '뭔', '지는', '모르겠지만', '광고', '를', '말씀', '하시는', '거', '라면', '받지', '않았습니다', '온', '워드', '는', '수작', '이라', '생각', '합니다']",0.22454957278466225,0.1
109,cf6gr-Ybk8o,저는 아직 중학생이라 그런지 이별에 대한 아픔을 겪은적이 없어서 작품에 큰 감동을 받진 못했지만 판타지 소설을 한편 읽은 것 같이 영화의 스토리텔링에 빠져 시간가는줄 모르고 봤어요,"['저', '는', '아직', '중학생', '이라', '그런지', '이별', '에', '대한', '아픔', '을', '겪은', '적', '이', '없어서', '작품', '에', '큰', '감동', '을', '받진', '못', '했지만', '판타지', '소설', '을', '한편', '읽은', '것', '같이', '영화', '의', '스토리텔링', '에', '빠져', '시간', '가는줄', '모르고', '봤어요']",-8.001011772237916,-3.09
110,cf6gr-Ybk8o,솔직히 픽사치고는 쏘쏘였으나... <br>픽사란 선입견을 빼고보면 꽤 괜찮은 작품...<br>특히나 결말은 역시 픽사!! 스럽네요... <br>만남을 다루는 방식이 정말정말 맘에 듭니다. <br>BUT.... 만티코어 캐릭이 빙봉 정도로 임팩트있는 조연일 줄 알았으나... 그저 그랬다는게 좀 아쉬움...,"['솔직히', '픽사', '치고는', '쏘', '쏘였으나', '픽사', '란', '선입견', '을', '빼고', '보면', '꽤', '괜찮은', '작품', '특히', '나', '결말', '은', '역시', '픽사', '스럽네요', '만남', '을', '다루는', '방식', '이', '정말', '정말', '맘', '에', '듭니', '다', 'BUT', '만', '티코', '어', '캐릭', '이', '빙봉', '정도', '로', '임팩트', '있는', '조', '연일', '줄', '알았으나', '그저', '그랬다는게', '좀', '아쉬움']",-6.900948280072058,-2.55
111,cf6gr-Ybk8o,어머니도 너무 약하긴 했죠.,"['어머니', '도', '너무', '약하긴', '했죠']",-0.6172515038263777,-0.36
112,cf6gr-Ybk8o,생각보다 별점이 높습니다,"['생각', '보다', '별', '점', '이', '높습니다']",0.7192455207970645,0.4
113,cf6gr-Ybk8o,"그래픽이나 엘프나 요정, 유니콘들이 나오는 설정들이 재밌었는데 후반엔 스토리가 눈물짓게되더라구요ㅠㅜ아버지가 다리만있어서 소통이 힘든것도 결국 마지막에 감동이 배가되서 좋았던거같아요 정말 또보고싶은작품이에요 리뷰 재밌게 잘봤습니다!!","['그래픽', '이나', '엘프', '나', '요정', '유니콘', '들', '이', '나오는', '설정', '들', '이', '재밌었는데', '후반', '엔', '스토리', '가', '눈물', '짓게', '되더라구요', '아버지', '가', '다리', '만', '있어서', '소통', '이', '힘든것도', '결국', '마지막', '에', '감동', '이', '배', '가', '되서', '좋았던거', '같아요', '정말', '또', '보고싶은', '작품', '이에요', '리뷰', '재밌게', '잘', '봤습니다']",-5.6937642241393975,-2.13
114,cf6gr-Ybk8o,모험 과정이 단조로워서 개인적으론 실망스러웠던 작품 기대가 넘 컸던건가,"['모험', '과정', '이', '단조로워서', '개인', '적', '으론', '실망', '스러웠던', '작품', '기대', '가', '넘', '컸던', '건가']",-4.167487762019877,-1.92
115,cf6gr-Ybk8o,모험이 중심이아니라 인물들 간의 관계가 중심이라 그런  것 같아요.,"['모험', '이', '중심', '이', '아니라', '인물', '들', '간의', '관계', '가', '중심', '이라', '그런', '것', '같아요']",0.6585768167523645,0.3
116,cf6gr-Ybk8o,와..너무 밋밋하게 진행된 듯한 느낌이 있었는데 그렇게 해석하니깐 밋밋함의 갭차이가 미치네요,"['와', '너무', '밋밋하게', '진행', '된', '듯', '한', '느낌', '이', '있었는데', '그렇게', '해석', '하', '니깐', '밋밋함의', '갭', '차이', '가', '미치네요']",-2.1069201755948814,-0.92
117,cf6gr-Ybk8o,좋은리뷰였습니다.,"['좋은', '리뷰', '였습니다']",3.828520446715868,2.59
118,cf6gr-Ybk8o,리뷰 잘 봤습니다~,"['리뷰', '잘', '봤습니다']",2.599044715307008,1.76
119,cf6gr-Ybk8o,리뷰 보면서 다시 울컥 눈물이 나오네요.. 픽사만의 기발함보다는 픽사가 사랑하는 감정과 감동이 곱씹을수록 더 다가온 영화같아요..ㅠㅠ 공감가는 리뷰 잘 보고 갑니다♡,"['리뷰', '보면서', '다시', '울컥', '눈물', '이', '나오네요', '픽사', '만의', '기발함보다는', '픽사', '가', '사랑', '하는', '감정', '과', '감동', '이', '곱씹을수록', '더', '다가온', '영화', '같아요', '공감', '가는', '리뷰', '잘', '보고', '갑니다']",2.838041220642653,1.15
120,cf6gr-Ybk8o,전체적으로 나쁘진 않았지만 발리와 아빠를 동일시한 이안이 좀 뜬금없고 납득이 가질 않았습니다 또한 기계적이라 언급하신 부분이 작품을 난잡하게 했다 생각됩니다 제가 봤던 픽사작품 중 가장 아쉬웠던 작품인것 같습니다,"['전체', '적', '으로', '나쁘진', '않았지만', '발리', '와', '아빠', '를', '동일시', '한', '이안', '이', '좀', '뜬금', '없고', '납득', '이', '가질', '않았습니다', '또한', '기계', '적', '이라', '언급', '하신', '부분', '이', '작품', '을', '난잡하게', '했다', '생각', '됩니다', '제', '가', '봤던', '픽사', '작품', '중', '가장', '아쉬웠던', '작품', '인', '것', '같습니다']",-1.6095541346311526,-0.6
121,cf6gr-Ybk8o,@임성범 전 오히려 갑작스럽게 알게되는게 더 자연스러웠던 것 같아요. 인간이란게 이기적이라 곁에 있을 때는 당연하다고 생각하고 곁을 떠난 후에야 그 사람의 소중함을 깨달으니까요. 저는 아버지를 떠나보네기 몇 시간 남지 않았을 때 이별을 받아드릴 때 소중한 것을 깨닫는 것은 너무 공감되었습니다.,"['임', '성', '범', '전', '오히려', '갑작스럽게', '알', '게', '되는게', '더', '자연스러웠던', '것', '같아요', '인간', '이란', '게', '이', '기적', '이라', '곁', '에', '있을', '때', '는', '당연하다고', '생각', '하고', '곁', '을', '떠난', '후', '에야', '그', '사람', '의', '소중함을', '깨', '달으니까', '요', '저', '는', '아버지', '를', '떠나', '보네기', '몇', '시간', '남지', '않았을', '때', '이별', '을', '받아', '드릴', '때', '소중한', '것', '을', '깨닫는', '것', '은', '너무', '공감', '되었습니다']",6.3836908854606875,2.27
122,cf6gr-Ybk8o,말하신 장면은 이안이 발리와 다툰 후 잠깐 나왔던것같아요. 수첩에 적은 아빠와의 버킷리스트를 모두 하진못했지만  형과의 추억을 떠올리면서 하나하나씩 체크했던 장면이요! 저는 그래서 이안이 단순히 발리와 아버지를  동일시한다기보단 아버지의 역할을 해준 형에대한  소중함을 알게됬다는 메세지로 이해했어요,"['말', '하신', '장면', '은', '이안', '이', '발리', '와', '다툰', '후', '잠깐', '나왔던것', '같아요', '수첩', '에', '적은', '아빠', '와의', '버킷리스트', '를', '모두', '하진못', '했지만', '형', '과의', '추억', '을', '떠올리면서', '하나', '하나', '씩', '체크', '했던', '장면', '이', '요', '저', '는', '그래서', '이안', '이', '단순히', '발리', '와', '아버지', '를', '동일시', '한', '다기', '보단', '아버지', '의', '역할', '을', '해준', '형', '에', '대한', '소중함을', '알', '게', '됬다는', '메세지', '로', '이해', '했어요']",-3.6088139805834913,-1.28
123,cf6gr-Ybk8o,엇 저도 그렇게 느꼈어요,"['엇', '저', '도', '그렇게', '느꼈어요']",-0.6172515038263777,-0.36
124,cf6gr-Ybk8o,이지석 하지만 형을 쓸모없는 사람 취급하던 이안이 결말부에 가서 갑자기 아버지처럼 느낀다는건 개연성이 너무 떨어져서 납득이 가지 않는다는 것입니다 이전에 의지하거나 좋게 이야기하는 장면이 나와줬다면 좋았을거라 생각이 됩니다,"['이', '지석', '하지만', '형', '을', '쓸모없는', '사람', '취급', '하던', '이안', '이', '결말', '부', '에', '가서', '갑자기', '아버지', '처럼', '느낀다는건', '개연', '성', '이', '너무', '떨어져서', '납득', '이', '가지', '않는다는', '것', '입니다', '이전', '에', '의지', '하', '거나', '좋게', '이야기', '하는', '장면', '이', '나와', '줬다면', '좋았을거라', '생각', '이', '됩니다']",4.778221637786366,1.79
125,cf6gr-Ybk8o,요즘엔 흔하진 않지만 예전엔 아버지가 일찍 돌아가셔서 나이차이 많이 나는 형이나 누나가 그 역활을 대신하는 경우가 종종 있곤했죠.<br> 이안이 발리와 아버지를 동일시 한게 아니라 이안에겐 아버지란 실질적으로 발리였던거 라고 생각해요,"['요즘', '엔', '흔하진', '않지만', '예전', '엔', '아버지', '가', '일찍', '돌아가셔서', '나이', '차이', '많이', '나', '는', '형', '이나', '누나', '가', '그', '역활', '을', '대신', '하는', '경우', '가', '종종', '있곤', '했죠', '이안', '이', '발리', '와', '아버지', '를', '동일시', '한', '게', '아니라', '이안', '에겐', '아버지', '란', '실질', '적', '으로', '발리였던거', '라고', '생각', '해요']",-1.1711642106567273,-0.43
126,cf6gr-Ybk8o,주말에 친구랑 보러갈건데 두근두근,"['주말', '에', '친구', '랑', '보러', '갈건데', '두근두근']",0.3827484961736223,0.21
127,cf6gr-Ybk8o,인기가 별로없는 이유가 개인적으로 캐릭터가 미형이 아니라 그런거 같기도 하네요.<br>그래도 아주 재미있게 봤습니다.,"['인기', '가', '별로', '없는', '이유', '가', '개인', '적', '으로', '캐릭터', '가', '미형', '이', '아니라', '그런거', '같기도', '하네요', '그래도', '아주', '재미있게', '봤습니다']",5.679340590835055,2.45
128,cf6gr-Ybk8o,그렇치면 인사이드 아웃에 봉봉이나 감정들도 인기가 별로여야하는데...흠 그냥 캐릭터가 매력적이지 않아서 그런듯,"['그렇치면', '인사', '이드', '아웃', '에', '봉봉', '이나', '감정', '들', '도', '인기', '가', '별로', '여', '야하는데', '흠', '그냥', '캐릭터', '가', '매력', '적', '이지', '않아서', '그런듯']",1.4547910180503967,0.61
129,cf6gr-Ybk8o,@이현중 아이들이 보는거여서 약간 영향이 있을수도,"['이현', '중', '아이', '들', '이', '보는거여서', '약간', '영향', '이', '있을수도']",-0.6172515038263777,-0.31
130,cf6gr-Ybk8o,미형과는 관련이 없을 것 같네요.,"['미형', '과는', '관련', '이', '없을', '것', '같네요']",0.0,0.0
131,cf6gr-Ybk8o,목소리를 듣고 손길을 느끼고 얼굴을 마주하는 것만이 만남인지 먼발치에서도 바라보는 것 역시 만남인지..,"['목소리', '를', '듣고', '손길', '을', '느끼고', '얼굴', '을', '마주', '하는', '것', '만이', '만남', '인지', '먼발치', '에서도', '바라보는', '것', '역시', '만남', '인지']",-0.3821693848770109,-0.16
132,cf6gr-Ybk8o,오,['오'],0.0,0.0
133,fIvFXK6v65Q,난 영화를 볼때는 이런 생각을 추호도 못했는데....ㅎㅎ 대단하십니다.,"['난', '영화', '를', '볼때', '는', '이런', '생각', '을', '추호', '도', '못', '했는데', '대단하십니다']",-0.21759177173593702,-0.1
134,fIvFXK6v65Q,기대 너무 안하고 봐서 그런가 너무 재밌었음,"['기대', '너무', '안', '하고', '봐서', '그', '런가', '너무', '재밌었음']",0.9187697571120064,0.47
135,fIvFXK6v65Q,그쵸!,"['그', '쵸']",0.0,0.0
136,fIvFXK6v65Q,"<a href=""https://www.youtube.com/watch?v=fIvFXK6v65Q&amp;t=5m29s"">5:29</a> 나만 이거보고 눈물 찔끔 나고 은근 힐링 한 줄 알았는데 같은말 하시넹 ㅜ🤝","['529', '나', '만', '이', '거', '보고', '눈물', '찔끔', '나고', '은근', '힐링', '한', '줄', '알았는데', '같은말', '하시넹']",-1.3363959070037386,-0.61
137,fIvFXK6v65Q,진짜 위로되는 작품!,"['진짜', '위로', '되는', '작품']",2.025689932706894,1.26
138,fIvFXK6v65Q,혹시..나만 울었나요?? 보면서 점점 이입되서 눈물나던데ㅠㅠ,"['혹', '시나', '만', '울었나요', '보면서', '점점', '이입', '되서', '눈물나던데']",-1.2345030076527554,-0.63
139,fIvFXK6v65Q,저도요ㅜㅜ,"['저', '도', '요']",0.0,0.0
140,fIvFXK6v65Q,"겨울왕국2보다 훨-씬 재밌었는데<br>코로나랑 상업적 요소(캐릭터 외모, 노래 등)이 부족해서 겨울왕국2보다 흥행이 잘 안된게 아쉬운 영화.","['겨울왕국', '2', '보다', '훨씬', '재밌었는데', '코로나', '랑', '상업', '적', '요소', '캐릭터', '외모', '노래', '등', '이', '부족해서', '겨울왕국', '2', '보다', '흥행', '이', '잘', '안된게', '아쉬운', '영화']",2.69188914674515,1.12
141,fIvFXK6v65Q,진짜 잘 만든 작품인데ㅜㅜ,"['진짜', '잘', '만든', '작품', '인데']",3.53602126093839,2.08
142,fIvFXK6v65Q,"다리에서 주문 뭐였죠?ㅠㅠ 방금봤는데,,,","['다리', '에서', '주문', '뭐', '였죠', '방금', '봤는데']",-0.7855805375136256,-0.43
143,fIvFXK6v65Q,@정이정이 Bridgerigor Invisia 래요 외국기사에서 찾았어요^^,"['정이', '정이', 'Bridgerigor', 'Invisia', '래요', '외국', '기사', '에서', '찾았어요']",-0.16832903368724783,-0.09
144,fIvFXK6v65Q,브리지가르 인비지아였을걸요?,"['브리지', '가르', '인', '비지', '아', '였을걸', '요']",0.0,0.0
145,fIvFXK6v65Q,방금 보고왔는데 정말 너무 재밌고 감동적이었어요 ㅜㅜ 군데군데 웃긴것도 많고 별 기대 안햇는데 제인생 애니메이션 됏어요 ㅠㅠㅜ,"['방금', '보고왔는데', '정말', '너무', '재밌고', '감동', '적', '이었어요', '군데군데', '웃긴것도', '많고', '별', '기대', '안햇', '는데', '제', '인생', '애니메이션', '됏어', '요']",1.4034111526366149,0.61
146,fIvFXK6v65Q,진짜 좋은 작품이었습니다,"['진짜', '좋은', '작품', '이었습니다']",4.025689932706894,2.51
147,fIvFXK6v65Q,헐 저도 ㅠㅠ,"['헐', '저', '도']",0.0,0.0
148,fIvFXK6v65Q,온워드 2는 나오나요&gt;?,"['온', '워드', '2', '는', '나오나요', 'gt']",-0.10692017559488298,-0.06
149,fIvFXK6v65Q,글쎄요 2편이 나올 것 같은 스토리는 아니었던 것 같아요,"['글쎄요', '2', '편이', '나올', '것', '같은', '스토리', '는', '아니었던', '것', '같아요']",0.9137424808681094,0.45
150,fIvFXK6v65Q,현실을 잘 묘사해서 실감났습니다.,"['현실', '을', '잘', '묘사', '해서', '실감', '났습니다']",1.3422644549150025,0.73
151,fIvFXK6v65Q,마치 역사를 잊은 민족에게 미래는 없다라는 말을 연상 시키는 배경 속 인물들의 주제의식과 그것을 다시 상기 시켜주는 주인공들을 보는 느낌이 들었습니다. 어디에선가 꼭 활용할 정보들은 아니지만 잊어서는 안 될 기억을 찾아 나선다는 주제를 아버지의 모습으로 표현시킨게 참신하게 다가오더군요ㅎㅎ 리뷰 잘 봤습니다!,"['마치', '역사', '를', '잊은', '민족', '에게', '미래', '는', '없다라는', '말', '을', '연상', '시키는', '배경', '속', '인물', '들', '의', '주', '제', '의식', '과', '그것', '을', '다시', '상기', '시켜주는', '주인공', '들', '을', '보는', '느낌', '이', '들었습니다', '어디', '에선', '가', '꼭', '활용', '할', '정보', '들', '은', '아니지만', '잊어서는', '안', '될', '기억', '을', '찾아', '나선다는', '주제', '를', '아버지', '의', '모습', '으로', '표현', '시킨게', '참신하게', '다가오더군요', '리뷰', '잘', '봤습니다']",6.589932552106275,2.35
152,fIvFXK6v65Q,오호 새로운 시각 감사합니다,"['오호', '새로운', '시각', '감사합니다']",3.0870987907992538,1.93
153,fIvFXK6v65Q,이번에 개봉하는 살아있다도 리뷰 하실 예정인가요?,"['이번', '에', '개봉', '하는', '살아있다도', '리뷰', '하실', '예정', '인가요']",-0.7275843593888942,-0.37
154,fIvFXK6v65Q,그 부산행 짝퉁이요?,"['그', '부산', '행', '짝퉁', '이', '요']",0.0,0.0
155,fIvFXK6v65Q,집근처 극장에서 개봉하면요ㅜㅜ,"['집', '근처', '극장', '에서', '개봉', '하면요']",-0.7855805375136256,-0.44
156,RsihxZQwYZA,제가 느낀 것과 너무 일치하는 평이네요! 괜찮았어요,"['제', '가', '느낀', '것', '과', '너무', '일치', '하는', '평이', '네', '요', '괜찮았어요']",-0.3009391419890173,-0.14
157,RsihxZQwYZA,아들과 봤습니다. 42살 아빠와 6살 아들 모두 감동이었습니다.,"['아들', '과', '봤습니다', '42', '살', '아빠', '와', '6', '살', '아들', '모두', '감동', '이었습니다']",1.556683917401377,0.74
158,RsihxZQwYZA,내가 보았는데요. 후반부에서 저주가 용으로 나타날때 용 얼굴이 웃기게 생김ㅋㅋㅋㅋㅋㅋㅋ,"['내', '가', '보았는데요', '후반', '부', '에서', '저주', '가', '용', '으로', '나타날', '때', '용', '얼굴', '이', '웃기', '게', '생김']",-4.454110789134082,-1.97
159,RsihxZQwYZA,딸이랑 봤는데 마지막에 엄청 울었어요,"['딸', '이랑', '봤는데', '마지막', '에', '엄청', '울었어요']",-1.8517545114791303,-1.0
160,RsihxZQwYZA,의미깊은 영화에 감동받았습니다 형제가 있는 분들은 꼭보세요,"['의미', '깊은', '영화', '에', '감동', '받았습니다', '형제', '가', '있는', '분', '들', '은', '꼭', '보세요']",1.2370981286947562,0.58
161,RsihxZQwYZA,휴지 다섯통썻읍니다,"['휴지', '다섯', '통썻읍', '니', '다']",0.0,0.0
162,RsihxZQwYZA,완전 재미있었음 역시 디즈니,"['완전', '재미있었음', '역시', '디즈니']",-0.33639590700374167,-0.21
163,RsihxZQwYZA,흐엉...<br>오늘 보고 왔는데 진짜 엉엉 울었어요 ㅠㅠㅠ,"['흐엉', '오늘', '보고', '왔는데', '진짜', '엉엉', '울었어요']",2.067015245632877,1.12
164,RsihxZQwYZA,대대로 이어지는 유산을 잊지 말아야 한다는 메세지와 가족이라는 단어의 소중함을 잊지 말아야 한다는 함축적인 메세지가 여전히 잘 드러난 픽.사 영화였네요. 오늘도 리뷰 잘 봤습니다ㅎㅎ<br><br>그런데 시간대별로 제목이 정리 되어있는데 새로 생긴 기능인가요?? 사용 해보고 싶어서 궁금해욬ㅋㅋㅋ!!,"['대대로', '이어지는', '유산', '을', '잊지', '말아야', '한다는', '메세지', '와', '가족', '이라는', '단어', '의', '소중함을', '잊지', '말아야', '한다는', '함축', '적', '인', '메세지', '가', '여전히', '잘', '드러난', '픽사', '영화', '였네요', '오늘', '도', '리뷰', '잘', '봤습니다', '그런데', '시간대', '별로', '제목', '이', '정리', '되어있는데', '새로', '생긴', '기능', '인가요', '사용', '해보고', '싶어서', '궁금해', '욬']",5.332158057358438,1.98
165,RsihxZQwYZA,최근에 나왔어요~ 본문에 타임코드 적으면 자동 활성화됩니다,"['최근', '에', '나왔어요', '본문', '에', '타임', '코드', '적으면', '자동', '활성화', '됩니다']",0.0,0.0
166,RsihxZQwYZA,아이맥스 최고에요,"['아이맥스', '최고', '에요']",1.3827484961736223,0.94
167,RsihxZQwYZA,픽사가 픽사했단 말이 괜히 나오는게 아니죠 최고에요,"['픽사', '가', '픽사', '했단', '말', '이', '괜히', '나오는게', '아니죠', '최고', '에요']",1.6029353889515583,0.79
168,RsihxZQwYZA,저 19일에 보러갈 예정인데 그때까지 상영할까요??ㅠㅠㅠㅠㅠㅠㅠㅠ진짜 너무 보고싶은데ㅠㅠㅠㅠㅠㅠㅠㅠ,"['저', '19일', '에', '보러', '갈', '예정', '인데', '그때', '까지', '상영', '할까', '요', '진짜', '너무', '보고싶은데']",1.275828320578742,0.59
169,RsihxZQwYZA,영화가 개봉하면 평균 2주 이상은 상영합니다,"['영화', '가', '개봉', '하면', '평균', '2', '주', '이상은', '상영', '합니다']",-1.6353190392473695,-0.82
170,RsihxZQwYZA,난 기대안하고 봤는데 생각보다 재밌었음,"['난', '기', '대안', '하고', '봤는데', '생각', '보다', '재밌었음']",0.7449354535039554,0.39
171,RsihxZQwYZA,ㅇㅈㅇㅈ,[],0.0,-0.0
172,RsihxZQwYZA,신과함께 볼때도 안울었는데 이영화보고 울었음 .. 아 ..자존심상해...,"['신', '과', '함께', '볼때', '도', '안', '울었는데', '이영화', '보고', '울었음', '아', '자존심', '상해']",0.9187697571120095,0.43
173,RsihxZQwYZA,@따따시의 영화 리뷰 토이스토리는 약간 제스타일이 아니라서 울지는 안았는데 이 영화는 그래도 잘 만들었더라고요,"['따따', '시', '의', '영화', '리뷰', '토이스토리', '는', '약간', '제', '스타일', '이', '아니라서', '울', '지는', '안았는데', '이', '영화', '는', '그래도', '잘', '만들었더라고요']",1.555287247179125,0.67
174,RsihxZQwYZA,픽사 영화에는 안 울기가 힘들죠..ㅠㅠ,"['픽사', '영화', '에는', '안', '울', '기', '가', '힘들죠']",-0.7978806426430558,-0.42
175,yKKi9FAOXig,봤슴니닼ㅋ,['봤슴니닼'],0.0,0.0
176,yKKi9FAOXig,ㅋㅋㅋ,[],0.0,-0.0
177,yKKi9FAOXig,저온위,"['저', '온', '위']",0.0,0.0
178,gHiflDQMij0,오늘보고왔어요 하하하하하핳 진짜울수밖에없어요 ㅠㅠㅠ,"['오늘', '보고왔어요', '하하', '하하', '하', '핳', '진짜', '울수밖에', '없어요']",2.403411152636616,1.23
179,gHiflDQMij0,박주현 배우님 알려줌 해주세요 인간수엊에 나오신분,"['박주현', '배우', '님', '알려', '줌', '해주세요', '인간', '수', '엊', '에', '나오', '신분']",0.0,0.0
180,gHiflDQMij0,요즘 힘든일이 많았는데... 영화보고 울수있음 좋겠네요,"['요즘', '힘든', '일이', '많았는데', '영화', '보고', '울수있음', '좋겠네요']",-3.0992977783089852,-1.63
181,gHiflDQMij0,캐릭터가 좀 비호감,"['캐릭터', '가', '좀', '비호감']",0.5360212609383874,0.33
182,gHiflDQMij0,아맥 추천하나요?,"['아', '맥', '추천', '하나요']",0.0,0.0
183,gHiflDQMij0,잘듣고갑니다,"['잘', '듣고', '갑니다']",1.255165664115748,0.85
184,-QMtzkDSWDQ,와...대애박,"['와', '대애', '박']",0.0,0.0
185,-QMtzkDSWDQ,감사합니다~^^,['감사합니다'],1.831933126683506,1.83
186,-QMtzkDSWDQ,조형이 예술입니다. 아크릴물감 종류가 뭔지 궁금하네요 채색이 한번에 쓱쓱 되는게 진짜 붓자국 안보이게 깔끔하셔요. 제가 한수 배워야 갰습니다,"['조형', '이', '예술', '입니다', '아크릴물감', '종류', '가', '뭔', '지', '궁금하네요', '채색', '이', '한번', '에', '쓱쓱', '되는게', '진짜', '붓', '자국', '안보', '이', '게', '깔끔하셔요', '제', '가', '한수', '배워야', '갰습니다']",1.6636040929962626,0.68
187,-QMtzkDSWDQ,좋은 답변이 되었습니다. 이렇게 장문의 댓글로 답변을 크... 감동이에요,"['좋은', '답변', '이', '되었습니다', '이렇게', '장문', '의', '댓글', '로', '답변', '을', '크', '감동', '이에요']",4.255165664115748,1.98
188,-QMtzkDSWDQ,"아크릴물감 브랜드명이 궁금하셨던거군요^^<br><br>제가 현재 사용하는 것은 몽마르뜨(국산), 데코아트(미국산)를 쓰고있어요.<br> <br> 데코아트제품은 메탈릭색상을 낼때만 사용하고 있고요, 몽마르뜨제품은 일반적인 칼라를 낼때 사용해요. <br>이제품들을 특별한 이유가있어서 사용하는것은 아니구요  그냥 써보고 싶어서 구매했어요.ㅋ<br>다음엔 [조소냐]제품도 써볼려구요.<br><br> 이외에도 여러회사 것을 사용해봤는데 각각 장단점이 있어요.<br>몽마르뜨는 색상은 이쁜데 건조속도가 빠른것 같더라구요.  이점은 어느부분을 칠하느냐에 따라  단점이 될수도 장점이 될수도 있어요.<br><br>붓터치가 안남게 하는 방법은 물의 농도를 잘 맞추면 됩니다.<br>물의 농도가 어느정도인지 궁금하다면 물감은 물에 게어 작품에 바로 칠하지말고 흰색 종이에 먼저 칠해본 후 농도가 괜챤다싶으면 작품에 사용하시면됩니다.<br><br>글로 표현할래니 어렵네요^^;;<br><br>그래도 도움이 되셨길 바라며 늘 발전해가는 키아트님 응원할께요~😊","['아크릴물감', '브랜드', '명', '이', '궁금하셨던거군요', '제', '가', '현재', '사용', '하는', '것', '은', '몽마', '르뜨', '국산', '데코', '아트', '미국', '산를', '쓰고있어요', '데코', '아트', '제품', '은', '메탈', '릭', '색상', '을', '낼때', '만', '사용', '하고', '있고요', '몽', '마르', '뜨', '제품', '은', '일반', '적', '인', '칼라', '를', '낼때', '사용', '해요', '이', '제품', '들', '을', '특별한', '이유', '가', '있어서', '사용', '하는것은', '아니구요', '그냥', '써', '보고', '싶어서', '구매', '했어요', '다음', '엔', '조소', '냐', '제품', '도', '써', '볼려', '구', '요', '이외', '에도', '여러', '회사', '것', '을', '사용', '해봤는데', '각각', '장단점', '이', '있어요', '몽', '마르', '뜨는', '색상', '은', '이쁜데', '건조', '속도', '가', '빠른것', '같더라구요', '이점', '은', '어느', '부분', '을', '칠하느냐에', '따라', '단점', '이', '될수도', '장점', '이', '될수도', '있어요', '붓', '터치', '가', '안남', '게', '하는', '방법', '은', '물의', '농도', '를', '잘', '맞추면', '됩니다', '물의', '농도', '가', '어느', '정도', '인지', '궁금하다면', '물감', '은', '물', '에', '게', '어', '작품', '에', '바로', '칠하지말고', '흰색', '종이', '에', '먼저', '칠', '해본', '후', '농도', '가', '괜챤다싶으', '면', '작품', '에', '사용', '하시면', '됩니다', '글', '로', '표현', '할래', '니', '어렵네요', '그래도', '도움', '이', '되셨길', '바라며', '늘', '발전', '해가는', '키', '아트', '님', '응원', '할께요']",9.225894397938156,2.84
189,PefYYUWjft8,"<a href=""https://www.youtube.com/watch?v=PefYYUWjft8&amp;t=5m35s"">5:35</a><br><b>저 분홍요정이 던진 것은 Hoxy 트리플덴트 껌?</b><br>ㅋㅋㅋㅋㅋㅋㅋㅋㅋㅋㅋ 개반갑네 저거 애니에서 저 껌광고 인사이드아웃 주인공이 진짜 좋아했던거 생각난다 ㅋㅋㅋㅋㅋㅋㅋㅋㅋㅋ","['535', '저', '분홍', '요', '정이', '던진', '것', '은', 'Hoxy', '트리플', '덴트', '껌', '개', '반갑네', '저', '거', '애니', '에서', '저', '껌', '광고', '인사이드아웃', '주인공', '이', '진짜', '좋아했던거', '생각난다']",0.8523336227757461,0.35
190,PefYYUWjft8,"&#39;이안&#39;이 아버지와 형의 포옹을 지켜본다는 그 의미, <br>아버지가 소중했던만큼 형 &#39;발리&#39;도 그에게 소중한 사람이었음을. 제가 형이기도 해서 공감가는 부분도 많아 뭉클했네요😁","['39', '이안', '39', '이', '아버지', '와', '형', '의', '포옹', '을', '지켜본다는', '그', '의미', '아버지', '가', '소중했던만큼', '형', '39', '발리', '39', '도', '그', '에게', '소중한', '사람', '이었음', '을', '제', '가', '형', '이기도', '해서', '공감', '가는', '부분', '도', '많아', '뭉클했네요']",4.931655445302179,1.91
191,PefYYUWjft8,최고의 순간을 최고의 연출로 담았다고 생각합니다.  그 장면은 극장에서 또 보고 싶더라구요..,"['최고', '의', '순간', '을', '최고', '의', '연출', '로', '담았다고', '생각', '합니다', '그', '장면', '은', '극장', '에서', '또', '보고', '싶더라구요']",1.6784993191676936,0.74
192,PefYYUWjft8,픽사영화라 기대하고 영화관에 달려갔습니다 흥미로운 소재에 웃음이 나오면서도 중간중간 약간의 빈틈이 느껴져 의아하기도했습니다 하지만 뿌려놓은 것들을 모조리 회수하면서 결말에서 주는 감동에서 픽사는 픽사라 느꼈습니다 그래도 코로나 사태이후 좋은 영화가 계속 나오고있는 느낌이라 기분은 좋더라구요 좋은 리뷰 감사합니다!,"['픽사', '영화', '라', '기대하고', '영화관', '에', '달려갔습니다', '흥미로운', '소재', '에', '웃음', '이', '나오면서도', '중간', '중간', '약간', '의', '빈틈', '이', '느껴져', '의아', '하기도', '했습니다', '하지만', '뿌려놓은', '것', '들', '을', '모조리', '회수', '하면서', '결말', '에서', '주는', '감동', '에서', '픽사', '는', '픽사', '라', '느꼈습니다', '그래도', '코로나', '사태', '이후', '좋은', '영화', '가', '계속', '나오고있는', '느낌', '이라', '기분', '은', '좋더라구요', '좋은', '리뷰', '감사합니다']",11.465609437327569,4.15
193,PefYYUWjft8,"복선회수가 너무, 완벽","['복선', '회수', '가', '너무', '완벽']",0.0,0.0
194,PefYYUWjft8,"부족한 점은 있었는데, 그래도 끝은 역시 픽사!였습니다. 관객들의 감정을 너무나 잘 이해하는 것 같아요. 괜히 장인이 아닌 것 같습니다. 리뷰 좋게 봐주셔서 감사합니다!","['부족한', '점', '은', '있었는데', '그래도', '끝', '은', '역시', '픽사', '였습니다', '관객', '들', '의', '감정', '을', '너무나', '잘', '이해', '하는', '것', '같아요', '괜히', '장인', '이', '아닌', '것', '같습니다', '리뷰', '좋게', '봐주셔서', '감사합니다']",-0.801626789021352,-0.32
195,PefYYUWjft8,마치 역사를 잊은 민족에게 미래는 없다라는 말을 연상 시키는 배경 속 인물들의 주제의식과 그것을 다시 상기 시켜주는 주인공들을 보는 느낌이 들었습니다. 어디에선가 꼭 활용할 정보들은 아니지만 잊어서는 안 될 기억을 찾아 나선다는 주제를 아버지의 모습으로 표현시킨게 참신하게 다가오더군요ㅎㅎ 리뷰 잘 봤습니다.,"['마치', '역사', '를', '잊은', '민족', '에게', '미래', '는', '없다라는', '말', '을', '연상', '시키는', '배경', '속', '인물', '들', '의', '주', '제', '의식', '과', '그것', '을', '다시', '상기', '시켜주는', '주인공', '들', '을', '보는', '느낌', '이', '들었습니다', '어디', '에선', '가', '꼭', '활용', '할', '정보', '들', '은', '아니지만', '잊어서는', '안', '될', '기억', '을', '찾아', '나선다는', '주제', '를', '아버지', '의', '모습', '으로', '표현', '시킨게', '참신하게', '다가오더군요', '리뷰', '잘', '봤습니다']",6.589932552106275,2.35
196,PefYYUWjft8,주말에 보러갈 예정인데요! 한국어 더빙판이랑 자막판중에 뭘가 좋을까요?? 저는 겨울왕국이나 신데렐라처럼 노래가 나오면 꼭 자막판 더빙판 다 보거든요!! 그리고 영상은 영화보구와서 볼께요!!!!!,"['주말', '에', '보러', '갈', '예정', '인데', '요', '한국어', '더빙', '판이', '랑', '자막', '판', '중', '에', '뭘', '가', '좋을까요', '저', '는', '겨울왕국', '이나', '신데렐라', '처럼', '노래', '가', '나오면', '꼭', '자막', '판', '더빙', '판', '다', '보거든요', '그리고', '영상', '은', '영화', '보구', '와', '서', '볼께요']",-1.27440793761476,-0.49
197,PefYYUWjft8,겨울왕국처럼 뮤지컬적인 요소가 없습니다. 알아두시면 좋을 것 같아요. 그리고 저같은 경우에는 선택하라면 더빙판보다는 자막판 일 것 같아요. 즐거운 관람하시고 리뷰 즐겨주세요.,"['겨울왕국', '처럼', '뮤지컬', '적', '인', '요소', '가', '없습니다', '알', '아', '두시', '면', '좋을', '것', '같아요', '그리고', '저', '같은', '경우', '에는', '선택', '하', '라면', '더빙', '판', '보다는', '자막', '판', '일', '것', '같아요', '즐거운', '관람', '하시고', '리뷰', '즐겨주세요']",6.311987104162456,2.47
198,PefYYUWjft8,픽사의 고른 퀄리티가 단단한 스토리텔링 원칙에서 나오는 것이었군요. 영화든 애니든 화려하지만 뭔가 텅비어보이는 아쉬운 작품들과 픽사가 다른 이유겠네요. 좋은 리뷰 감사합니다.,"['픽사', '의', '고른', '퀄리티', '가', '단단한', '스토리텔링', '원칙', '에서', '나오는', '것', '이었군요', '영화', '든', '애니', '든', '화려하지만', '뭔가', '텅', '비어', '보이는', '아쉬운', '작품', '들', '과', '픽사', '가', '다른', '이유', '겠네요', '좋은', '리뷰', '감사합니다']",5.699271173312967,2.26
199,PefYYUWjft8,픽사의 고른 퀄리티라는 말이 와닿네요. 운으로 한번의 좋은 작품은 만들 수 있습니다. 하지만 계속해서 좋은 작품을 찍으려면 자신만의 노하우와 레시피가 있어야겠죠. 픽사의 원칙같은 경우는 구글링만해도 나오니까 궁금하시면 찾아보셔도 좋을 것 같아요. 댓글 감사합니다.,"['픽사', '의', '고른', '퀄리티', '라는', '말', '이', '와', '닿네요', '운', '으로', '한번', '의', '좋은', '작품', '은', '만들', '수', '있습니다', '하지만', '계속', '해서', '좋은', '작품', '을', '찍으려면', '자신', '만의', '노하우', '와', '레시피', '가', '있어야겠죠', '픽사', '의', '원칙', '같은', '경우', '는', '구글링', '만해', '도', '나오니까', '궁금하시면', '찾아보셔도', '좋을', '것', '같아요', '댓글', '감사합니다']",9.563393736980002,3.54
