	Unnamed: 0	id	sentence	comment_cut	score	ratio
0	0	S0IgBPfJwUY	저꼬맹이 많이컷네	['저', '꼬맹이', '많이', '컷', '네']	-0.8287097869804709	-0.49
1	1	S0IgBPfJwUY	ㅋㅋㅋㅋㅋㅋㅋㅋㅋ윤아언니 진짜 재밌게 잘하셨어요 ㅎㅎ 미모는 역시 이쁘고~	['윤아', '언니', '진짜', '재밌게', '잘', '하셨어요', '미모', '는', '역시', '이쁘고']	1.3587510239056362	0.68
2	2	S0IgBPfJwUY	현빈매력존나멋있어♥♥♥♥♥♥	['현빈', '매력', '존나', '멋있어']	1.1712902130195313	0.73
3	3	S0IgBPfJwUY	아 윤아 이뻐죽겄네... 연기도 잘하고ㅎㅎ 더케이투보고 좋아짐...	['아', '윤아', '이뻐죽겄', '네', '연기', '도', '잘', '하고', '더', '케이', '투', '보고', '좋아짐']	2.1260062354617197	1.01
4	4	S0IgBPfJwUY	차기성 개새끼 ㅅㅂ 존나 웃겨ㅋㅋㅋㅋㅋㅋㅋㅋㅋㅋㅋㅋㅋㅋㅋㅋㅋㅋㅋㅋㅋㅋㅋㅋㅋㅋ	['차기', '성', '개새끼', '존나', '웃겨']	-3.65741957396094	-2.15
5	5	S0IgBPfJwUY	아 진짜 현빈ㅠㅠㅠㅠㅠㅠㅠㅠㅠㅠㅠㅠㅠ크으으으으으으으으읍ㅠㅠ너무 멋져ㅠ	['아', '진짜', '현빈', '크', '으으', '으으', '으으', '으으', '읍', '너무', '멋져']	2.116937131658747	1.04
6	6	S0IgBPfJwUY	여러분 공조 정말 재밌습니다	['여러분', '공조', '정말', '재밌습니다']	-0.8287097869804709	-0.52
7	7	S0IgBPfJwUY	윤아는 영원한 걸그룹의 비주얼 센터로 남을 듯.. 보통 걸그룹 애들 연기로 빠지면 가수할 때에 비해 안 꾸며서 그런지 아니면 여배우들에 비해 외모가 후달려서 그런지 많이 떨어져 보이던데 윤아는 전혀 안 그러네;; 머리에 저런 거적때기를 씌어나도 개예쁘다ㄷㄷ 다른 걸그룹들의 비주얼 센터 좋아하는 팬들에게는 미안하지만 윤아만큼은 뭔가 독보적인 것 같다 탈아이돌급ㅇㅇ 인성도 되게 착하고 예의바르다던데 역시 &quot;진짜로&quot; 예쁜 얘들은 마음씨까지 곱다	['윤아', '는', '영원한', '걸그룹', '의', '비주', '얼', '센터', '로', '남', '을', '듯', '보통', '걸그룹', '애', '들', '연기', '로', '빠지면', '가수', '할', '때', '에', '비해', '안', '꾸며서', '그런지', '아니면', '여배우', '들', '에', '비해', '외모', '가', '후', '달려서', '그런지', '많이', '떨어져', '보이던데', '윤아', '는', '전혀', '안', '그러네', '머리', '에', '저런', '거적', '때', '기를', '씌어나', '도', '개', '예쁘다', '다른', '걸그룹', '들', '의', '비주', '얼', '센터', '좋아하는', '팬', '들', '에게는', '미안하지만', '윤아', '만큼은', '뭔가', '독보', '적', '인', '것', '같다', '탈', '아이돌', '급', '인성', '도', '되게', '착하고', '예의', '바르다던데', '역시', 'quot', '진짜', '로', 'quot', '예쁜', '얘', '들', '은', '마음씨', '까지', '곱다']	-17.56286768605932	-5.89
8	8	S0IgBPfJwUY	현빈 너무 잘 생겼어ㅠㅜㅠㅜㅠㅜㅜ	['현빈', '너무', '잘', '생겼어']	3.0	1.87
9	9	S0IgBPfJwUY	윤아: 그 여자... 사랑해요?<br>해진: 기ㅋㅋㅋㅋ럼요 ㅋㅋㅋㅋㅋㅋ (들썩들썩)	['윤아', '그', '여자', '사랑', '해요', '해진', '기', '럼', '요', '들썩들썩']	3.4131041052664197	1.71
10	10	S0IgBPfJwUY	새벽 ㅋㅋㅋㅋㅋㅋㅋㅋㅋㅋㅋㅋㅋㅋㅋㅋ	['새벽']	0.0	0.0
11	11	S0IgBPfJwUY	윤아 존예! 연기도 잘하고 귀엽다.	['윤아', '존예', '연기', '도', '잘', '하고', '귀엽다']	5.783425809422661	3.13
12	12	S0IgBPfJwUY	공조브금 너무좋음...	['공조', '브금', '너무', '좋음']	3.02774127811718	1.89
13	13	S0IgBPfJwUY	나이거 전에봤는데	['나이', '거', '전', '에', '봤는데']	0.0	0.0
14	14	S0IgBPfJwUY	연아 누구딸? 엄마딸	['연아', '누구', '딸', '엄마', '딸']	0.0	0.0
15	15	S0IgBPfJwUY	이거참보기좋아	['이', '거참', '보기', '좋아']	2.0	1.25
16	16	S0IgBPfJwUY	통일되믄.........??	['통일', '되', '믄']	-0.8287097869804709	-0.56
17	17	S0IgBPfJwUY	리퍼 TV 흐믓	['리퍼', 'TV', '흐믓']	0.0	0.0
18	18	S0IgBPfJwUY	아 진짜 잘생겼다...진짜 진짜 잘생겼다....진짜 진짜 잘생긴거같아..미쳤어 진짜	['아', '진짜', '잘생겼다', '진짜', '진짜', '잘생겼다', '진짜', '진짜', '잘생긴거', '같아', '미쳤어', '진짜']	0.11693713165874707	0.06
19	19	S0IgBPfJwUY	난 왜 이부분을 못 봤지?? 기분탓인가??	['난', '왜', '이', '부분', '을', '못', '봤지', '기분', '탓', '인가']	0.0	0.0
20	20	S0IgBPfJwUY	마지막 배경음악은  공조OST ..이고 너무좋아서 다운받아서 벨소리 칼라링 햇음	['마지막', '배경음악', '은', '공조', 'OST', '이고', '너무', '좋아서', '다운', '받아서', '벨소리', '칼라', '링', '햇음']	1.6574195739609388	0.77
21	21	S0IgBPfJwUY	cadzone70 다운어캐받음	['cadzone', '70', '다운', '어', '캐', '받음']	0.0	0.0
22	22	S0IgBPfJwUY	윤아ㅋㅋㅋㅋㅋㅋ	['윤아']	-0.10076653379216972	-0.1
23	23	S0IgBPfJwUY	전상미 공조TSO	['전상미', '공조', 'TSO']	0.0	0.0
24	24	S0IgBPfJwUY	i can&#39;t bear Yoona&#39; s face, not natural,...so sad	['i', 'can', '39', 't', 'bear', 'Yoona', '39', 's', 'face', 'not', 'naturalso', 'sad']	0.0	0.0
25	25	S0IgBPfJwUY	김정은도 벤츠 타듯이 북한은 벤츠 사랑~	['김정은', '도', '벤츠', '타듯이', '북한', '은', '벤츠', '사랑']	1.171290213019529	0.62
26	26	S0IgBPfJwUY	윤아때문에 공조영상 찾아보는중 윤아 이쁘다	['윤아', '때문', '에', '공조', '영상', '찾아보는', '중', '윤아', '이쁘다']	2.24181389224689	1.15
27	27	S0IgBPfJwUY	이 영화에선 통일되믄 좋겠는데 현실은 그러고 싶지 않나	['이', '영화', '에선', '통일', '되', '믄', '좋겠는데', '현실', '은', '그러고', '싶지', '않나']	-0.7942189861819409	-0.38
28	28	S0IgBPfJwUY	와..  s500  두대..  북한으로드가네..	['와', 's', '500', '두', '대', '북한', '으', '로드', '가네']	-0.8287097869804709	-0.42
29	29	S0IgBPfJwUY	그래. . 이쁜 애가 망가지면 보상심리로다가 더 좋아하게 되지. .ㅎ	['그래', '이쁜', '애가', '망가지면', '보상', '심리', '로', '다가', '더', '좋아하게', '되지']	2.0	0.98
30	30	S0IgBPfJwUY	통일되믄...	['통일', '되', '믄']	-0.8287097869804709	-0.56
31	31	S0IgBPfJwUY	윤아 존나 이쁘다	['윤아', '존나', '이쁘다']	1.0705236792273616	0.72
32	32	S0IgBPfJwUY	영화 끝나고 작가들 배우들 이름나올때 나오던데용	['영화', '끝나고', '작가', '들', '배우', '들', '이름나', '올', '때', '나오던데용']	0.034490800798530064	0.02
33	33	S0IgBPfJwUY	이거는 영화관에서 상영된것중 안나온거인가요?	['이', '거', '는', '영화관', '에서', '상영', '된것', '중', '안', '나온거인가요']	0.3425804260390604	0.17
34	34	S0IgBPfJwUY	엥 저오늘 이거봤는데 이영상말고 유해진이 평양가는것만 나오던데융	['엥', '저', '오늘', '이', '거', '봤는데', '이', '영상', '말고', '유해진', '이', '평양', '가는것만', '나오던데', '융']	1.0622320789157098	0.49
35	35	S0IgBPfJwUY	이나경 아!<br>감사합니다<br>제가 끝나고 바로나가서못봤네요 ㅎㅎ	['이나경', '아', '감사합니다', '제', '가', '끝나고', '바로', '나가서못', '봤네요']	0.0	0.0
36	36	S0IgBPfJwUY	존잘 ㅅㅂ	['존잘']	2.0	2.0
37	37	S0IgBPfJwUY	노래제목좀	['노래', '제목', '좀']	0.0	0.0
38	38	S0IgBPfJwUY	첫번째는 서울구경 마지막은 공조ost요	['첫', '번째', '는', '서울', '구경', '마지막', '은', '공조', 'ost', '요']	-0.34258042603906125	-0.17
39	39	CSBGOM94PD4	I want to go watch this because of Yoo Hae Jin I love him. Oh and btw Kim Joo Hyuk is also a major role in this movie but he&#39;s not in the trailer??	['I', 'want', 'to', 'go', 'watch', 'this', 'because', 'of', 'Yoo', 'Hae', 'Jin', 'I', 'love', 'him', 'Oh', 'and', 'btw', 'Kim', 'Joo', 'Hyuk', 'is', 'also', 'a', 'major', 'role', 'in', 'this', 'movie', 'but', 'he', '39', 's', 'not', 'in', 'the', 'trailer']	0.0	0.0
40	40	CSBGOM94PD4	millionaire first love guy is hot with his beard.😈	['millionaire', 'first', 'love', 'guy', 'is', 'hot', 'with', 'his', 'beard']	0.0	0.0
41	41	CSBGOM94PD4	Hyun Bin is the best!	['Hyun', 'Bin', 'is', 'the', 'best']	0.0	0.0
42	42	CSBGOM94PD4	christ that&#39;s an ugly sob	['christ', 'that', '39', 's', 'an', 'ugly', 'sob']	0.0	0.0
43	43	CSBGOM94PD4	Mending political boarders by way of buddy cop action comedies.  Korea, you&#39;re doing it right.	['Mending', 'political', 'boarders', 'by', 'way', 'of', 'buddy', 'cop', 'action', 'comedies', 'Korea', 'you', '39', 're', 'doing', 'it', 'right']	0.0	0.0
44	44	CSBGOM94PD4	This looks great &gt;O &lt;	['This', 'looks', 'great', 'gtO', 'lt']	0.0	0.0
45	45	CSBGOM94PD4	Rush Hour wannabe.....	['Rush', 'Hour', 'wannabe']	0.0	0.0
46	46	CSBGOM94PD4	Xentradi97 fair enough.	['Xentradi', '97', 'fair', 'enough']	0.0	0.0
47	47	CSBGOM94PD4	Rush hour was shit.  First one was decent but sucked balls after.  And besides, before Rush hour didn&#39;t invent buddy cop movies.   Bad boys, Lethal weapon, 48 hours, Red Heat and going back decades and decades.	['Rush', 'hour', 'was', 'shit', 'First', 'one', 'was', 'decent', 'but', 'sucked', 'balls', 'after', 'And', 'besides', 'before', 'Rush', 'hour', 'didn', '39', 't', 'invent', 'buddy', 'cop', 'movies', 'Bad', 'boys', 'Lethal', 'weapon', '48', 'hours', 'Red', 'Heat', 'and', 'going', 'back', 'decades', 'and', 'decades']	0.0	0.0
48	48	BXqz6Yi3I84	나 영화관에서 봤는데 이부분에서 나.엄빠랑  주변사람들 전부다 웃었음 ㅋㅋㅋㅋㅋㅋㅋㅋ	['나', '영화관', '에서', '봤는데', '이', '부분', '에서', '나', '엄빠', '랑', '주변', '사람', '들', '전부', '다', '웃었음']	0.6851608520781207	0.31
49	49	BXqz6Yi3I84	ㅋㅋㅋㅋㅋ	[]	0.0	-0.0
50	50	BXqz6Yi3I84	ㅋㅋㅋㅋㅋㅋㅋㅋㅋㅋㅋㅋ이부분 엄청 웃었음ㅋㅋㅋㅋㅋㅋㅋㅋㅋㅋㅋㅋㅋㅋ	['이', '부분', '엄청', '웃었음']	0.0	0.0
51	51	BXqz6Yi3I84	왜 유해진님 대사가 다달라요..?애드립같은건가....?	['왜', '유해진', '님', '대사', '가', '다달라요', '애드립', '같은', '건가']	0.7196516528766495	0.37
52	52	BXqz6Yi3I84	lovely 윰 아감사합니다!	['lovely', '윰', '아', '감사합니다']	0.0	0.0
53	53	BXqz6Yi3I84	네 애드리브요	['네', '애드리브', '요']	0.0	0.0
54	54	BXqz6Yi3I84	윤아:그여자사랑해요?<br>유해진:기레 사랑합니닼ㅋㅋㅋㅋㅋㅋㅋ	['윤아', '그', '여', '자사', '랑', '해', '요', '유해', '진기', '레', '사랑', '합', '니', '닼']	-3.758186107753112	-1.75
55	55	BXqz6Yi3I84	박혜성 ㅋㅋㅋㅋㅋㅋㅋ	['박혜성']	0.0	0.0
56	56	BXqz6Yi3I84	앜ㅋㅋㅋㅋㅋㅋ	['앜']	0.0	0.0
57	57	DKIOI02-uAk	이 영화볼때 그 유해진 배우 젖꼭지 튀어나오는거 너무 신경쓰였는뎈ㅋㅋㅋㅋㅋㅋㅋ	['이', '영화', '볼때', '그', '유해진', '배우', '젖꼭지', '튀어나오는거', '너무', '신경', '쓰였는', '뎈']	0.7541424536751795	0.36
58	58	DKIOI02-uAk	윤아 인생연기 ㅋㅋㅋ	['윤아', '인생', '연기']	0.92697474432501	0.63
59	59	DKIOI02-uAk	노래완존멋있오오	['노래', '완존', '멋있오오']	0.0	0.0
60	60	DKIOI02-uAk	통일 되믄...ㅋㅋㅋㅋㅋㅋㅋㅋ진지	['통일', '되', '믄', '진지']	-0.8287097869804709	-0.52
61	61	DKIOI02-uAk	와 벤츠보소 ㅋㅋㅋ	['와', '벤츠', '보소']	0.0	0.0
62	62	DKIOI02-uAk	마지막에 나온 브금제목좀...	['마지막', '에', '나온', '브금', '제목', '좀']	-0.14354893490235246	-0.08
63	63	DKIOI02-uAk	알려주세요	['알려주세요']	0.0	0.0
64	64	DKIOI02-uAk	현빈 액션신 진짜 멋짐... 휴지로 막 퐈ㅏㅍ팍 좀 지리던데	['현빈', '액션', '신', '진짜', '멋짐', '휴지', '로', '막', '퐈팍', '좀', '지리던데']	1.2882273446782762	0.63
65	65	DKIOI02-uAk	마지막에 빠밤~빠맘~ 하는 bgm에 둘이 마주보고 충성자세하면 걍 간지 + 심장폭행 end                                                                      거기서 윤아는 또 반하고 ㅋㅋㅋㅋㅋㅋㅋㅋㅋ아 2나와서 윤아랑 현빈 새로 시작하고 현빈 남한에서 사는 스토리로 또 나왔으면 .. &gt;&lt; 아 그리고 영화 마지막에 나온 영상 크게 보여줘요 ㅠㅠ	['마지막', '에', '빠밤빠맘', '하는', 'bgm', '에', '둘', '이', '마주', '보고', '충성', '자세하면', '걍', '간지', '심장', '폭행', 'end', '거기', '서', '윤아', '는', '또', '반하고', '아', '2', '나와서', '윤아', '랑', '현빈', '새로', '시작', '하고', '현빈', '남한', '에서', '사는', '스토리', '로', '또', '나왔으면', 'gtlt', '아', '그리고', '영화', '마지막', '에', '나온', '영상', '크게', '보여줘요']	-16.441439981466356	-6.09
66	66	DKIOI02-uAk	궁→상↓맞↓게→ 그↓게↑ 뭡↑네↓까↑?<br>통이이이이일...되믄...<br>여기 왜케 맘에 들지ㅠㅠㅠㅠㅠ	['궁상맞게', '그게', '뭡', '네', '까', '통', '이이이이일', '되', '믄', '여기', '왜케', '맘', '에', '들지']	0.0	0.0
67	67	DKIOI02-uAk	마지막장면 전에 일어난 거네	['마지막', '장면', '전', '에', '일어난', '거', '네']	-2.3425804260390595	-1.27
68	68	DKIOI02-uAk	ㅋㅋ <br>윤아:그여자 정말 사랑해요?<br>해진:ㅋㅋㅋㅋㅋㅋ기럼요 사랑하디요	['윤아', '그', '여자', '정말', '사랑', '해요', '해진기', '럼', '요', '사랑', '하디', '요']	2.584394318285949	1.24
69	69	DKIOI02-uAk	아니 다른건 몰라도 휴지씬 개존멋탱입니닼ㅋㅋㅋㅋㅋㅋㅋㅋㅋㅋ예의를 갖춰 대하라우 캬~~~~~~~~ 총쏘는데 ㄹㅇ혼자 화보찍음..	['아니', '다른건', '몰라도', '휴지', '씬', '개존멋', '탱', '입니', '닼', '예의', '를', '갖춰', '대하', '라우', '캬', '총', '쏘는데', '혼자', '화보', '찍음']	0.17129021301952907	0.07
70	70	DKIOI02-uAk	저 어린여자아이 연아 또 어디나왔었죠?? 어디서 봤는디.. 기억이 안나요ㅜㅜ 누가좀	['저', '어린', '여자아이', '연아', '또', '어디', '나왔었죠', '어디서', '봤는디', '기억', '이', '안나', '요', '누가', '좀']	0.0	0.0
71	71	DKIOI02-uAk	갓현빈~^	['갓', '현빈']	2.0	1.54
72	72	DKIOI02-uAk	유해진 찌셔츠보소ㅋㅋㅋㅋ	['유해진', '찌', '셔츠', '보소']	0.7196516528766495	0.45
73	73	DKIOI02-uAk	ㅋㅋ	[]	0.0	-0.0
74	74	DKIOI02-uAk	몇 번을 봐도 멋있다.....	['몇', '번', '을', '봐도', '멋있다']	2.0	1.18
75	75	DKIOI02-uAk	통일되믄	['통일', '되', '믄']	-0.8287097869804709	-0.56
76	76	DKIOI02-uAk	윤아 웃긴데도  예뻐 ㅋ	['윤아', '웃긴데도', '예뻐']	-0.10076653379216972	-0.07
77	77	DKIOI02-uAk	저 맨뒤에나오는 브금 맨날듣습니다...공조브금이 넘 좋아여	['저', '맨뒤', '에나', '오는', '브금', '맨날', '듣습니다', '공', '조', '브금', '이', '넘', '좋아여']	1.0277412781171795	0.49
78	78	DKIOI02-uAk	이거 결말인가요?	['이', '거', '결말', '인가요']	0.0	0.0
79	79	DKIOI02-uAk	이 브금 먼지 아는분 없나요?	['이', '브금', '먼지', '아는', '분', '없나요']	0.027741278117179743	0.02
80	80	DKIOI02-uAk	현진 너무 멋있게 나온다 ㅋㅋ	['현', '진', '너무', '멋있게', '나온다']	0.0	0.0
81	81	DKIOI02-uAk	"<a href=""http://www.youtube.com/watch?v=DKIOI02-uAk&amp;t=1m58s"">1:58</a> 딩~딩~딩~딩~딩~딩~딩~딩~딩~딩~딩~딩~딩~딩~딩~딩~<br>와~앙~~와~앙~~와~앙~~와~앙~~와~앙~~와~앙~~와~앙~~와~앙~~와~앙~~와~~앙~~와~~앙~~와~앙~~ 공조 ost 아드레날린 폭발!!!!+_+;;"	['158', '딩딩딩딩딩딩딩딩', '딩딩딩딩딩딩딩딩', '와', '앙', '와', '앙', '와', '앙', '와', '앙', '와', '앙', '와', '앙', '와', '앙', '와', '앙', '와', '앙', '와', '앙', '와', '앙', '와', '앙', '공조', 'ost', '아드레날린', '폭발']	0.0	0.0
82	82	DKIOI02-uAk	공조는 ost가 캐리하는듯	['공조', '는', 'ost', '가', '캐리', '하는듯']	1.0	0.56
83	83	DKIOI02-uAk	아 진짜 현빈 개잘생겼다 ㄹㅇㅠㅜ	['아', '진짜', '현빈', '개', '잘생겼다']	2.116937131658747	1.25
84	84	DKIOI02-uAk	형부라고 부르는 여자요 왜 보따리 씌우고 있을까요...??	['형부', '라고', '부르는', '여자', '요', '왜', '보따리', '씌우고', '있을까요']	1.51387063905859	0.77
85	85	DKIOI02-uAk	전자발찌 부분 ㄹㅇ 진심 웃겼음 ㅋㅋㅋ 현빈이 남자 제압하고 있을때 ㅋㅋㅋㅋ	['전자발찌', '부분', '진심', '웃겼음', '현빈', '이', '남자', '제압', '하고', '있을', '때']	1.856451065097651	0.91
86	86	DKIOI02-uAk	어제 볼때 대박이였는디	['어제', '볼때', '대박', '이', '였는디']	0.0	0.0
87	87	DKIOI02-uAk	이 장면은 빠지길 잘했네	['이', '장면', '은', '빠지길', '잘', '했네']	-0.9999999999999982	-0.56
88	88	DKIOI02-uAk	ㅋ	[]	0.0	-0.0
89	89	DKIOI02-uAk	아 이거 마지막에 뿌아아앙 하는 노래 겁나 중독적 ;; 영화에서도 이 노래 나오는 장면이 제일 좋았어... 방학 하고 한 번 더 봐야지	['아', '이', '거', '마지막', '에', '뿌', '아', '아앙', '하는', '노래', '겁나', '중독', '적', '영화', '에서도', '이', '노래', '나오는', '장면', '이', '제일', '좋았어', '방학', '하고', '한', '번', '더', '봐야지']	-5.794218986181939	-2.37
90	90	DKIOI02-uAk	새벽 뿌아아아앙ㅋㅋㅋㅋㄹㅋㅋㅋㅋㅋㅋㅋㅋㅇㅈ 영화 끝나고 이노래 맴돔	['새벽', '뿌', '아아', '아앙', '영화', '끝나고', '이노', '래', '맴돔']	0.034490800798530064	0.02
91	91	DKIOI02-uAk	현빈은 가만히 있어도 화보야	['현빈', '은', '가만히', '있어도', '화보', '야']	1.171290213019529	0.66
92	92	DKIOI02-uAk	이거 완전 허늬잼 꿀잼 핵잼임 보기 잘한 영화	['이', '거', '완전', '허늬잼', '꿀잼', '핵잼임', '보기', '잘한', '영화']	3.03449080079853	1.55
93	93	DKIOI02-uAk	통일되믄ㅋㅋㅋㅋㅋㅋㅋㅋㅋㅋㅋㅋㅋㅋㅋㅋ	['통일', '되', '믄']	-0.8287097869804709	-0.56
94	94	DKIOI02-uAk	멋지다 현빈♥♥	['멋지다', '현빈']	4.0	3.07
95	95	DKIOI02-uAk	저렇게 사는것도 나쁘지는않겠네요^^전개인적으로 저렇게 쳐맞고다니더라도 경찰이될수만 있다면 하고싶어요	['저렇게', '사는것도', '나쁘지는', '않겠네요', '전', '개인', '적', '으로', '저렇게', '쳐', '맞고다니더라도', '경찰', '이', '될수만', '있다면', '하고싶어요']	0.3425804260390586	0.16
96	96	DKIOI02-uAk	진짜 북한군에 대한 환상을 만들어줌ㅋㅋ얼마전 설이라서 공유가 북한군으로 나오는 영화보고,현빈보니까 와~~~ㅋㅋㅋㅋ정말 저런사람 북한에 있나요......	['진짜', '북한', '군', '에', '대한', '환상', '을', '만들어', '줌', '얼마', '전', '설', '이라서', '공유', '가', '북한', '군', '으로', '나오는', '영', '화보', '고', '현빈', '보', '니까', '와', '정말', '저런', '사람', '북한', '에', '있나요']	-2.5127411641850155	-1.0
97	97	DKIOI02-uAk	아직 영화안봤는데 이걸봐버렸다!	['아직', '영화', '안', '봤는데', '이', '걸', '봐', '버렸다']	0.034490800798530064	0.02
98	98	DKIOI02-uAk	현빈너무잘생겼어	['현빈', '너무', '잘생겼어']	2.0	1.35
99	99	DKIOI02-uAk	유해진 배우님도 연기 너무 잘하시고 내인생에서 이영화 보다 재미있는영화는 없을듯하다	['유해진', '배우', '님', '도', '연기', '너무', '잘', '하시고', '내', '인생', '에서', '이영화', '보다', '재미있는', '영화', '는', '없을듯', '하다']	5.12446415783142	2.27
100	100	DKIOI02-uAk	현빈이 이렇게 잘생긴 사람인지 첨암.... 너무 잘생겼다 이보다 잘생긴게ㅡ가능해 ㅠㅠ	['현빈', '이', '이렇게', '잘생긴', '사람', '인지', '첨', '암', '너무', '잘생겼다', '이보', '다', '잘생긴게', '가능해']	3.685160852078119	1.72
101	101	DKIOI02-uAk	브금 넘나 좋은것♡	['브금', '넘나', '좋은', '것']	3.02774127811718	1.89
102	102	DKIOI02-uAk	윤아 ㅋㅋㅋㅋㅋㅋㅋ 너무웃겨	['윤아', '너무', '웃겨']	-0.9294763207726406	-0.63
103	103	DKIOI02-uAk	현빈존잘	['현빈', '존잘']	4.0	3.07
104	104	DKIOI02-uAk	아닠ㅋ마지막에브금좋다..	['아닠', '마지막', '에', '브금', '좋다']	2.6851608520781185	1.58
105	105	DKIOI02-uAk	이거 봤는데 핵꿀잼	['이', '거', '봤는데', '핵꿀잼']	0.0	0.0
106	106	DKIOI02-uAk	남자가봐도 현빈 ㅈㄴ멋있네 ....  여자들은 오죽할까싶다... 크	['남자', '가봐도', '현빈', '멋있네', '여자', '들', '은', '오죽할까', '싶다', '크']	3.51387063905859	1.76
107	107	DKIOI02-uAk	현빈 존잘	['현빈', '존잘']	4.0	3.07
108	108	DKIOI02-uAk	엌ㅋ모자쓸때 시바 개 간즤@@!@!@!!!☆	['엌모자쓸때', '시바', '개', '간즤']	0.0	0.0
109	109	DKIOI02-uAk	통일에 빵터졌닼ㅋㅋㅋㅋ	['통일', '에', '빵터졌', '닼']	-0.8287097869804709	-0.52
110	110	DKIOI02-uAk	윤아 언니ㅋㅌㅋㅋㅋㅋㅋㅋㅋㅋㅋㅋㅋㅋㅋㅋㅋㅋㅋㅋㅋㅋㅋㅋ개웃기네 ㅋㅋㅋㅋ애초에 윤아 언니 보려구 공조봤는데 진심 기대이상이였다 ㅋㅋㅋㅋㅋㅋㅋ 배역 넘 잘소화함ㅋㅋㅋㅋㅋ	['윤아', '언니', '개', '웃기', '네', '애초', '에', '윤아', '언니', '보려구', '공조', '봤는데', '진심', '기', '대', '이상', '이', '였다', '배역', '넘', '잘소', '화함']	-0.10076653379216972	-0.04
111	111	DKIOI02-uAk	현빈 개간지 유해진 연기킹왕짱	['현빈', '개간', '지', '유해진', '연기', '킹왕짱']	5.747392930993829	3.23
112	112	DKIOI02-uAk	오늘 공조 보고왔는데 이거보니 꿀잼	['오늘', '공조', '보고왔는데', '이', '거', '보니', '꿀잼']	1.0	0.54
113	113	DKIOI02-uAk	정말추천하고픈영화임다^^	['정말', '추천', '하고픈', '영화', '임다']	-0.7942189861819409	-0.47
114	114	DKIOI02-uAk	우리또언제봐요?ㅜㅜ 니가졸업하믄....	['우리', '또', '언제', '봐요', '니', '가', '졸업', '하믄']	0.0	0.0
115	115	DKIOI02-uAk	윤아가그여자사랑해요?할때유해진웃을때존나웃겼음	['윤아', '가', '그', '여', '자사', '랑', '해', '요', '할', '때', '유해진', '웃', '을', '때', '존나', '웃겼음']	-4.2098246678959885	-1.91
116	116	DKIOI02-uAk	장면 마음에 드는데 왜 안넣었으까?	['장면', '마음', '에', '드는데', '왜', '안', '넣었으까']	-2.8287097869804687	-1.53
117	117	DKIOI02-uAk	공조또보고싶다ㅋㅋ2편 만들면 북한에서 하는걸로 만들면좋겠네	['공', '조', '또', '보고싶다', '2', '편', '만들면', '북한', '에서', '하', '는걸', '로', '만들면', '좋겠네']	-0.4861293609414106	-0.23
118	118	DKIOI02-uAk	장현곤 영화관에서앤딩장면때2탄나옴	['장현', '곤', '영화관', '에서', '앤딩', '장', '면', '때', '2', '탄', '나옴']	0.3425804260390604	0.17
119	119	DKIOI02-uAk	윤아 연기진짜 잘한닼ㅋㅋㅋㅋㅋ 개웃기넼ㅋㅋㅋㅋㅋㅋ공조 봣지만 또 보고싶다...또 이런 영화언제 나오지...	['윤아', '연기', '진짜', '잘한닼', '개', '웃기', '넼', '공조', '봣', '지만', '또', '보고싶다', '또', '이런', '영화', '언제', '나오지']	1.0784026767822872	0.48
120	120	DKIOI02-uAk	아 ㅅㅂ 존잘이다 ㅠㅠ 목소리 개 섹시함 ㅠㅠ	['아', '존잘', '이다', '목소리', '개', '섹시함']	2.0	1.12
121	121	DKIOI02-uAk	통일되믄 ㅋㅋㅋㅋㅋㅋㅋㅋ	['통일', '되', '믄']	-0.8287097869804709	-0.56
122	122	DKIOI02-uAk	악 현빈 너무 멋잇서..♥	['악', '현빈', '너무', '멋', '잇서']	4.0	2.35
123	123	DKIOI02-uAk	공조 재미있음 강추	['공조', '재미있음', '강추']	2.0	1.35
124	124	DKIOI02-uAk	공조 ost 다운못받음? 듣기좋은데	['공조', 'ost', '다운', '못', '받음', '듣기', '좋은데']	0.0	0.0
125	125	DKIOI02-uAk	재원정 얽 저도 다운하고싶은데 어케하죠...!?	['재', '원정', '얽', '저', '도', '다운', '하고싶은데', '어케하', '죠']	0.0	0.0
126	126	DKIOI02-uAk	비빌팬지니 오 감사합니다	['비빌', '팬지', '니', '오', '감사합니다']	0.0	0.0
127	127	DKIOI02-uAk	윤아 개웃김ㅋㅋㅋㅋㄲㅋㅋㄱㅋㅋㄲㅋㅋㅋ	['윤아', '개', '웃김']	-0.10076653379216972	-0.07
128	128	DKIOI02-uAk	박혜진 어디나오죠?	['박혜진', '어디', '나오죠']	0.0	0.0
129	129	DKIOI02-uAk	박혜진 윤아:그여자 사랑해요?<br>유해진:키득키득키득 들썩들썩 기럼요ㅋㅋ	['박혜진', '윤아', '그', '여자', '사랑', '해요', '유해진', '키득키득', '키득', '들썩들썩', '기', '럼', '요']	4.13275575814307	1.95
130	130	DKIOI02-uAk	아 왜이렇게 기여워ㅠㅠㅠㅠㅠㅠㅠㅠㅠㅠㅠㅠㅠ 이게 첫 연기 데뷔작이라니 말이 안되잖아 어쩜 못하는게 없니.. 하 윤아야 사랑ㄹ해❤❤❤	['아', '왜', '이렇게', '기여', '워', '이', '게', '첫', '연기', '데뷔', '작', '이라니', '말', '이', '안되잖아', '어쩜', '못', '하는게', '없니', '하', '윤아', '야', '사랑', '해']	-3.3601231254796984	-1.41
131	131	DKIOI02-uAk	아 &#39;첫&#39;은 안붙여도 되는구나	['아', '39', '첫', '39', '은', '안', '붙여도', '되는구나']	0.0	0.0
132	132	DKIOI02-uAk	김동규 영화 첫 데뷔가 맞는듯	['김동규', '영화', '첫', '데뷔', '가', '맞는듯']	-0.7942189861819409	-0.45
133	133	DKIOI02-uAk	현빈이 간후.. <br>연아:아빠 아이폰사줘<br>해진:너 저아저씨 따라가.	['현빈', '이', '간후', '연아', '아빠', '아이폰', '사줘', '해진', '너', '저', '아저씨', '따라가']	2.0	0.96
134	134	DKIOI02-uAk	차기성한테 납치 될때 유해진가족만 납치됌ㅋㅋㅋ 윤아만 납치안됨ㅋㅋ  어디감?ㅋㅋ	['차기', '성', '한테', '납치', '될', '때', '유해진', '가족', '만', '납치', '됌', '윤아', '만', '납치', '안됨', '어디', '감']	-1.3811148809155205	-0.62
135	135	DKIOI02-uAk	은혁김 그 장면 찍은 다음에 윤아 캐스팅 됬다네요 ㅋㅋ 감독도 윤아가 캐스팅 될 줄 알았으면 윤아까지 납치된 걸로 찍을 걸 그랬다고 인터뷰했더라구요	['은혁', '김', '그', '장면', '찍은', '다음', '에', '윤아', '캐스팅', '됬다네요', '감독', '도', '윤아', '가', '캐스팅', '될', '줄', '알았으면', '윤아', '까지', '납치', '된', '걸', '로', '찍', '을', '걸', '그랬다고', '인터뷰', '했더라구요']	-5.415605681714046	-2.19
136	136	DKIOI02-uAk	윤아얔ㅋㅋㅋㅋㅋㅋㅋㅋㅋㅋㅋ나 두건쓴거 왤케 웃기닠ㅋㅋㅋㅋㅋㅋㅋㅋㅋㅋ아진짜 너는 등장만으로도ㅋㅋㅋㅋㅋ웃곀ㅋㅌ	['윤아얔', '나', '두건', '쓴거', '왤케', '웃기', '닠', '아', '진짜', '너', '는', '등장', '만으로도', '웃곀']	0.11693713165874707	0.05
137	137	DKIOI02-uAk	차기성개새깈ㅋㅋㅋㅋㅋ	['차', '기성', '개', '새깈']	0.0	0.0
138	138	DKIOI02-uAk	ㅋㅋㅋㅋㅋㅋㅋㅋㅋ진심ㅋㅋㅋㅋㅋㅋㅋㅋㅋㅋㅋㅋ	['진심']	0.0	0.0
139	139	DKIOI02-uAk	현빈 인간적으로 너무 잘생겼다..북한에 저정도 외모인 사람이 있을까  라는 생각이들정도로 영화에서 진심 멋있게나옴 헤어도 저런짧은 머리가 제일잘생겨보이는 것같고	['현빈', '인간', '적', '으로', '너무', '잘생겼다', '북한', '에', '저', '정도', '외모', '인', '사람', '이', '있을까', '라는', '생각', '이', '들', '정도', '로', '영화', '에서', '진심', '멋있게', '나옴', '헤어', '도', '저런', '짧은', '머리', '가', '제일', '잘생겨', '보이는', '것', '같고']	3.946424422130537	1.54
140	140	DKIOI02-uAk	아 공조 또보고싶다 현빈 북한말쓰는거 또 듣고싶어ㅜㅜ	['아', '공조', '또', '보고싶다', '현빈', '북한', '말', '쓰는거', '또', '듣고싶어']	1.171290213019529	0.59
141	141	DKIOI02-uAk	영화보고나오니깐 그 분이 너무 부럽더라ㅜㅜ	['영화', '보고나오니깐', '그', '분', '이', '너무', '부럽더라']	0.034490800798530064	0.02
142	142	DKIOI02-uAk	하진짜노래존나좋아	['하진', '짜노래', '존나', '좋아']	1.1712902130195313	0.73
143	143	DKIOI02-uAk	이거 엄청재밌음특히 총이랑현빈 현빈 잘 생기게나옴 너무~~	['이', '거', '엄청', '재밌음', '특히', '총', '이랑', '현빈', '현빈', '잘', '생기', '게', '나옴', '너무']	3.0	1.4
144	144	DKIOI02-uAk	현빈 공조때가 젤로 멋잇다 .. 수업 쫌 기르고 머리 저렇게하는게 더 멋잇다 개인적으로 ㅜㅠㅠㅠㅠㅠ현빈 사랑해요	['현빈', '공', '조', '때', '가', '젤로', '멋', '잇다', '수업', '쫌', '기르고', '머리', '저렇게', '하는게', '더', '멋', '잇다', '개인', '적', '으로', '현빈', '사랑', '해요']	7.712902130195296	3.27
145	145	DKIOI02-uAk	수염안길러도 저 머리가 젤멋잇다 ㅜㅠㅠㅠㅠㅠㅠㅠㅠㅠㅠㅠ	['수염', '안', '길러도', '저', '머리', '가', '젤멋', '잇다']	1.0277412781171795	0.54
146	146	DKIOI02-uAk	공조 윤아 나올때마다 코미디로변함 ㅋㅋㅋㅋㅋㅋㅋ 언닌 얼굴을 너무 안봤지 나 깜.짝놀랐잖아 ㅋㅋㅋㅋㅋㅋㅋㅋㅋㅋㅋ	['공조', '윤아', '나올', '때', '마다', '코미디', '로', '변함', '언닌', '얼굴', '을', '너무', '안', '봤지', '나', '깜짝', '놀랐잖아']	-0.9294763207726406	-0.42
147	147	DKIOI02-uAk	공조진짜재밌다 오늘봤는데 현빈진짜잘생겼어♡♡	['공', '조', '진짜', '재밌다', '오늘', '봤는데', '현빈', '진짜', '잘생겼어']	2.116937131658747	1.08
148	148	DKIOI02-uAk	윤아: 우리 또 언제봐요?<br>현빈: 통일되믄....<br>윤아: 아니 그때까지 언제봐요 될지안될지도...<br>아유얘가왜이래~~<br>ㅋㅋㅋㅋㅋ존낰ㅋㅋㅋ웃곀 ㅋㅋ개솔직해	['윤아', '우리', '또', '언제', '봐요', '현빈', '통일', '되', '믄', '윤아', '아니', '그때', '까지', '언제', '봐요', '될지', '안될지도', '아유', '얘', '가왜', '이래', '존', '낰웃곀', '개', '솔직해']	-1.07302525567499	-0.45
149	149	DKIOI02-uAk	아이폰은 안사주나?	['아이폰', '은', '안', '사주나']	0.0	0.0
150	150	DKIOI02-uAk	다들 통일을 바라고 있어ㅋㅋㅋㅋㅋㅋㅋㅋㅋㅋㅋㅋㅋㅋㅋㅋㅋㅋㅋㅋㅋㅋㅋㅋㅋㅋㅋㅋㅋㅋㅋㅋ	['다', '들', '통일', '을', '바라고', '있어']	-0.8287097869804709	-0.47
151	151	DKIOI02-uAk	연아 아역배우 오랜만에 보네 ㅋㅋㅋ	['연아', '아역배우', '오랜', '만', '에', '보네']	0.0	0.0
152	152	DKIOI02-uAk	"<a href=""http://www.youtube.com/watch?v=DKIOI02-uAk&amp;t=1m13s"">1:13</a> ㅋㅋㅋ"	['113']	0.0	0.0
153	153	DKIOI02-uAk	현빈 너무너무 멋있다. 같은 남자지만	['현빈', '너무', '너무', '멋있다', '같은', '남자', '지만']	4.0	2.17
154	154	DKIOI02-uAk	ㅋㅋㅋㅋㅋ	[]	0.0	-0.0
155	155	DKIOI02-uAk	윤아:그 여자 사랑해요? <br>유해진:(어깨들썩들썩)기럼욬ㅋㅋㅋㅌㅋㅌㅋ	['윤아', '그', '여자', '사랑', '해요', '유해진', '어깨', '들썩들썩', '기', '럼욬']	4.13275575814307	2.07
156	156	DKIOI02-uAk	"<a href=""http://www.youtube.com/watch?v=DKIOI02-uAk&amp;t=1m04s"">1:04</a> 여기서 윤아 나오죠? ㅋㅋ / 통일은 먼 훗날에 ~ 여러분은"	['104', '여기', '서', '윤아', '나오죠', '통일', '은', '먼', '훗날', '에', '여러분', '은']	-0.9294763207726406	-0.45
157	157	DKIOI02-uAk	YOONA IS SO EXTRA 😂😂😂	['YOONA', 'IS', 'SO', 'EXTRA']	0.0	0.0
158	158	DKIOI02-uAk	와 윤아 진짜 예쁘네...	['와', '윤아', '진짜', '예쁘네']	0.016170597866577374	0.01
159	159	DKIOI02-uAk	본격 현빈 입덕 영화	['본격', '현빈', '입덕', '영화']	2.03449080079853	1.27
160	160	DKIOI02-uAk	윤아♥ 진짜 졸귀 ㅋㅋㅋㅋ 윤아 넘좋아 넘웃겨 ㅋㅋㅋㅋㅋㅋ	['윤아', '진짜', '졸귀', '윤아', '넘', '좋아', '넘', '웃겨']	1.1874608108861064	0.62
161	161	DKIOI02-uAk	박지훈 기람요,사랑했디요...	['박지훈', '기', '람', '요', '사랑', '했디', '요']	2.0	1.08
162	162	DKIOI02-uAk	박성훈 그여자.....사랑했어요...?	['박성훈', '그', '여', '자사', '랑', '했어요']	-2.0	-1.12
163	163	DKIOI02-uAk	ㅋㅋㅋㅋㅁㅊㅋㅋㅋㅋㅋ윤앜ㅋㅋㅋㅋ	['윤앜']	0.0	0.0
164	164	DKIOI02-uAk	민영이는 진지하다 눈물이 그렁그렁 하잖아ㅋㅋㅋㅋㅋ 저옷은 또 어디서 난거야 왜이리 웃끼냐ㅋㅋㅋㅋ	['민영', '이', '는', '진지하다', '눈물', '이', '그렁그렁', '하잖아', '저', '옷', '은', '또', '어디서', '난거야', '왜', '이리', '웃', '끼냐']	-3.0	-1.33
165	165	DKIOI02-uAk	그래서 아이폰은?	['그래서', '아이폰', '은']	0.0	0.0
166	166	DKIOI02-uAk	그래서 동판은 어떻게 된거?	['그래서', '동판', '은', '어떻게', '된거']	0.0	0.0
167	167	DKIOI02-uAk	나진연 김주혁 쓰러트리고 유해진이 바다로 던졌습니다	['나진', '연', '김주혁', '쓰러', '트리', '고', '유해진', '이', '바다로', '던졌습니다']	0.7196516528766495	0.36
168	168	DKIOI02-uAk	공조 개꿀잼!	['공조', '개꿀잼']	0.0	0.0
169	169	DKIOI02-uAk	마지막 배경음 뭔지 아시는 사람 있나요	['마지막', '배경음', '뭔', '지', '아시', '는', '사람', '있나요']	-8.881784197001252e-16	-0.0
170	170	DKIOI02-uAk	멜론 이나 유튜브에 공조 ost랑 치면 걍 맨 첫번째에 있어요	['멜론', '이나', '유튜브', '에', '공조', 'ost', '랑', '치면', '걍', '맨', '첫', '번째', '에', '있어요']	0.0	0.0
171	171	DKIOI02-uAk	김제민 confidential assignment	['김제', '민', 'confidential', 'assignment']	0.0	0.0
172	172	DKIOI02-uAk	김제민 제목은 공조고요! 아무 음악 사이트에서 치시면 나올거예요~! ^^	['김제', '민', '제목', '은', '공조', '고요', '아무', '음악', '사이트', '에서', '치시면', '나올거예요']	0.3425804260390604	0.16
173	173	DKIOI02-uAk	So cute Yoona	['So', 'cute', 'Yoona']	0.0	0.0
174	174	DKIOI02-uAk	기대이상...현빈님...끅 ㅠㅠㅠ 한동안 현빈앓이할듯...ㅋㅋㅋㅋ	['기', '대', '이상', '현빈', '님', '끅', '한동안', '현빈', '앓이', '할듯']	2.0	1.0
175	175	DKIOI02-uAk	윤아 혼잨ㅋㄲㅋ순정만화 찍고있엌ㄲㅋㅋㅋㅋㅋ	['윤아', '혼잨', '순정만화', '찍고있', '엌']	-0.10076653379216972	-0.06
176	176	DKIOI02-uAk	Headset 라임 윤아맞아요	['Headset', '라임', '윤아', '맞아요']	-0.10076653379216972	-0.06
177	177	DKIOI02-uAk	보검이 저거 보자기(?)쓴 여자 아니에요? 윤아 아닌가..	['보검', '이', '저', '거', '보자기', '쓴', '여자', '아니에요', '윤아', '아닌가']	0.41310410526642016	0.21
178	178	DKIOI02-uAk	Headset 라임 윤아 어디?	['Headset', '라임', '윤아', '어디']	-0.10076653379216972	-0.06
179	179	DKIOI02-uAk	림철령씨 왁스바르기있기요?	['림', '철령', '씨', '왁스', '바르기', '있기요']	-0.8287097869804709	-0.47
180	180	DKIOI02-uAk	Какой Бинушка прелестный. Скорее бы перевели.	[]	0.0	-0.0
181	181	DKIOI02-uAk	Dramatic Min Young..keke..Yoona the best!!!	['Dramatic', 'Min', 'YoungkekeYoona', 'the', 'best']	0.0	0.0
182	182	DKIOI02-uAk	통일 ㅋㅋㅋㅋㅋㅋㅋㅋ ㅁㅊ ㅋㅋㅋㅋ 겁나 솔찍하네 ㅋㅋㅋㅋㅋ	['통일', '겁나', '솔', '찍하네']	-0.8287097869804709	-0.52
183	183	DKIOI02-uAk	미미카사 ㅇㅈㅋㅋㅋ	['미', '미카사']	0.0	0.0
184	184	DKIOI02-uAk	미미카사 인저이욤ㅋㅋㅋㅋ기	['미', '미카사', '인', '저', '이', '욤기']	0.0	0.0
185	185	DKIOI02-uAk	ㅋㅋㅋㅋㅋㅋㅋㅋㅋㅋ	[]	0.0	-0.0
186	186	DKIOI02-uAk	Yoona 😂😂😂	['Yoona']	0.0	0.0
187	187	DKIOI02-uAk	아진짜이영화보고 현빈이자꾸생각나ㅠㅠㅠ하 진짜 북한말쓰는것도개멋잇고 총쏘는거🔫개간지...😭유해진도 너무멋잇고 너무웃기고ㅋㅌㅋㅋㄱ윤아진심 신스틸러ㅋㅌㅋㅋㅋㅋ추천합니다ㅠㅠ이영화ㅜ	['아', '진짜', '이영화', '보고', '현빈', '이', '자꾸', '생각나하', '진짜', '북한', '말', '쓰는것도', '개멋', '잇고', '총', '쏘는거', '개간', '지', '유해진', '도', '너무', '멋', '잇고', '너무', '웃기', '고', '윤아', '진심', '신', '스틸', '러', '추천', '합니다', '이영화']	4.249692889801815	1.68
188	188	DKIOI02-uAk	민영아? 진짜 끝까지 이러기야?? ㅋㅋㅋㅋㅋㅋㅋㅋㅋㅋㅋㅋㅋㅋㅋㅋㅋㅋㅋㅋㅋㅋㅋㅋㅋㅋㅋㅋㅋㅋㅋㅋ<br>아.. 헤어질 때 순간 눈물이... 남북한이 빨리 통일되었음 하는 마음이든다! 글구 철령&amp;진태 케미가.. 와... 진짜 쩐다.. 보니깐 또 보고 싶어짐.. ㅎㅎ그때까지 내가 봐던 액션 코미디 영화 중에서 이게 가장 재밌었음!!♡	['민영', '아', '진짜', '끝', '까지', '이러', '기', '야', '아', '헤어질', '때', '순간', '눈물', '이', '남북한', '이', '빨리', '통일', '되었음', '하는', '마음', '이든', '다', '글구', '철령', 'amp', '진태', '케미', '가', '와', '진짜', '쩐다', '보', '니깐', '또', '보고', '싶어', '짐', '그때', '까지', '내', '가', '봐던', '액션', '코미디', '영화', '중', '에서', '이', '게', '가장', '재밌었음']	-23.22373631601544	-8.55
