	Unnamed: 0	id	sentence	comment_cut	score	ratio
0	0	IDnApIl9jas	믿을 수가 없네요... 아니 보통 이런 영화 엔딩은 국정원의 추악한 진실이 대중에게 공개되고 그걸로 인해 국장은 파멸(보통 체포되거나 체포될 것 같으니까 자살함.)하고 끝나지 않는지.. 그리고 민씨라는 양반은 그 흔한 죽은 아들이 생각나 클리셰도 없이 주인공을 돕는다니 이게 무슨 말인지. 더구나 장사질 하려고 하던 게 목적이라면서. 잘 생각은 안나는데 아예 돕는 이유 자체를 전혀 모르게(즉 어떤 근거도 내밀지 않아서 유추조차 못하게 함.) 해서 신기하게 만드는 경우는 있던데.. 보통 이런 경우 자신을 희생시키면서 주인공을 돕고 주인공이 그 이유를 물으면 &quot;왜 그랬을까 진짜?&quot;라며 역시 이유를 말 안하고...	['믿을', '수가', '없네요', '아니', '보통', '이런', '영화', '엔딩', '은', '국정원', '의', '추악한', '진실', '이', '대중', '에게', '공개', '되고', '그', '걸', '로', '인해', '국장', '은', '파멸', '보통', '체포', '되거나', '체포', '될', '것', '같으니까', '자살', '함', '하고', '끝나지', '않는지', '그리고', '민씨', '라는', '양반', '은', '그', '흔한', '죽은', '아들', '이', '생각나', '클리셰', '도', '없이', '주인공', '을', '돕는다니', '이', '게', '무슨', '말', '인지', '더구나', '장사', '질', '하려고', '하던', '게', '목적', '이라', '면서', '잘', '생각', '은', '안나는데', '아예', '돕는', '이유', '자체', '를', '전혀', '모르게', '즉', '어떤', '근거', '도', '내', '밀지', '않아서', '유추', '조차', '못', '하게', '함', '해서', '신기하게', '만드는', '경우', '는', '있던데', '보통', '이런', '경우', '자신', '을', '희생', '시키면서', '주인공', '을', '돕고', '주인공', '이', '그', '이유', '를', '물으면', 'quot', '왜', '그랬을까', '진짜', 'quot', '라며', '역시', '이유', '를', '말', '안', '하고']	-15.813905125392187	-5.11
1	1	IDnApIl9jas	감독의 잘못이 80% 이상이다.	['감독', '의', '잘못', '이', '80', '이상', '이다']	-2.831045424075511	-1.53
2	2	IDnApIl9jas	세상 재미없음	['세상', '재미없음']	0.0	0.0
3	3	IDnApIl9jas	내 인생 최악의 영화.... 개연성과 현실성 제로	['내', '인생', '최악', '의', '영화', '개연', '성과', '현실', '성', '제로']	-4.4515929331665625	-2.23
4	4	IDnApIl9jas	하아 정말  도그 쓰으래에기이 영화 였어요.... ㅠ	['하아', '정말', '도그', '쓰으래', '에', '기이', '영화', '였어요']	-0.4515929331665631	-0.24
5	5	IDnApIl9jas	골드  쓰래기  ㅈㄴ  재미없음  이게  영화냐?  시간 ㅈㄴ  아까움  ㅆㅂ	['골드', '쓰래', '기', '재미없음', '이', '게', '영화', '냐', '시간', '아까', '움']	-0.302618638444636	-0.15
6	6	IDnApIl9jas	난 왜 재밋었지 ㅋㅋㅋㅋㅋ	['난', '왜', '재밋었', '지']	0.0	0.0
7	7	IDnApIl9jas	워낙이 일본작품들 특유의 (짜임새있지만 밋밋함) 감성은 우리나라에 맞지가않아  스펙타클하게 만들려니 스토리가 과하게되어 원작의 느낌을 훼손하게되는 경우가 많은것같아요. 너무 과해!!!	['워낙', '이', '일', '본', '작품', '들', '특유', '의', '짜임새', '있지만', '밋밋함', '감성', '은', '우리나라', '에', '맞지가', '않아', '스펙', '타', '클하게', '만들려니', '스토리', '가', '과', '하게', '되어', '원작', '의', '느낌', '을', '훼손', '하게', '되는', '경우', '가', '많은것', '같아요', '너무', '과', '해']	-7.052846276156763	-2.71
8	8	IDnApIl9jas	정말..이런 캐스팅으로 이런 망작을 다시 만들수있을까	['정말', '이런', '캐스팅', '으로', '이런', '망작', '을', '다시', '만들수있을까']	-0.2410958398893797	-0.12
9	9	IDnApIl9jas	재미드럽게없긴하드라ㅡㅡ	['재미', '드럽게', '없긴', '하드', '라']	2.0	1.18
10	10	IDnApIl9jas	난..... 강동원이 맡은 캐릭터 보면서 속디비지는지 알았는데.. 하는짓 졸라 답답함.. 착한건 좋은데<br>상황파악도 못하고 주제 파악을 못하는 모습이 너무 속터지는줄 알았음....<br>이게 의도된 장면이라면 진짜 시청자 속디비는 영상이다....<br>하는짓이 너무 답답하고 속터져서 영화보면서 욕했음..<br>&quot;야이 병신이 거기 가만서서 뭐하노!  아 새끼 졸라 답답하네&quot; <br>&quot;아 이상황에 거서 뭐하노?&quot; <br>&quot;지금 니가 그렇게 넋놓고있을때가&quot;<br>&quot;이와중에 감정놀이나 하고 있노&quot; 하면서<br>강원동이 맡은 캐릭터는 착한게 아니라 멍청한 역할인듯... 강동원배우가 아깝다.....<br>강동원 김의성 유재명 등 배우들 보고 믿고 봤는데... 개 실망 ㅠ.ㅜ	['난', '강동원', '이', '맡은', '캐릭터', '보면서', '속', '디', '비지는지', '알았는데', '하는', '짓', '졸라', '답답함', '착한건', '좋은데', '상황', '파악', '도', '못', '하고', '주제', '파악', '을', '못', '하는', '모습', '이', '너무', '속', '터지는줄', '알았음', '이', '게', '의도', '된', '장면', '이', '라면', '진짜', '시청자', '속', '디', '비는', '영상', '이다', '하는', '짓', '이', '너무', '답답하고', '속', '터져서', '영화', '보면서', '욕', '했음', 'quot', '야', '이', '병신', '이', '거기', '가만', '서서', '뭐', '하노', '아', '새끼', '졸라', '답답하네', 'quot', 'quot', '아', '이', '상황', '에', '거', '서', '뭐', '하노', 'quot', 'quot', '지금', '니', '가', '그렇게', '넋', '놓고있을', '때', '가', 'quotquot', '이', '와중', '에', '감정', '놀이', '나', '하고', '있노', 'quot', '하면서', '강원', '동이', '맡은', '캐릭터', '는', '착한게', '아니라', '멍청한', '역할', '인', '듯', '강동원', '배우', '가', '아깝다', '강동원', '김의성', '유재', '명', '등', '배우', '들', '보고', '믿고', '봤는데', '개', '실망']	-20.99137459379165	-6.75
11	11	IDnApIl9jas	세번 재생.. 끝내 끝까지 못본 영화....	['세번', '재생', '끝내', '끝', '까지', '못', '본', '영화']	-0.302618638444636	-0.16
12	12	IDnApIl9jas	뒤로갈수록 너무 휴머니틱해서 영화의 큰 틀인 암살사건은 그냥 떡밥이고...감독이 전하고자한 의도는 인간관계에 대한 성찰인가....라는 생각을 했다....ㅂㄷㅂㄷ스릴러를 가장한 휴머니즘...ㅋ...	['뒤', '로', '갈수록', '너무', '휴', '머니', '틱', '해서', '영화', '의', '큰', '틀', '인', '암살', '사건', '은', '그냥', '떡밥', '이고', '감독', '이', '전하', '고자', '한', '의도', '는', '인간관계', '에', '대한', '성찰', '인가', '라는', '생각', '을', '했다', '스릴러', '를', '가장', '한', '휴머니즘']	-3.2426777948369514	-1.25
13	13	IDnApIl9jas	강동원은 잘생겼다 생각도 안음	['강동원', '은', '잘생겼다', '생각', '도', '안음']	-0.8017242231641016	-0.45
14	14	IDnApIl9jas	강동원 매국노의 후손이라면서요	['강동원', '매국노', '의', '후손', '이라', '면서', '요']	-0.7448714736096305	-0.4
15	15	IDnApIl9jas	이 영화를 보고 평점알바가 존재한다는 것을 믿게 되었습니다ㅎㅎㅎㅎㅎ	['이', '영화', '를', '보고', '평점', '알바', '가', '존재', '한다는', '것', '을', '믿게', '되었습니다']	1.1342780326178568	0.54
16	16	IDnApIl9jas	ㅋ정소민 등장한건 그렇게 뜬금없다고 생각안했는데 뜬금없이 범인이고 액션씬이고는 어처구니없었음. 액션씬 자체는 괜찮았지만, 범인인지 아닌지 모르는 상황 속에서 긴장감을 더 늘릴 수도 있었을텐데ㅋ	['정소민', '등장', '한', '건', '그렇게', '뜬금', '없다고', '생각', '안', '했는데', '뜬금없이', '범인', '이고', '액션', '씬', '이고', '는', '어처구니없었음', '액션', '씬', '자체', '는', '괜찮았지만', '범인', '인지', '아닌지', '모르는', '상황', '속', '에서', '긴장감', '을', '더', '늘릴', '수도', '있었을텐데']	-8.389327923954161	-3.28
17	17	IDnApIl9jas	좀전에 영화보고 왔다.. 영화보다 리뷰가 더 재밌다. 이게 사이다다	['좀전에', '영화', '보고', '왔다', '영화', '보다', '리뷰', '가', '더', '재밌다', '이', '게', '사이다', '다']	1.943610440485168	0.91
18	18	IDnApIl9jas	이게... 원작을 보면 한국판이 왜 이렇게 되었는지 알 수 있습니다. <br>일본 원작에서는 극중에 중요한 인물로 도시전설로 취급되는 연쇄살인마와 은퇴한 야쿠자가 나오죠.<br> 이 두 캐릭터가 극중에서 엄청난 일을 하는데 이게 전형적인 일본에서만 먹히는 캐릭터라 한국식으로 땜질이 안됩니다. <br>그러다보니 이 두캐릭터가 했던 일을 새로운 캐릭터를 만들어내서 하게 만들어야 되는데 그게 잘 안되죠.<br>생각해보세요. 일본식으로 잘 짜여진 천에 커다란 두멍을 두개 뚫어버린 다음 한국식으로 만들어진 천으로 짜집기 하는데 그게 티가 안나겠습니까...	['이', '게', '원작', '을', '보면', '한국판', '이', '왜', '이렇게', '되었는지', '알', '수', '있습니다', '일본', '원작', '에서는', '극', '중', '에', '중요한', '인물', '로', '도시전설', '로', '취급', '되는', '연쇄', '살인마', '와', '은퇴', '한', '야쿠자', '가', '나오죠', '이', '두', '캐릭터', '가', '극', '중', '에서', '엄청난', '일', '을', '하는데', '이', '게', '전형', '적', '인', '일본', '에서만', '먹히는', '캐릭터', '라', '한국', '식', '으로', '땜질', '이', '안됩니다', '그러다', '보니', '이', '두', '캐릭터', '가', '했던', '일', '을', '새로운', '캐릭터', '를', '만들어내서', '하게', '만들어야', '되는데', '그게', '잘', '안되죠', '생각', '해보세요', '일본', '식', '으로', '잘', '짜여진', '천', '에', '커다란', '두', '멍', '을', '두', '개', '뚫어', '버린', '다음', '한국', '식', '으로', '만들어진', '천', '으로', '짜집기', '하는데', '그게', '티', '가', '안', '나겠습니까']	7.718429980453219	2.53
19	19	IDnApIl9jas	하수도 떼죽음 ㅇㅈㅋㅋㅋ	['하수도', '떼', '죽음']	-1.0	-0.68
20	20	IDnApIl9jas	요즘한국영화는 다거기서 거기인듯 비슷한구도에 예상이가는 스토리전개 너도나도 스릴러 범죄장르등을 내세우고만 있으니.....	['요즘', '한국영', '화', '는', '다', '거기', '서', '거기', '인', '듯', '비슷한', '구도', '에', '예', '상이', '가는', '스토리', '전개', '너', '도나', '도', '스릴러', '범죄', '장르', '등', '을', '내세우고만', '있으니']	-5.632769647239613	-2.3
21	21	IDnApIl9jas	원작보단 아쉽고 그래도 감동적이고<br>슬프고 그랬습니다	['원작', '보단', '아쉽고', '그래도', '감동', '적', '이고', '슬프고', '그랬습니다']	-0.30389618414542763	-0.16
22	22	IDnApIl9jas	리틀 포레스트 재밌게 봤는데 리뷰 부탁드립니다	['리틀', '포레스트', '재밌게', '봤는데', '리뷰', '부탁드립니다']	-0.1789807890277706	-0.1
23	23	IDnApIl9jas	줄거리만 봐도 지루하다..ㅜㅜ	['줄거리', '만', '봐도', '지루하다']	-1.0	-0.62
24	24	IDnApIl9jas	이거 보면서 느꼈던 점 한가지는..강동원은 어떻게 해도 잘생겼고 한효주 김유정도 어떻게 해도 이쁘다는 거였습니다....네..ㅎ	['이', '거', '보면서', '느꼈던', '점', '한가지', '는', '강동원', '은', '어떻게', '해도', '잘생겼고', '한효주', '김유정', '도', '어떻게', '해도', '이쁘다는', '거', '였습니다', '네']	0.6509378694050264	0.28
25	25	IDnApIl9jas	장췐이빠진 장면부터 재미도 빠져버린 강동원 원맨쇼 영화	['장췐', '이', '빠진', '장면', '부터', '재미', '도', '빠져', '버린', '강동원', '원', '맨', '쇼', '영화']	1.1014841826676574	0.51
26	26	IDnApIl9jas	이거 진짜 올해 최악의 영화일것입니다. 진짜 강동원이 아니면 쳐다보지도 않을 쓰X기 영화!! 공짜로 보라해도 안볼 영화ㅜㅜ	['이', '거', '진짜', '올해', '최악', '의', '영화', '일것', '입니다', '진짜', '강동원', '이', '아니면', '쳐다보지도', '않을', '쓰', 'X', '기', '영화', '공짜', '로', '보라', '해도', '안', '볼', '영화']	-4.027509830851706	-1.67
27	27	IDnApIl9jas	국정원사람들 휩쓸려간게 아니라 죽은거였나요?? 왜 죽었다고는 몰랐지	['국정원', '사람', '들', '휩쓸려', '간', '게', '아니라', '죽은거였나요', '왜', '죽었다고는', '몰랐지']	-2.595897178887704	-1.27
28	28	IDnApIl9jas	일반인 살을 조금 : 5kg 이상<br>강동원 살을 조금 : 5g 이상 인듯..	['일반인', '살', '을', '조금', '5', 'kg', '이상', '강동원', '살', '을', '조금', '5', 'g', '이상', '인듯']	-0.2034811608803273	-0.09
29	29	IDnApIl9jas	일반인 살을 조금 : 5kg 이상<br>강동원 살을 좆금 : 5g 이상 인듯..	['일반인', '살', '을', '조금', '5', 'kg', '이상', '강동원', '살', '을', '좆금', '5', 'g', '이상', '인듯']	-0.2034811608803273	-0.09
30	30	IDnApIl9jas	아쿠아맨도못막는게 갓수구물아닙니까	['아쿠아', '맨', '도', '못', '막는게', '갓', '수', '구', '물', '아닙니까']	0.0	0.0
31	31	IDnApIl9jas	한국영화는 그냥 거르는게 답인듯  진짜 가뭄에 콩날듯  좋은영화있고 허구헌날 스토리가 엉망진창임 결말도 그럼 무언가 의미있는 자연스러운 결말은 없고 항상 신파 아니면 한국식 권선진악으로 영화를 안끝내면 성에 차지 않는 것 같음. 오죽하면 멀쩡한 원작있는 작품도 거기다 영화 리메이크면서 가져와서는 똥을 만들어버리는 그 능력이 너무 놀랍습니다.;; 거기다 왜 뭐만하면 국정원은 사악하고 사회암 적인 존재로만 등장시키는지 공권력은 뭐이리 하는게없는지 ㅋㅋㅋㅋ 대체 영화가 뭘말하고 싶은지 알 수가없는것 투성이들 ㅋㅋㅋㅋㅋ	['한국영', '화', '는', '그냥', '거르는', '게', '답', '인', '듯', '진짜', '가뭄', '에', '콩', '날듯', '좋은', '영화', '있고', '허구', '헌', '날', '스토리', '가', '엉망', '진창', '임', '결말', '도', '그럼', '무언가', '의미', '있는', '자연스러운', '결말', '은', '없고', '항상', '신파', '아니면', '한국', '식', '권', '선진', '악', '으로', '영화', '를', '안', '끝내면', '성', '에', '차지', '않는', '것', '같음', '오죽하면', '멀쩡한', '원작', '있는', '작품', '도', '거기', '다', '영화', '리메이크', '면서', '가져와', '서는', '똥', '을', '만들어', '버리는', '그', '능력', '이', '너무', '놀랍습니다', '거기', '다', '왜', '뭐', '만하', '면', '국정원', '은', '사악하고', '사회', '암', '적', '인', '존재', '로만', '등장', '시키는지', '공권력', '은', '뭐', '이리', '하는게', '없는지', '대체', '영화', '가', '뭘말', '하고', '싶은지', '알', '수가', '없는것', '투성이', '들']	-4.7232680015389885	-1.55
32	32	IDnApIl9jas	zzzzzzzzㅋㅋㅋㅋㅋㅋㅋㅋ시종일관 억울한 표정을 짓고 있대ㅋㅋㅋㅋㅋㅋㅋㅋㅋ 대공감입니닼ㅋㅋㅋㅋㅋㅋㅋㅋㅋ 아 진심 갑자기 멜로였다가 갑자기 스릴러였다가 팝콘이 다 올라올 뻔	['zzzzzzzz', '시종일관', '억울한', '표정', '을', '짓고', '있대', '대', '공감', '입니', '닼', '아', '진심', '갑자기', '멜로', '였다가', '갑자기', '스릴러', '였다가', '팝콘', '이', '다', '올라올', '뻔']	-4.29794858944385	-1.81
33	33	IDnApIl9jas	zzzzzzzzzㅋㅋㅋㅋㅋㅋㅋ맞아요 저도 그 장면에서 x발 저게 머람ㅋㅋㅋㅋㅋㅋㅋㅋㅋㅋㅋ 이러면서 혼자 쌍욕하고 ㅋㅋㅋㅋㅋㅋㅋㅋㅋㅋㅋㅋㅋㅋㅋ 나참ㅋㅋㅋㅋㅋㅋㅋㅋㅋㅋㅋㅋㅋㅋㅋㅋㅋㅋㅋㅋㅋㅋ	['zzzzzzzzz', '맞아요', '저', '도', '그', '장면', '에서', 'x', '발', '저', '게', '머람', '이러면서', '혼자', '쌍욕', '하고', '나', '참']	-0.6903646074512286	-0.31
34	34	IDnApIl9jas	진짜 일본 소설같은걸 원작으로 한 영화를 일본에서 만들고, 그걸 한국이 따라만들고, 망하게 하는게 전통인가,.... 히가시노 게이고의 용의자 X의 헌신도 그렇고, ( 이것도 일본에서 영화화 해서 히트침) 용의자 X 한국에서 다시 영화화하고, 도대체 뭘하는건지,	['진짜', '일본', '소설', '같은걸', '원작', '으로', '한', '영화', '를', '일본', '에서', '만들고', '그걸', '한국', '이', '따라', '만들고', '망하게', '하는게', '전통', '인가', '히', '가시노', '게이고', '의', '용의자', 'X', '의', '헌신', '도', '그렇고', '이', '것', '도', '일본', '에서', '영화', '화', '해서', '히트침', '용의자', 'X', '한국', '에서', '다시', '영화', '화', '하고', '도대체', '뭘', '하는', '건지']	-4.986630889102085	-1.84
35	35	IDnApIl9jas	영화초반부 국정원 킬러라는 새끼가 건물에서 총쏘는 장면 보고 이영화는 병신이라고 느꼇다.  몬놈의 킬러가 드라마 여자나 홀리는 뻔하게 생긴놈 갖다 쳐박아 놨냐.  강동원 연기도 식상햇고.  한효주는 더 최악.  그냥 드라마 연기를 못 벗어난 영화	['영화', '초반', '부', '국정원', '킬러', '라는', '새끼', '가', '건물', '에서', '총', '쏘는', '장면', '보고', '이영화', '는', '병신', '이라고', '느꼇다', '몬놈', '의', '킬러', '가', '드라마', '여자', '나', '홀리', '는', '뻔하게', '생긴', '놈', '갖다', '쳐', '박아', '놨', '냐', '강동원', '연기', '도', '식', '상', '햇', '고', '한효주', '는', '더', '최악', '그냥', '드라마', '연기', '를', '못', '벗어난', '영화']	-8.245232064531246	-3.02
36	36	IDnApIl9jas	얼굴 성형은 원작도 그렇게 나오니까 뭐 그렇다치고, 원작 그대로 따라하기는 뭐해서 뒷부분 다르게 나온것도 나름 포용할 수 있으나 거의 모든 부분이 다 맞는 말이네요.	['얼굴', '성형', '은', '원작', '도', '그렇게', '나오니까', '뭐', '그렇다치고', '원작', '그대로', '따라', '하기는', '뭐', '해서', '뒷', '부분', '다르게', '나온것도', '나름', '포', '용할', '수', '있으나', '거의', '모든', '부분', '이', '다', '맞는', '말이네요']	-0.35840305030382313	-0.14
37	37	IDnApIl9jas	진짜  말  잘한다  대박	['진짜', '말', '잘', '한다', '대박']	0.16895457592448704	0.1
38	38	IDnApIl9jas	근대 무열(윤계상배우역할)이준건 명함이 아니라 카드입니다	['근대', '무열', '윤계상', '배우', '역할', '이준', '건', '명함', '이', '아니라', '카드', '입니다']	-1.286261786338932	-0.62
39	39	IDnApIl9jas	좋아요!	['좋아요']	0.0	0.0
40	40	IDnApIl9jas	넥스트 노래가 좋네요	['넥스트', '노래', '가', '좋네요']	0.0	0.0
41	41	IDnApIl9jas	요즘들어...영화들이 점점 퀄러티가 떨어지네요. 거의 산업용으로 만들어 지는것 같아요. 원작이 좋아도...영화로 잘 못만들고...지난번에 나온 영화 &quot; 신과함께&quot;를 그렇게 원작과 다르게 나와서 참으로 ...안타까웠습니다.	['요즘', '들어', '영화', '들', '이', '점점', '퀄러티', '가', '떨어지네요', '거의', '산업', '용', '으로', '만들어', '지는것', '같아요', '원작', '이', '좋아도', '영화로', '잘', '못', '만들고', '지난번', '에', '나온', '영화', 'quot', '신', '과', '함께', 'quot', '를', '그렇게', '원작', '과', '다르게', '나와서', '참으로', '안타까웠습니다']	5.573079114828143	2.14
42	42	IDnApIl9jas	노래가 좋았던 영화....	['노래', '가', '좋았던', '영화']	-0.302618638444636	-0.19
43	43	IDnApIl9jas	영화 &#39;조작된 도시&#39;에서 스토리 조금 현실적이게 다듬고 중2병을 뺀 후 강동원을 끼얹으면 이 영화가 된다	['영화', '39조', '작된', '도시', '39', '에서', '스토리', '조금', '현', '실적', '이', '게', '다듬고', '중', '2', '병', '을', '뺀', '후', '강동원', '을', '끼', '얹으면', '이', '영화', '가', '된다']	-6.1788300089697	-2.54
44	44	IDnApIl9jas	완성도를 떠나서 그냥 재미있었음.	['완성', '도를', '떠나서', '그냥', '재미있었음']	0.2475203416871637	0.15
45	45	IDnApIl9jas	이거 진짜 보지마세요 암걸립니다 강동원캐릭 저거는착한게아니라멍청함 보는순간마다 답답해서혼나는줄	['이', '거', '진짜', '보지', '마세요', '암', '걸립니다', '강동원', '캐릭', '저', '거', '는', '착한게', '아니라', '멍청함', '보는', '순간', '마다', '답답해서', '혼나는줄']	-2.799378339768036	-1.22
46	46	IDnApIl9jas	이거 진짜 망작 졸작 그냥 어이없어서 실소 나옴. 절대 돈주고 보지마셔요	['이', '거', '진짜', '망작', '졸작', '그냥', '어이없어서', '실소', '나옴', '절대', '돈', '주고', '보지', '마셔요']	-1.1049351139150891	-0.51
47	47	IDnApIl9jas	김유정이 나와서 강동원 구해줄때 진짜 너무 어이없어서 웃음만 나왔음...	['김유정', '이', '나와서', '강동원', '구', '해줄', '때', '진짜', '너무', '어이없어서', '웃음', '만', '나왔음']	-1.0017327350056453	-0.47
48	48	IDnApIl9jas	애초에 (얼굴 복제한) 강동원이 죽었을때 시체 부검도 안해보고, 진짜 강동원이라고 생각하고 일이 해결됐다고 하는 국정원 보자마자 그냥 더이상 집중해서 볼이유가 전혀 없는 영화라고 생각하고 그냥 멍때리면서 봤네요 전 ㅋㅋㅋㅋㅋ	['애초', '에', '얼굴', '복제', '한', '강동원', '이', '죽었을', '때', '시체', '부검', '도', '안', '해보고', '진짜', '강동원', '이라고', '생각', '하고', '일이', '해결', '됐다고', '하는', '국정원', '보자마자', '그냥', '더', '이상', '집중', '해서', '볼', '이유', '가', '전혀', '없는', '영화', '라고', '생각', '하고', '그냥', '멍', '때리면서', '봤네요', '전']	-10.508959299973322	-3.98
49	49	IDnApIl9jas	저는 이영화 밴드 얘기 나올때마다 너무 지루해서 그냥 빨리 스릴러나 보여줬으면 좋겠다고 생각했어요. 그냥 진짜...되게 못만든 영화인것같아요. 스토리도 좀 말도 안되고	['저', '는', '이영화', '밴드', '얘기', '나올', '때', '마다', '너무', '지루해서', '그냥', '빨리', '스릴러', '나', '보여줬으면', '좋겠다고', '생각', '했어요', '그냥', '진짜', '되게', '못', '만든', '영화인', '것', '같아요', '스토리', '도', '좀', '말', '도', '안되고']	-2.61278936603705	-1.04
50	50	IDnApIl9jas	앙 국정원장 살수대첩띠~	['앙', '국정원장', '살수대첩', '띠']	0.0	0.0
51	51	IDnApIl9jas	골든슬럼버의 성형외과 의사는 리얼의 김수현을 복제해낸 의사와 동일인물인가....??? ㄷㄷㄷ 어디지.... 당장 가고 싶다..	['골든', '슬럼', '버', '의', '성형', '외과', '의사', '는', '리얼', '의', '김수현', '을', '복제', '해낸', '의사', '와', '동', '일', '인물', '인가', '어디', '지', '당장', '가고', '싶다']	0.09446742856352693	0.04
52	52	IDnApIl9jas	난  잘만봤는데..따지고들어가면 거의 대부분의영화가 지적할점이 많아지겠네요 ㅜㅜㅠ 몰론 여기가 영화를 따지고 들어가는곳이기니까 당연히 이해를 합니다 ㅎㅎ	['난', '잘만', '봤는데', '따지고', '들어가면', '거의', '대부분', '의', '영화', '가', '지적', '할', '점', '이', '많아지겠네요', '몰', '론', '여기', '가', '영화', '를', '따지고', '들어가는', '곳', '이기', '니까', '당연히', '이해', '를', '합니다']	-3.3654189827006813	-1.36
53	53	IDnApIl9jas	주제도 모르겠고 씹노잼임 강동원보는맛에봄	['주제', '도', '모르겠고', '씹', '노잼', '임', '강동원', '보는', '맛', '에', '봄']	-3.5958971788877063	-1.76
54	54	IDnApIl9jas	초반에.. 국정원에서 강동원 찾으려고 할때.. CCTV 신용카드로 죄다 어느 위치인지 알아내면서.. 정작 핸폰 위치 추적은 개나 줘버린 설정?<br>허술해도 너무 허술한 ...	['초반', '에', '국정원', '에서', '강동원', '찾으려고', '할', '때', 'CCTV', '신용카드', '로', '죄다', '어느', '위치', '인지', '알아내면서', '정작', '핸폰', '위치', '추적', '은', '개', '나', '줘', '버린', '설정', '허', '술', '해도', '너무', '허', '술', '한']	-3.448655619171417	-1.37
55	55	IDnApIl9jas	도대체 이영화에 어느 부분에서 감동적이였는지??<br>평점 게시판 보니 웃음이 빵빵 터졌다는 분도 있더군요. 영화를 안보고 평점을 준 알바겠지요<br>강동원 한효주 카드를 들고 이따위로 찍다니.. 감독 문제인듯..<br>내가 강동원이면 찍다가 감독이랑 대판하고 하차하겠음. <br>조만간 간판내리고 DVD로 나올듯..	['도대체', '이영화', '에', '어느', '부분', '에서', '감동', '적이였는지', '평점', '게시판', '보니', '웃음', '이', '빵빵', '터졌다는', '분도', '있더군요', '영화', '를', '안보', '고', '평점', '을', '준', '알바', '겠지요', '강동원', '한효주', '카드', '를', '들고', '이따위', '로', '찍다니', '감독', '문제', '인', '듯내', '가', '강동원', '이', '면', '찍다가', '감독', '이랑', '대판', '하고', '하차', '하겠음', '조만간', '간판', '내리고', 'DVD', '로', '나올듯']	1.2821255616970653	0.47
56	56	IDnApIl9jas	김경환 빵빵 터지긴 하더라구요. 정말 어이없어서 나오는 웃음이긴했지만 ㅋㅋㅋㅋㅋ	['김경환', '빵빵', '터지긴', '하더라구요', '정말', '어이없어서', '나오는', '웃음', '이긴', '했지만']	-0.2979485894438525	-0.15
57	57	IDnApIl9jas	재미있게 보고 갑니다 ^^	['재미있게', '보고', '갑니다']	3.5858709657844203	2.43
58	58	IDnApIl9jas	비판적인 리뷰 멋집니다! 앞으로는 100% 비판을 한 리뷰가 보고싶네요	['비판', '적', '인', '리뷰', '멋집니다', '앞', '으로는', '100', '비판', '을', '한', '리뷰', '가', '보고싶네요']	-0.4886161815765435	-0.23
59	59	IDnApIl9jas	리뷰가 영화보다 재미있네요~	['리뷰', '가', '영화', '보다', '재미있네요']	0.3577394747007475	0.21
60	60	IDnApIl9jas	떡밥은 떤져 놨지만 회수가 안되는 영화 경찰들은 왜 나왔을까?	['떡밥', '은', '떤져', '놨', '지만', '회수', '가', '안되는', '영화', '경찰', '들', '은', '왜', '나왔을까']	-0.4515929331665598	-0.21
61	61	IDnApIl9jas	만약 본 시리즈 처럼 전직요원의 고도의 훈련을 받은 것을 묘사하고 왜 놓칠수 밖에 없었는지가 논리적으로 묘사가 잘 <br>되었다면 한명의 전직요원이 어마어마한 능력을 가진 정부기관을 따돌린 것도 아예 불가능한 일은 아닐 겁니다... <br>보기에도 납득이 가구요. 하지만 이 영화에서 전직요원의 능력에 대한 묘사가 부족하고 정부기관의 대처 또한 <br>엘리트 집단이라고 하기에는 너무 단순하고 어설픈 조치로 보여져 개인적으로는 전체적으로 하향평준화 되어 보였네요. <br>남자지만 강동원의 팬이고 연기는 나쁘지 않지만 작품선정에서 항상 아쉬웠습니다. 아 이건 개인적인 의견이구요.^^; <br>다음번 작품에서 더 좋은 연기 기대 하겠습니다. 그리고 정성스러운 리뷰 잘 보았습니다!	['만약', '본', '시리즈', '처럼', '전직', '요원', '의', '고도', '의', '훈련', '을', '받은', '것', '을', '묘사', '하고', '왜', '놓칠수', '밖에', '없었는지가', '논리', '적', '으로', '묘사', '가', '잘', '되었다면', '한', '명의', '전직', '요원', '이', '어마어마한', '능력', '을', '가진', '정부', '기관', '을', '따돌린', '것', '도', '아예', '불가능한', '일', '은', '아닐', '겁니다', '보기', '에도', '납득', '이', '가구', '요', '하지만', '이', '영화', '에서', '전직', '요원', '의', '능력', '에', '대한', '묘사', '가', '부족하고', '정부', '기관', '의', '대처', '또한', '엘리트', '집단', '이라고', '하기에는', '너무', '단순하고', '어설픈', '조치', '로', '보여져', '개인', '적', '으로는', '전체', '적', '으로', '하향', '평준화', '되어', '보였네요', '남자', '지만', '강동원', '의', '팬', '이고', '연기', '는', '나쁘지', '않지만', '작품', '선정', '에서', '항상', '아쉬웠습니다', '아', '이건', '개인', '적', '인', '의견', '이구', '요', '다음', '번', '작품', '에서', '더', '좋은', '연기', '기대', '하겠습니다', '그리고', '정성스러운', '리뷰', '잘', '보았습니다']	-2.42283728740486	-0.78
62	62	IDnApIl9jas	항상잘보고 있어요<br>캐릭터 자막이  확실히 정감있네요^^<br>도울건없고해서 광고 끝까지보고요 좋아요 누르고 갑니다~ㅎㅎ힘내세요~!!	['항상', '잘', '보고', '있어요', '캐릭터', '자막', '이', '확실히', '정감', '있네', '요도', '울건', '없고', '해서', '광고', '끝', '까지', '보고', '요', '좋아요', '누르고', '갑니다', '힘내세요']	5.3730488851952405	2.28
63	63	IDnApIl9jas	성형외과 의사선생은 리얼에서 건너온거 아닐까요?? ㅋㅋㅋ	['성형', '외과', '의사', '선생', '은', '리얼', '에서', '건너온거', '아닐까', '요']	-0.5330968346316604	-0.27
64	64	IDnApIl9jas	이걸...극장에서 봐써요....<br>착한건지 멍충한건지....하....속터지는줄알았어요ㅋㅋㅋㅋ<br> 일본버전을 한번 봐야겠어요ㅎㅎ	['이', '걸', '극장', '에서', '봐', '써요', '착한', '건지', '멍충', '한', '건지', '하속', '터지는줄', '알았어요', '일', '본', '버전', '을', '한번', '봐야겠어요']	3.7965188391196714	1.65
65	65	IDnApIl9jas	엥? 이건 그냥 다른영화 잖아요	['엥', '이건', '그냥', '다른', '영화', '잖아요']	-1.2040725914793962	-0.68
66	66	IDnApIl9jas	오늘도 잘보았습니다. 딱딱 잘 설명해주셔서 감사합니다:) 정말 문제가 많은 영화라는것에 공감합니다. 그리고 목소리도 너무 좋으세요 응원합니다	['오늘', '도', '잘', '보았습니다', '딱', '딱', '잘', '설명', '해주셔서', '감사합니다', '정말', '문제', '가', '많은', '영화', '라는', '것', '에', '공감', '합니다', '그리고', '목소리', '도', '너무', '좋으세요', '응원', '합니다']	1.9390903498351677	0.8
67	67	IDnApIl9jas	왜 총이 있는데 쏘지를 못하니	['왜', '총', '이', '있는데', '쏘지를', '못', '하니']	-0.14897429472192708	-0.08
68	68	IDnApIl9jas	일본 원작 영화 한국 리메이크는 거의 다 망작....제발 한국 시나리오 좀 잘 만들기를...	['일본', '원작', '영화', '한국', '리메이크', '는', '거의', '다', '망', '작', '제발', '한국', '시나리오', '좀', '잘', '만들기', '를']	5.310704551951336	2.38
69	69	IDnApIl9jas	요약 스토리만 들어도 강동원낭비영화네요	['요약', '스토리', '만', '들어도', '강동원', '낭비', '영화', '네', '요']	-3.0298557142477742	-1.55
70	70	IDnApIl9jas	한국영화는 믿고 거르고 안봅니다. 차라리 옛날에 나온 영화인 용의자가 수작이라는 생각이듭니다. 이 영화를 용의자를 만든 감독인 원신연이 만들었으면 어떻게 됬을까요?	['한국영', '화', '는', '믿고', '거르', '고', '안', '봅니다', '차라리', '옛날', '에', '나온', '영화인', '용의자', '가', '수작', '이라는', '생각', '이듭', '니', '다', '이', '영화', '를', '용의자', '를', '만든', '감독', '인', '원신연', '이', '만들었으면', '어떻게', '됬을까요']	-3.264470135076675	-1.29
71	71	IDnApIl9jas	강대한 국가권력에 맞서서 큰 힘은 없지만 소시민들이 나름대로의 도움을 주는 따뜻함이 있엇는데 이건 뭐 슈퍼솔져 민씨 덕분에 주인공이 하는 것도 없고 결말도 너무 뻔하게 흘러가서 참 아쉬웠습니다. 원작의 잔잔한 엔딩이 이렇게 변해버리나 싶엇어요	['강대한', '국가', '권력', '에', '맞서서', '큰', '힘', '은', '없지만', '소시민', '들', '이', '나름', '대로의', '도움', '을', '주는', '따뜻함이', '있', '엇', '는데', '이건', '뭐', '슈퍼', '솔져', '민씨', '덕분', '에', '주인공', '이', '하는', '것', '도', '없고', '결말', '도', '너무', '뻔하게', '흘러가서', '참', '아쉬웠습니다', '원작', '의', '잔잔한', '엔딩', '이', '이렇게', '변해', '버리나', '싶엇어', '요']	4.841612640565212	1.79
72	72	IDnApIl9jas	하..매번 말하지만 저는 강동원빠입니다 그래서 시사회등 총 합해서 6번 봤는데 5번 잠들었습니다 강동원얼굴은 좋지만 영화만 본다면 너무 최악중 최악이었던거 같습니다 지인들 사이에서 강동원홍보대사로통할만큼 강동원영화를 지인들에게 추천하면서 살았는데이번만큼은 그럴수가 없더라구요. 그냥 그 돈으로 맛있는거 사드세요 절대 돈 주고 보지마세요.강동원 연기도 잘 모르겠고.. 아니 연기라기보단 발음이 뭉게져서 극장에선 뭐라는지 잘 모르겠...큼큼 참고로 윤계상 씨 죽기 전까진 꿀잼인데 윤계상 씨 완전초반에 죽으심..	['하', '매번', '말', '하', '지만', '저', '는', '강동원', '빠', '입니다', '그래서', '시사회', '등', '총', '합', '해서', '6', '번', '봤는데', '5', '번', '잠들었습니다', '강동원', '얼굴', '은', '좋지만', '영화', '만', '본다면', '너무', '최악', '중', '최악', '이었던거', '같습니다', '지인', '들', '사이', '에서', '강동원', '홍보', '대사', '로', '통', '할만큼', '강동원', '영화', '를', '지인', '들', '에게', '추천', '하면서', '살았는데', '이번', '만큼은', '그럴수가', '없더라구요', '그냥', '그', '돈', '으로', '맛있는거', '사드', '세', '요', '절대', '돈', '주고', '보지', '마세요', '강동원', '연기', '도', '잘', '모르겠고', '아니', '연기', '라기보단', '발음', '이', '뭉게져', '서', '극장', '에선', '뭐라는지', '잘', '모르겠', '큼큼', '참고', '로', '윤계상', '씨', '죽기', '전', '까진', '꿀잼', '인데', '윤계상', '씨', '완전', '초반', '에', '죽으', '심']	-11.44869301830497	-3.79
73	73	IDnApIl9jas	각본을 한분이 쓰셨다면 좋았을텐데요	['각본', '을', '한', '분', '이', '쓰셨다면', '좋았을텐데요']	0.0	0.0
74	74	IDnApIl9jas	바로걸러요..ㅎ	['바로', '걸러', '요']	0.0	0.0
75	75	IDnApIl9jas	하 제가 리얼도 피하고 최근 염력도 피했는데 이걸 못피했습니다 ㅂㄷㅂㄷ	['하', '제', '가', '리얼', '도', '피하', '고', '최근', '염력', '도', '피', '했는데', '이', '걸', '못', '피', '했습니다']	-0.14897429472192542	-0.07
76	76	IDnApIl9jas	마지막에 김유정이 강동원을 구한건 정말 아니라고 생각함..	['마지막', '에', '김유정', '이', '강동원', '을', '구', '한', '건', '정말', '아니라고', '생각', '함']	-0.9506985178860288	-0.45
77	77	IDnApIl9jas	보고 재미없다보다는 아쉽다는 생각이  너무 들더라  쫌만 더 잘 다듬으면 진짜 더 재밌엇을텐데...ㅠ	['보고', '재미없다보다는', '아쉽다는', '생각', '이', '너무', '들더라', '쫌', '만', '더', '잘', '다듬으면', '진짜', '더', '재밌엇을텐데']	1.6762597759462323	0.77
78	78	IDnApIl9jas	엔딩 왜 바꾼건지ㅋㅋㅋㅋ 골든슬럼버란 노래 자체가 돌아가지 못하는 과거를 추억하는 노래였고 도망자 엔딩은 그거에 어울리는 엔딩이었는데ㅋㅋㅋ 결국은 한국식 권선징악 엔딩ㅋㅋ	['엔딩', '왜', '바꾼', '건지', '골든', '슬럼', '버란', '노래', '자체', '가', '돌아가지', '못', '하는', '과거', '를', '추억', '하는', '노래였고', '도망자', '엔딩', '은', '그거', '에', '어울리는', '엔딩', '이었는데', '결국', '은', '한국', '식', '권선', '징악', '엔딩']	4.6458118093921055	1.84
79	79	IDnApIl9jas	원작 영화를 본 사람으로써 정말 이 영화는 노답이에요.원작은 억울한 일을 당한 착한 남자가 그 자신의 진심을 아는 사람들의 도움으로 경우 살아남는. 하지만 그 과정이 참 아름답고 설득력이죠. 원작 일본 영화 강추입니다	['원작', '영화', '를', '본', '사람', '으로써', '정말', '이', '영화', '는', '노답', '이에요', '원작', '은', '억울한', '일', '을', '당한', '착한', '남자', '가', '그', '자신', '의', '진심', '을', '아는', '사람', '들', '의', '도움', '으로', '경우', '살아남는', '하지만', '그', '과정', '이', '참', '아름답고', '설득', '력', '이', '죠', '원작', '일본', '영화', '강추', '입니다']	0.4274981451134822	0.16
80	80	IDnApIl9jas	사카이 마가토와 카가와 테루유키 출연하는 영화가 좋은 영화인가 보네요.<br><br>럭키도 그렇고 리메이크 하는것 보면	['사카이', '마', '가토', '와', '카가와', '테루', '유키', '출연', '하는', '영화', '가', '좋은', '영화', '인가', '보네요', '럭키', '도', '그렇고', '리메이크', '하는것', '보면']	3.377719755903306	1.45
81	81	IDnApIl9jas	그 성형외과 어딥니까?에서 뿜~ㅋㅋㅋ	['그', '성형', '외과', '어딥니까', '에서', '뿜']	-0.5330968346316604	-0.3
82	82	IDnApIl9jas	셀프감금당하고 댓글부대로 댓글이나 달고, 북한고위직이 살았는지 죽었는지도 뉴스로 아는 국정원은 실제로 무능한게 맞습니다.ㅠㅠ 그게 팩트입니다ㅠㅠ	['셀프', '감금', '당', '하고', '댓글', '부대', '로', '댓글', '이나', '달', '고', '북한', '고위', '직', '이', '살았는지', '죽었는지도', '뉴스', '로', '아는', '국정원', '은', '실제', '로', '무능한게', '맞습니다', '그게', '팩트', '입니다']	0.180641379029406	0.07
83	83	IDnApIl9jas	여러분 조작된도시 못봤습니까??? 겜같이 하다가 목숨걸어주는데 같은 밴드부??? 목숨 2번걸어줘야 합니다	['여러분', '조작', '된', '도시', '못', '봤습니까', '겜', '같이', '하다가', '목숨', '걸어주는데', '같은', '밴드', '부', '목숨', '2', '번', '걸어줘야', '합니다']	-0.14897429472192708	-0.07
84	84	IDnApIl9jas	ㅋㅋ잘보고가요.	['잘', '보고가요']	1.0	0.77
85	85	IDnApIl9jas	씨제X영화 특유의 클리셰범벅에 매끄럽지 않은 연출, 특히 옛 향수팔이, 억지감동우겨넣기..믿고거르는 CX엔터영화<br>명배우들모아놓고 저렇게밖에 못하는게 참 안타깝습니다.	['씨제', 'X', '영화', '특유', '의', '클리셰', '범벅', '에', '매끄럽지', '않은', '연출', '특히', '옛', '향수', '팔이', '억', '지', '감동', '우겨', '넣기', '믿고거', '르', '는', 'CX', '엔', '터', '영화', '명', '배우', '들', '모아놓고', '저렇게', '밖에', '못', '하는게', '참', '안타깝습니다']	2.803535593223808	1.09
86	86	IDnApIl9jas	이 영화를 보고 난 느낌은 <br>1.국정원은 무능하구나<br>2.결론??? 먼미<br>이 리뷰를 보고 난 느낌은<br>성형은 우리나라가 짱이다	['이', '영화', '를', '보고', '난', '느낌', '은', '1', '국정원', '은', '무능하구나', '2', '결론', '먼', '미이', '리뷰', '를', '보고', '난', '느낌', '은', '성형', '은', '우리나라', '가', '짱', '이다']	-0.6522867384025356	-0.27
87	87	IDnApIl9jas	???: 살수대첩을 오마주한 거예요 빼애액~~	['살수대첩', '을', '오마주', '한', '거', '예요', '빼', '애액']	0.0	0.0
88	88	IDnApIl9jas	그래도 조선명탐정보단 괜찮던데	['그래도', '조선', '명탐정', '보단', '괜찮던데']	-0.29794858944385416	-0.18
89	89	IDnApIl9jas	헐...도대체 조선명탐정이 어떻길래 워메....	['헐도', '대체', '조선', '명탐정', '이', '어떻길래', '워메']	-0.14897429472192708	-0.08
90	90	IDnApIl9jas	영상 안 보고 귀로만 듣고 있는데 영화 스토리가 황당하네요!! ㅋㅋㅋㅋㅋㅋ 라이너님의 자조적인 말투와 리뷰가 너무 잘 어우러지는 거 같아요!! 영화는 영화니까 황당한 스토리도 감내해야 하는지 .. 항상 영화를 볼 때마다의 의문인데 라이너님은 영화를 보실 때 현실적인 개연성을 중요시하는 것 같아요! 재밌게 잘 들었습니닷 &gt;_&lt;	['영상', '안', '보고', '귀로', '만', '듣고', '있는데', '영화', '스토리', '가', '황당하네요', '라이너', '님', '의', '자', '조적', '인', '말투', '와', '리뷰', '가', '너무', '잘', '어우러지는', '거', '같아요', '영화', '는', '영화', '니까', '황당한', '스토리', '도', '감', '내해', '야', '하는지', '항상', '영화', '를', '볼', '때', '마다의', '의문', '인데', '라이너', '님', '은', '영화', '를', '보실', '때', '현실', '적', '인', '개연', '성', '을', '중요시', '하는', '것', '같아요', '재밌게', '잘', '들었', '습', '니', '닷', 'gtlt']	-6.743738217916873	-2.38
91	91	IDnApIl9jas	저 좋은 배우를 갖고, 영화를 이렇게 만드는것도 능력임~	['저', '좋은', '배우', '를', '갖고', '영화', '를', '이렇게', '만드는것도', '능력', '임']	2.9325296067431736	1.44
92	92	IDnApIl9jas	강동원이 원작인가 대본보고 바로 승낙한영화라길레 괜히기대했나...	['강동원', '이', '원작', '인가', '대본', '보고', '바로', '승낙', '한', '영화', '라', '길레', '괜히', '기대했나']	1.1283304379162866	0.53
93	93	IDnApIl9jas	라이너님 고마워요 9천원아낄수있게해주셨어요	['라이너', '님', '고마워요', '9천원', '아낄수있게해주셨어요']	-1.0744871473609634	-0.63
94	94	IDnApIl9jas	개봉 후에 빠르게 올라온 리뷰 중에 하나이네요. 재미있게 봤습니다.	['개봉', '후', '에', '빠르게', '올라온', '리뷰', '중', '에', '하나', '이네', '요', '재미있게', '봤습니다']	2.6603581131453837	1.26
95	95	IDnApIl9jas	정말 망했어 ㅠㅠ 일본거 원작 별도로 보고나서 본건대 망했어 ㅠㅠ	['정말', '망했어', '일본', '거', '원작', '별도', '로', '보고나서', '본', '건대', '망했어']	0.5271492399300899	0.26
96	96	IDnApIl9jas	이번 리뷰평가도 잘 보았습니다 ㅎㅎ 예고편을 보고 재미있어서 영화를 볼려고 했는데 다행이 리뷰를보고 예고편만 보기를 잘했다는 생각이 듭니다.  뜸금없지만 혹시 18초쯤에 나온 노래 재목을 알수있을까요?	['이번', '리뷰', '평가', '도', '잘', '보았습니다', '예고편', '을', '보고', '재미있어서', '영화', '를', '볼려고', '했는데', '다행', '이', '리뷰', '를', '보고', '예고편', '만', '보기', '를', '잘', '했다는', '생각', '이', '듭니', '다', '뜸금', '없지만', '혹시', '18초', '쯤에', '나온', '노래', '재목', '을', '알수있을까요']	7.170159976621267	2.77
97	97	IDnApIl9jas	뎃글알바 , 민간인 사찰이나 하던 국정원이 이정도로 그려 졌으면 나름 준수하네요 ㅎㅎ  리뷰 잘 봤습니다.	['뎃글', '알바', '민간인', '사찰', '이나', '하던', '국정원', '이', '이', '정도', '로', '그려', '졌으면', '나름', '준수', '하네요', '리뷰', '잘', '봤습니다']	3.1296071619097905	1.37
98	98	IDnApIl9jas	그래도 국정원 요원이 님이랑싸우면 3초컷예상함 아니다<br>3초도길듯	['그래도', '국정원', '요원', '이', '님', '이랑', '싸우면', '3초', '컷예상함', '아니다', '3초', '도길듯']	-3.6620908481510273	-1.76
99	99	IDnApIl9jas	그럴듯 한데요	['그럴듯', '한데요']	0.0	0.0
100	100	IDnApIl9jas	Hanwool Kim 풉ㅋㅋㅋㅋㄱㅋㅋㅋㅋㅋ	['Hanwool', 'Kim', '풉']	0.0	0.0
101	101	IDnApIl9jas	줄기줄기가 조작된 도시랑 비슷했던거 같다<br><br>둘다 정말 맘에 안드는 영화인것도 비슷하다	['줄기줄기', '가', '조작', '된', '도시', '랑', '비슷했던거', '같다', '둘다', '정말', '맘', '에', '안', '드는', '영화인', '것', '도', '비슷하다']	0.6275642631951823	0.28
102	102	IDnApIl9jas	자동차극장에서 이영화를봤는데 도중에 자동차나가는거첨봤네요	['자동차극장', '에서', '이영화', '를', '봤는데', '도중', '에', '자동차', '나가는거', '첨', '봤네요']	-1.3724357368048128	-0.67
103	103	IDnApIl9jas	요즘 강동원나오는 영화 웬만하면 볼만하길래 포스터에서 뿜어져나오는 망작의 포스를 무시하고 본 영화였는데.. 설연휴 특수를 노리고 개봉한 영화치곤 부족한면이 많았던ㅜㅜ	['요즘', '강동원', '나오는', '영화', '웬만하면', '볼', '만', '하길래', '포스터', '에서', '뿜', '어', '져', '나오는', '망작', '의', '포스', '를', '무시', '하고', '본', '영화', '였는데', '설연휴', '특수', '를', '노리', '고', '개봉', '한', '영화', '치곤', '부족한면이', '많았던']	-0.1219772594152282	-0.05
104	104	IDnApIl9jas	오프닝까진 좋았는데....	['오프닝', '까진', '좋았는데']	-0.14897429472192708	-0.1
105	105	IDnApIl9jas	무슨 영화를 술먹고 만들었나.. ㅋㅋㅋ 이제 이런 영화는 안 만들 때도 되지 않았나 싶은데..	['무슨', '영화', '를', '술', '먹고', '만들었나', '이제', '이런', '영화', '는', '안', '만들', '때', '도', '되지', '않았나', '싶은데']	-2.9929832458958616	-1.34
106	106	IDnApIl9jas	언제나처럼 정치적인 선동을 위해 대작을 소모해버린게 제일 짜증나는부분 원작 아니 일본판 골든슬럼버만 보셔도 무슨생각으로 이 영화를 만들었는지 알수있습니다.일본판의 결말과 여운은 정말 가슴에 남을정도였는데..	['언', '제나', '처럼', '정치', '적', '인', '선동', '을', '위해', '대작', '을', '소모', '해', '버린게', '제일', '짜증나는', '부분', '원작', '아니', '일본', '판', '골든', '슬럼', '버', '만', '보셔도', '무슨', '생각', '으로', '이', '영화', '를', '만들었는지', '알수있습니다', '일', '본', '판', '의', '결말', '과', '여운', '은', '정말', '가슴', '에', '남', '을', '정도', '였는데']	-6.517994988728097	-2.42
107	107	IDnApIl9jas	잘하자 좀	['잘', '하자', '좀']	1.0	0.68
108	108	IDnApIl9jas	기다렸습니다.	['기다렸습니다']	0.0	0.0
109	109	IDnApIl9jas	전 설날당일 저녁에 어머니와 영화관가서 보고왔습니다 끝나고 어머니가 저에게 묻더군요. &quot;이게 도대체 무슨영화냐?&quot;	['전', '설날', '당일', '저녁', '에', '어머니', '와', '영화관', '가서', '보고왔습니다', '끝나고', '어머니', '가', '저', '에게', '묻더군요', 'quot', '이', '게', '도대체', '무슨', '영화', '냐', 'quot']	-3.4316126519639982	-1.44
110	110	IDnApIl9jas	저도모르게 이제 새영화가 나오면 라이너님 리뷰를 기다리고있네요ㅋ 시간이없어서 많은 영화를 보진못하지만 라이너님 덕분에 간접적으로나마 감상합니다^^	['저', '도', '모르게', '이제', '새', '영화', '가', '나오면', '라이너', '님', '리뷰', '를', '기다리고있네요', '시간', '이', '없어서', '많은', '영화', '를', '보진못하지만', '라이너', '님', '덕분', '에', '간접', '적', '으로나', '마', '감상', '합니다']	-3.2381577041869605	-1.31
111	111	IDnApIl9jas	배우를 강동원으로 해서 강동원이라서 강동원을 어떻게 복사해 강동원인데...	['배우', '를', '강동원', '으로', '해서', '강동원', '이라서', '강동원', '을', '어떻게', '복사', '해', '강동원', '인데']	-3.668038442852596	-1.71
112	112	IDnApIl9jas	일본판의 주인공은 기지를 발휘하기도하는데 이건 그냥 바보를 만들어버린게 좀 너무하다 싶네요<br>회상씬들은 그럴 수 있다쳐도 엔딩에 밴드연주는 영화보면서 정말 필요없다고 생각했습니다	['일', '본', '판', '의', '주인공', '은', '기지', '를', '발휘', '하기도', '하는데', '이건', '그냥', '바보', '를', '만들어', '버린게', '좀', '너무하다', '싶네요', '회상', '씬', '들', '은', '그럴', '수', '있다', '쳐도', '엔딩', '에', '밴드', '연주', '는', '영화', '보면서', '정말', '필요없다고', '생각', '했습니다']	-4.742374810155484	-1.83
113	113	IDnApIl9jas	이 영화는 비빔밥을 만들려고 햄버그 스테이크와 감자튀김을 넣은 영화임 <br>둘 중 한 가지에 집중했으면 더 났을 것 같은 데<br>그리고 나름 정치 풍자를 하는 것 같은 데, 흔한 한국 영화 풍자임 전혀 신선하지 않음	['이', '영화', '는', '비빔밥', '을', '만들려고', '햄버그', '스테이크', '와', '감자', '튀김', '을', '넣은', '영화', '임', '둘', '중', '한', '가지', '에', '집중', '했으면', '더', '났을', '것', '같은', '데', '그리고', '나름', '정치', '풍자', '를', '하는', '것', '같은', '데', '흔한', '한국', '영화', '풍자', '임', '전혀', '신선하지', '않음']	-1.0692031282624732	-0.4
114	114	IDnApIl9jas	저는 한효주와 김유정에 싸보렷습니다	['저', '는', '한효주', '와', '김유정', '에', '싸보렷습니', '다']	1.7020514105561475	0.89
115	115	IDnApIl9jas	저흐 첫째 형이 한효주 매니저에요.	['저흐', '첫째', '형', '이', '한효주', '매니저', '에요']	1.7020514105561475	0.92
116	116	IDnApIl9jas	지렸다	['지렸다']	0.0	0.0
117	117	IDnApIl9jas	그냥 농담으로 하는 말인데 너무 진지하게 받아주지 말아주세용  ㅠㅠ	['그냥', '농담', '으로', '하는', '말', '인데', '너무', '진지하게', '받아주지', '말아주세용']	-0.43281087363328063	-0.22
118	118	IDnApIl9jas	ㅂㅇㄹ이 뭐예요?	['이', '뭐', '예요']	0.0	0.0
119	119	IDnApIl9jas	HY Jeong&#39;싸보렸다&#39;는 진짜 그런뜻이라기보다 보겸이라는 유튜버가 자주하는 유행어입니다. 뻥쪄버렸다 정도로 이해하시면 되요. 닉네임이 보겸의 구독자 애칭인 가조쿠인것을  봐 맞는거같습니다.	['HY', 'Jeong', '39', '싸보렸다', '39', '는', '진짜', '그런', '뜻', '이라기', '보다', '보겸', '이라는', '유튜버', '가', '자주', '하는', '유행어', '입니다', '뻥', '쪄', '버렸다', '정도', '로', '이해', '하시면', '되요', '닉네임', '이', '보겸', '의', '구', '독자', '애칭', '인', '가조', '쿠', '인', '것', '을', '봐', '맞는거', '같습니다']	-2.466290016977914	-0.94
120	120	IDnApIl9jas	ㅋ ㅋ 강동원빠이긴 해도 이거 예고편 느낌 안좋더니 역시나군요. 잘봤습니당.ㅎㅎㅎ	['강동원', '빠', '이긴', '해도', '이', '거', '예고편', '느낌', '안좋더니', '역시나군요', '잘', '봤', '습', '니당']	1.180641379029406	0.55
121	121	IDnApIl9jas	그냥 일본판 영화를 그대로 만들었으면 좀 더 좋은 영화가 되었을텐데... 정말로 엔딩을 바꾼것은 최악의 수인것 같습니다. 그 엔딩이 이 작품의 주제의식을 보여주는 엔딩인데...	['그냥', '일본', '판', '영화', '를', '그대로', '만들었으면', '좀', '더', '좋은', '영화', '가', '되었을텐데', '정말로', '엔딩', '을', '바꾼것은', '최악', '의', '수인', '것', '같습니다', '그', '엔딩', '이', '이', '작품', '의', '주', '제', '의식', '을', '보여주는', '엔딩', '인데']	-1.5793678289325832	-0.62
122	122	IDnApIl9jas	초반부에 무열이가 함정에 빠뜨렸는데 무열이가 강동원을 지켜준다는게 무슨 소린지?	['초반', '부', '에', '무열', '이', '가', '함정', '에', '빠뜨렸는데', '무열', '이', '가', '강동원', '을', '지켜', '준다는게', '무슨', '소린', '지']	-5.0628003442560425	-2.22
123	123	IDnApIl9jas	곰굴 이해하기 힘들지만 진짜 그렇습니다..	['곰굴', '이해', '하기', '힘들지만', '진짜', '그렇습니다']	-0.8310454240755129	-0.47
124	124	IDnApIl9jas	원작을 처음봤을당시 약간의 일본적 요소만 걷어내서 한국에서 리메이크하면 흥행할것같다는 예상을 했었고 실제로 리메이크소식을 들었을때  꽤나 기대했었는데 결국은 원작만 못한가보군요. 참 아쉽습니다.	['원작', '을', '처음', '봤을', '당시', '약간', '의', '일본', '적', '요소', '만', '걷어내서', '한국', '에서', '리메이크', '하면', '흥행', '할것', '같다는', '예상', '을', '했었고', '실제', '로', '리메이크', '소식', '을', '들었을', '때', '꽤', '나', '기대했었는데', '결국', '은', '원작', '만', '못', '한', '가보군요', '참', '아쉽습니다']	5.3036877978472035	2.03
125	125	IDnApIl9jas	당장 달려가야한다는 부분에서 빵터짐 ㅋㅋㅋㅋㅋ <br>수사권 클리셰도 정말....공감하는 부분입니다ㅠ	['당장', '달려가야', '한다는', '부분', '에서', '빵터짐', '수사권', '클리셰', '도', '정말', '공감', '하', '는', '부분', '입니다']	-0.35245545560225106	-0.16
126	126	IDnApIl9jas	드디어 골든슬럼버도 리뷰하셨네요 기다렸어요 리뷰를 처음부터 너무 잘하세요	['드디어', '골든', '슬럼', '버', '도', '리뷰', '하셨네요', '기다렸어요', '리뷰', '를', '처음', '부터', '너무', '잘', '하세요']	2.180035409666483	1.0
127	127	IDnApIl9jas	....? 진짜 그 국장원들 진짜 하수도에 빠져서 죽음??? 그냥 휩쓸려서 으엌 한게 아니고??	['진짜', '그', '국장', '원', '들', '진짜', '하수도', '에', '빠져서', '죽음', '그냥', '휩쓸려서', '으엌', '한', '게', '아니고']	-3.6580122297493127	-1.66
128	128	IDnApIl9jas	진짜에요, 죽기전에 강동원이 &quot;  어쨰,,, 다들 수영은 좀 하시나,,? &quot; 이럴떄 웃겨서 웃은게 아니라 그냥 어이가 없어서 웃었습니다 ㅋㅋ	['진짜', '에요', '죽기전에', '강동원', '이', 'quot', '어쨰', '다', '들', '수영', '은', '좀', '하시나', 'quot', '이럴떄', '웃겨서', '웃은게', '아니라', '그냥', '어이', '가', '없어서', '웃었습니다']	-4.0104676853515695	-1.7
129	129	IDnApIl9jas	그냥 하수도에 전기흘려서 죽렀다고 하는게 더 나았을듯	['그냥', '하수도', '에', '전기', '흘려서', '죽렀다', '고', '하는게', '더', '나았을듯']	-0.9014539530347634	-0.45
130	130	IDnApIl9jas	솔직히 주말 돈주고보기엔 아까움..<br>딱 그 정도 그 이상 그 이하도아님<br>그냥 저냥 지루하진않아도 &quot;볼만함&quot; <br>딱 그 정도 그 이상도 그 이하도 아님<br>초등학생들이 보기 딱! 좋은영화<br>딱 그 정도 그 이상도 그 이하도 아님	['솔직히', '주말', '돈', '주고', '보기', '엔', '아까', '움', '딱', '그', '정도', '그', '이상', '그', '이하', '도아', '님', '그냥', '저', '냥', '지루하진', '않아도', 'quot', '볼', '만', '함', 'quot', '딱', '그', '정도', '그', '이상', '도', '그', '이하', '도', '아님', '초등학생', '들', '이', '보기', '딱', '좋은', '영화', '딱', '그', '정도', '그', '이상', '도', '그', '이하', '도', '아님']	5.2851567384875695	1.93
131	131	IDnApIl9jas	진짜 보고나서 친구한테 사과하고 돈도 안받았습니다.	['진짜', '보고나서', '친구', '한테', '사과', '하고', '돈', '도', '안', '받았습니다']	0.1606610978268459	0.08
132	132	IDnApIl9jas	저 재밌게 봤는데 망했네	['저', '재밌게', '봤는데', '망했네']	-0.8393389021731541	-0.52
133	133	IDnApIl9jas	김민성 ㅇㅈ	['김민성']	0.0	0.0
134	134	IDnApIl9jas	요즘 한국 영화는 왜이리 극과 극으로 나뉠까요...문제는 못만드는 쪽이 월등히 많다는게 문제...	['요즘', '한국', '영화', '는', '왜', '이리', '극', '과', '극', '으로', '나뉠까', '요', '문제', '는', '못', '만드는', '쪽', '이', '월등히', '많다는게', '문제']	6.327291508146617	2.72
135	135	IDnApIl9jas	잘보고가요!!^^	['잘', '보고가요']	1.0	0.77
136	136	IDnApIl9jas	늘 소신있고 재밌는 리뷰 잘 보고 있습니다.ㅎㅎ	['늘', '소신', '있고', '재밌는', '리뷰', '잘', '보고', '있습니다']	6.022767636846912	3.16
137	137	IDnApIl9jas	와우	['와우']	0.0	0.0
138	138	IDnApIl9jas	그래도 감동적입니다 ㅎ	['그래도', '감동', '적', '입니다']	1.702051410556146	1.06
139	139	IDnApIl9jas	ㅇㅇ 그럴수 있지 나도 초등학교 다닐때는 반지의 제왕1편이 무서웠어 왜냐면 오크가 사람을 잡아먹었거든 ㅋㅋㅋ	['그럴수', '있지', '나도', '초등학교', '다닐', '때', '는', '반지', '의', '제왕', '1', '편이', '무서웠어', '왜냐면', '오크', '가', '사람', '을', '잡아먹었거든']	-1.6903646074512266	-0.74
140	140	IDnApIl9jas	전혀....	['전혀']	-1.0744871473609634	-1.07
141	141	IDnApIl9jas	강동원 표정이 너무 불쌍하고, 꼭 살아서 돌아와라고 하는것이 감동적이였네요.<br>제가 아직13살이여서 그런걸수도 있고요 ㅋ	['강동원', '표정', '이', '너무', '불쌍하고', '꼭', '살아서', '돌아와라고', '하는것이', '감동', '적이였네요', '제', '가', '아직', '13', '살이', '여서', '그런', '걸', '수도', '있고요']	-3.809404552871327	-1.64
142	142	IDnApIl9jas	감동적이져 한효주가 이쁘고 강동원이 잘생겨서 ㅇㅇ<br><br>그거말고는 감동적... 이었나요?	['감동', '적이져', '한효주', '가', '이쁘고', '강동원', '이', '잘생겨서', '그거', '말고는', '감동', '적', '이었나요']	3.255128526390368	1.54
143	143	IDnApIl9jas	후반부에 신촌 로터리 제가 살고 있는 곳이여서 반가웠어요 ㅋ	['후반', '부', '에', '신촌', '로터리', '제', '가', '살', '고', '있는', '곳', '이', '여서', '반가웠어요']	-0.2979485894438509	-0.14
144	144	IDnApIl9jas	선 좋아요 후 감상ㄱㄱㄱㄱ<br>장첸도 있군요~ㅋㅋㅋㅋ	['선', '좋아요', '후', '감상', '장', '첸', '도', '있군요']	0.0	0.0
145	145	rExIGqUV4Ho	원작 소설을 먼저 본 입장에서 ㅎㅅㄱ부분은 정말 어이없더군요..	['원작', '소설', '을', '먼저', '본', '입장', '에서', '부분', '은', '정말', '어이없더군요']	-0.3900701346113053	-0.19
146	146	rExIGqUV4Ho	엉준님 볼살 폭발 하실듯	['엉', '준', '님', '볼살', '폭발', '하실듯']	0.0	0.0
147	147	rExIGqUV4Ho	재밌기만한데왜그러지다들	['재밌기', '만한데', '왜그러지', '다', '들']	0.0	0.0
148	148	rExIGqUV4Ho	요즘은 강동원도 믿고 제낀다죠...?	['요즘', '은', '강동원', '도', '믿고', '제', '낀다죠']	1.8710059864806348	1.01
149	149	rExIGqUV4Ho	갬성ㅋㅋㅋㅋㅋㅋㅋㅋ갠적으로 한효주 나오는 거 피하는데 이번에도 잘 피했네요ㅋㅋㅋㅋ	['갬', '성', '갠', '적', '으로', '한효주', '나오는', '거', '피', '하는데', '이번', '에도', '잘', '피', '했네요']	6.563716477327932	3.02
150	150	rExIGqUV4Ho	갬성 어디갔어! 일본 영화에서 인간이 인간으로서 마지막으로 버틸수 있었던 최후의 보루. 친구들과의 우정!<br>아무리 기대 안했다 해도 이렇게 만들어질 줄은...	['갬', '성', '어디', '갔어', '일본', '영화', '에서', '인간', '이', '인간', '으로서', '마지막', '으로', '버틸수', '있었던', '최후', '의', '보루', '친구', '들', '과의', '우정', '아무리', '기대', '안', '했다', '해도', '이렇게', '만들어질', '줄', '은']	3.5507529502295125	1.43
151	151	rExIGqUV4Ho	부쳐요	['부쳐요']	0.0	0.0
152	152	rExIGqUV4Ho	스토리는 감각적이고 재밌는데 중간 중간 미국식 뜬금포 개그랑 뜬금포 휴머니즘 우정이 깬다.	['스토리', '는', '감각', '적', '이고', '재밌는데', '중간', '중간', '미국', '식', '뜬금', '포', '개그', '랑', '뜬금', '포', '휴머니즘', '우정', '이', '깬다']	-0.6527499284421729	-0.28
153	153	rExIGqUV4Ho	저영화봣는데재밋어여	['저', '영화', '봣는데재밋', '어', '여']	-0.302618638444636	-0.18
154	154	rExIGqUV4Ho	엉준님 무슨 영화리뷰계의 박재범이신가요?  만약 납치당하신거면 다음 리뷰에서 윙크를 두번 해주세요	['엉', '준', '님', '무슨', '영화리뷰', '계', '의', '박재범', '이신', '가요', '만약', '납치', '당하신거면', '다음', '리뷰', '에서', '윙크', '를', '두', '번', '해주세요']	-5.24517445829109	-2.26
155	155	rExIGqUV4Ho	난 볼만 하던데	['난', '볼', '만', '하던데']	0.0	0.0
156	156	rExIGqUV4Ho	갬성?	['갬', '성']	0.0	0.0
157	157	rExIGqUV4Ho	일본영화가 더 재밌었던것 같음 결말도 딱 나오고 엊그제보고 왔는데 왜 이렇게 끝나는지 의문밖에 안들었던;;	['일', '본', '영화', '가', '더', '재밌었던것', '같음', '결말', '도', '딱', '나오고', '엊그제', '보고', '왔는데', '왜', '이렇게', '끝나는지', '의문', '밖에', '안', '들었던']	1.6128680010911158	0.69
158	158	rExIGqUV4Ho	예상한대로군~	['예', '상한', '대', '로군']	-2.0	-1.25
159	159	rExIGqUV4Ho	갬성이 뭐지	['갬', '성', '이', '뭐', '지']	0.0	0.0
160	160	rExIGqUV4Ho	영화 보면서 느낀 거라면<br> 강동원은 실리콘이나 전우치같은 간지 캐릭은 어울리는데 골든슬럼버처럼 평범한 일상연기엔 별로라는점	['영화', '보면서', '느낀', '거', '라면', '강동원', '은', '실리콘', '이나', '전우치', '같은', '간지', '캐릭', '은', '어울리는데', '골든', '슬럼', '버', '처럼', '평범한', '일상', '연기', '엔', '별로', '라는', '점']	-3.259264751032232	-1.35
161	161	rExIGqUV4Ho	나백&#39;s 마약저장소 생활연기법?	['나', '백', '39', 's', '마약', '저', '장소', '생활', '연기법']	-2.615877460090265	-1.34
162	162	rExIGqUV4Ho	항상 이러한 철저한분석 리뷰 대단하시네요... 항상 잘보고갑니다 엉준님!!	['항상', '이러한', '철저한', '분석', '리뷰', '대단하시네요', '항상', '잘', '보고', '갑니다', '엉', '준', '님']	4.022767636846913	1.9
163	163	rExIGqUV4Ho	김치찌개에 망고를 넣은 듯한 부자연스런 영화	['김치찌개', '에', '망고', '를', '넣은', '듯', '한', '부자연스런', '영화']	-0.302618638444636	-0.15
164	164	rExIGqUV4Ho	그냥 강동원은...줜나 멋진 배역 한번만 해주세요....그게 더 잘 어울려요...	['그냥', '강동원', '은', '줜', '나', '멋진', '배역', '한번', '만', '해주세요', '그게', '더', '잘', '어울려요']	1.9695520334458716	0.92
165	165	rExIGqUV4Ho	정무현 전우치 안그래도 저도 엄청 많이 봤죠 ㅠㅠ 강동원이 전우치같은 찰떡 캐릭터 또 만나길 바래요 저는 ㅜ	['정무현', '전우치', '안', '그래도', '저', '도', '엄청', '많이', '봤죠', '강동원', '이', '전우치', '같은', '찰떡', '캐릭터', '또', '만나길', '바', '래', '요', '저', '는']	0.9278587360351039	0.4
166	166	rExIGqUV4Ho	전우치 보세요ㅋㅋㅋ. 그냥 슈퍼히어로가 됩니다. 아님 마스터요	['전우치', '보세요', '그냥', '슈퍼히어로', '가', '됩니다', '아님', '마스터', '요']	-0.7524796583128363	-0.39
167	167	rExIGqUV4Ho	이 영화 그냥 도대체 뭘 말하고자 하는건지 모르겠음. 우정이 최고다..? 정치인 나쁘다...? 아무도 믿지마라...? 강동원 잘생겼다....???	['이', '영화', '그냥', '도대체', '뭘', '말', '하고자', '하는', '건지', '모르겠음', '우정', '이', '최고다', '정치인', '나쁘다', '아무', '도', '믿지마라', '강동원', '잘생겼다']	-3.045144228658196	-1.32
168	168	rExIGqUV4Ho	아 솔직히 친구들 간의 우정을 나타내려고 하는 이 영화의 감성도 솔직히 ㅈㄴ 오글거렸음 봐주기 힘든정도	['아', '솔직히', '친구', '들', '간의', '우정', '을', '나타내려고', '하는', '이', '영화', '의', '감성', '도', '솔직히', '오글거렸음', '봐주기', '힘든', '정도']	1.0076299024945592	0.44
169	169	rExIGqUV4Ho	우정이고나발이고 모르겟더라구요.  우정을보여주는건지뭔지ㅎ<br>장점은 강동원이잘생겻고한효주가예쁘고김유정이조녜롭죠ㅋ	['우정', '이고', '나발', '이고', '모르겟더라구요', '우정', '을', '보여주는', '건지', '뭔', '지', '장점', '은', '강동원', '이', '잘', '생겻', '고', '한효주', '가', '예쁘고', '김유정', '이조', '녜롭', '죠']	8.435769905419775	3.52
170	170	rExIGqUV4Ho	시발 부탁이니까 영화 앵글에 빛좀 그만 보여라 영화관에서 보는데 눈아파 죽는줄 알았다<br>(강동원 나오는 영화는 안보는게 정답이다 1987은 제외...)	['시발', '부탁', '이니까', '영화', '앵글', '에', '빛좀', '그만', '보여라', '영화관', '에서', '보는데', '눈', '아파', '죽는줄', '알았다', '강동원', '나오는', '영화', '는', '안', '보는게', '정답', '이다', '1987', '은', '제외']	-5.047490112054264	-2.08
171	171	rExIGqUV4Ho	그냥 보지마세요 돈 아깝고 시간 아까워......	['그냥', '보지', '마세요', '돈', '아깝고', '시간', '아까워']	-1.0504282477566889	-0.57
172	172	rExIGqUV4Ho	이번달은 블랙팬서 보든지 이질적인거 싫으면 그냥 아무것도 보지마세요	['이번', '달', '은', '블랙', '팬서', '보', '든지', '이', '질적', '인거', '싫으면', '그냥', '아무', '것', '도', '보지', '마세요']	0.2675006228897239	0.12
173	173	rExIGqUV4Ho	정치적 음모를 다룬 모든 영화가 음모를 파헤치고 상황이 반전되어야 시원한 카타르시스를 느낄 수 있다는 엉준님의 의견은 동의하기가 어렵습니다. 골든슬럼버 원작 자체가 거대한 음모에 휩쌓인 &#39;일반인&#39;이 어떻게 살아남는지를 다룬 영화이고,  거악 앞에 나약할 수 밖에 없는 일반인이 음모를 뒤집거나 거악 앞에 당당히 저항하는 영화가 아니기 때문입니다.	['정치', '적', '음모', '를', '다룬', '모든', '영화', '가', '음모', '를', '파헤치고', '상황', '이', '반전', '되어야', '시원한', '카타르', '시스', '를', '느낄', '수', '있다는', '엉', '준', '님', '의', '의견', '은', '동의', '하기가', '어렵습니다', '골든', '슬럼', '버', '원작', '자체', '가', '거대한', '음모', '에', '휩쌓', '인', '39일', '반인', '39', '이', '어떻게', '살아남는지를', '다룬', '영화', '이고', '거악', '앞', '에', '나약할', '수', '밖에', '없는', '일반인', '이', '음모', '를', '뒤집거나', '거악', '앞', '에', '당당히', '저항', '하는', '영화', '가', '아니기', '때문', '입니다']	-8.630553515087731	-3.01
174	174	rExIGqUV4Ho	Minuks 그걸 논리적으로 이해가 가게끔 풀어내야 하는데 그걸 못하니까 결말도 찝찝하게 느껴지는거죠.	['Minuks', '그걸', '논리', '적', '으로', '이해', '가', '가게끔', '풀어내야', '하는데', '그걸', '못', '하니까', '결말', '도', '찝찝하게', '느껴지는거죠']	2.0023458833960746	0.9
175	175	rExIGqUV4Ho	갬성 갬성... 외국물 먹은 티내려고 애쓰는 모습이 안쓰럽다. 예전 어린쥐 운운하던 장관(?)이 있었재?	['갬', '성', '갬', '성', '외국', '물', '먹은', '티', '내', '려고', '애쓰는', '모습', '이', '안쓰럽다', '예전', '어린쥐', '운운하던', '장관', '이', '있었', '재']	-3.0744871473609634	-1.32
176	176	rExIGqUV4Ho	날강도 그게 뭔 외국물 먹은거 티내려 하는겁니까... 그냥 웃길려 하는거지. 갬성 갬성하면 외국물 먹은게 티가 납니까. 엉준님도 당연히 티가 안나는걸 아실거고 그런 의도로 쓰신건 제가 보기엔아닌거 같은데요	['날', '강도', '그게', '뭔', '외국', '물', '먹은거', '티', '내려', '하는', '겁', '니까', '그냥', '웃길려', '하는거지', '갬', '성', '갬', '성하면', '외국', '물', '먹은게', '티', '가', '납', '니까', '엉', '준', '님', '도', '당연히', '티', '가', '안나', '는걸', '아실거고', '그런', '의도', '로', '쓰신건', '제', '가', '보기', '엔', '아닌거', '같은데요']	-3.8286995406794415	-1.44
177	177	rExIGqUV4Ho	예수 쟁이  틀딱  이것은 정답	['예수', '쟁이', '틀', '딱', '이', '것', '은', '정답']	0.0	0.0
178	178	rExIGqUV4Ho	따다다다닥	['따다', '다다닥']	0.0	0.0
179	179	rExIGqUV4Ho	날강도 ㅌㄸ	['날', '강도']	0.0	0.0
180	180	rExIGqUV4Ho	강동원 팬으로서는 그냥 강동원 본 것만으로 만족...	['강동원', '팬', '으로서는', '그냥', '강동원', '본', '것', '만으로', '만족']	0.8005974575213841	0.41
181	181	rExIGqUV4Ho	근데요  조작된도시랑  골든슬럼버랑 머가달른가요  내가보기엔 똑같은데 ???	['근', '데', '요', '조작', '된', '도시', '랑', '골든', '슬럼', '버', '랑', '머', '가', '달른가요', '내', '가보기엔', '똑같은데']	0.24344172328545235	0.11
182	182	rExIGqUV4Ho	다른건 골든 슬럼버와 주작된 도시는 친목이냐 아니냐 차이..?!	['다른건', '골든', '슬럼버', '와', '주작', '된', '도시', '는', '친목', '이냐', '아니냐', '차이']	-1.1489742947219237	-0.55
183	183	rExIGqUV4Ho	sg park 조끔 더 퐌타지 스러운게 조작된도시인듯	['sg', 'park', '조', '끔', '더', '퐌타', '지', '스러운게', '조작', '된', '도시', '인', '듯']	0.0	0.0
184	184	rExIGqUV4Ho	솔직히 저는 재밌었습니다<br>급작스러운 전개, 설명충 등판등등 명작 반열에 오르기에는 부족하지만<br>영화 끝나면 친구들하고 괜히 포옹하고 싶은 따뜻한 감성, 어느정도 스릴을 느끼게하는 연출, 마지막 결말도 개인적으로는 마음에 들었습니다<br>결정적으로 음악이 정말 좋았습니다<br>다소 뜬금없이 나오기 시작하지만<br>영화 속 모든 노래를 다운받고 싶다는 생각이 들 정도로 마음에 들었습니다	['솔직히', '저', '는', '재밌었습니다', '급작', '스러운', '전개', '설명', '충', '등판', '등등', '명작', '반', '열', '에', '오르', '기', '에는', '부족하지만', '영화', '끝나면', '친구', '들', '하고', '괜히', '포옹', '하고', '싶은', '따뜻한', '감성', '어느', '정도', '스릴', '을', '느끼게', '하는', '연출', '마지막', '결말', '도', '개인', '적', '으로는', '마음', '에', '들었습니다', '결정', '적', '으로', '음악', '이', '정말', '좋았습니다', '다소', '뜬금없이', '나오기', '시작', '하지만', '영화', '속', '모든', '노래', '를', '다운', '받고', '싶다는', '생각', '이', '들', '정도', '로', '마음', '에', '들었습니다']	6.262758428884933	2.18
185	185	rExIGqUV4Ho	"<a href=""https://www.youtube.com/watch?v=rExIGqUV4Ho&amp;t=5m48s"">5:48</a> 엉준님의 속마음ㅋㅋㅋ<br>갬성영화보러가야겠네욬ㅋ"	['548', '엉', '준', '님', '의', '속마음', '갬', '성', '영화', '보러가야겠네', '욬']	-0.302618638444636	-0.15
186	186	rExIGqUV4Ho	갠적으로는 재밌게 봣는데 생각보다 평이 안좋더군요 ㅠㅠ	['갠', '적', '으로는', '재밌게', '봣는데', '생각', '보다', '평이', '안좋더군요']	-0.652749928442176	-0.33
187	187	rExIGqUV4Ho	이변없이 블랙팬서가 승자네 ㅎㅎ	['이변', '없이', '블랙', '팬서', '가', '승자', '네']	-0.14897429472192708	-0.08
188	188	rExIGqUV4Ho	직업으로 영화평론가하셔도 괜찮을듯	['직업', '으로', '영화평론가', '하셔도', '괜찮을듯']	0.5982430622837744	0.35
189	189	rExIGqUV4Ho	블랙펜서 보길 잘했네 음음.	['블랙', '펜', '서', '보길', '잘', '했네', '음음']	1.0	0.54
190	190	rExIGqUV4Ho	엉준님이 화장품 모델도 아니고 피트니스 모델도 아닌데 살이 찌면 어떻고 빠지면 어떻습니까 점점 못생겨진다느니 살이 찐다느니 그런 댓글 남기는 분들 이해가 안되네요.	['엉', '준', '님', '이', '화장품', '모델', '도', '아니고', '피트니스', '모델', '도', '아닌데', '살이', '찌', '면', '어떻고', '빠지면', '어떻습니까', '점점', '못', '생겨진다느니', '살이', '찐다느니', '그런', '댓글', '남기는', '분들', '이해', '가', '안되네요']	-1.223461442082887	-0.49
191	191	rExIGqUV4Ho	tlsdml45 살쪘다 키작다 이런말들은 듣는이로 하여금 스트레스로 다가올 수 있어. 괜한 오지랖 명절에 실컷 들었는 데 넷상에서도 들어야한다고? 초면에 선은 지키자는 게 그리 아니꼬우신가?	['tlsdml', '45', '살쪘다', '키', '작다', '이런', '말', '들', '은', '듣는이로', '하여금', '스트레스', '로', '다가올', '수', '있어', '괜', '한', '오지랖', '명절', '에', '실컷', '들었는', '데', '넷상', '에서도', '들어', '야한다고', '초면', '에', '선', '은', '지키자는', '게', '그리', '아니꼬우', '신가']	-2.8393389021731537	-1.11
192	192	rExIGqUV4Ho	Yeji Lee 이여자가 받아들이는 논리. 살쪘다고 말한다= 나를 공격한다. ㅋㅋㅋㅋㅋ 대부분 살찐애들이 이런걸로 쿵쾅거림.	['Yeji', 'Lee', '이', '여자', '가', '받아들이는', '논리', '살쪘다고', '말', '한다', '나를', '공격', '한다', '대부분', '살찐', '애', '들', '이', '이런', '걸', '로', '쿵쾅거림']	-0.8393389021731509	-0.36
193	193	rExIGqUV4Ho	김동우 손가락 놀려서 말을 할거면 그 말이 침묵보다 나은 것이어야 한단다	['김동우', '손가락', '놀려서', '말', '을', '할거면', '그', '말', '이', '침묵', '보다', '나은', '것', '이어야', '한단다']	0.0	0.0
194	194	rExIGqUV4Ho	점점 못생겨지는건 컨셉이신가요???	['점점', '못', '생겨지는건', '컨셉', '이신', '가요']	0.0	0.0
195	195	rExIGqUV4Ho	니 거울부터 보시길 ^^	['니', '거울', '부터', '보시길']	0.0	0.0
196	196	rExIGqUV4Ho	너어어어어어무 답답해서 주인공한테 정감이 안감.	['너', '어어어어', '어', '무', '답답해서', '주인공', '한테', '정감', '이', '안감']	-0.1489742947219238	-0.07
197	197	rExIGqUV4Ho	네이버 평점보면 염력은 피했는데 이건 못피했네 베댓 있음ㅋㅋㅋㅋㅋㅋㅋㅋㅋㅋㅋㅋ	['네이버', '평점', '보면', '염력', '은', '피', '했는데', '이건', '못', '피', '했네', '베댓', '있음']	-0.2979485894438492	-0.14
198	198	rExIGqUV4Ho	골 골 리얼이 이걸 또!!	['골', '골', '리얼', '이', '이', '걸', '또']	0.0	0.0
199	199	rExIGqUV4Ho	CO GAR 염력때는 리얼은 피했는데 이건 못피했네 라고 말하더니만 또다른 버전이 벌써!	['CO', 'GAR', '염력', '때', '는', '리얼', '은', '피', '했는데', '이건', '못', '피', '했네', '라고', '말하더니만', '또다른', '버전', '이', '벌써']	-0.2979485894438492	-0.13
200	200	rExIGqUV4Ho	정치 신파극....?	['정치', '신파극']	-1.0744871473609634	-0.83
201	201	rExIGqUV4Ho	임정혁 그놈의 신파타령	['임', '정혁', '그', '놈', '의', '신파', '타령']	-0.14897429472192708	-0.08
202	202	rExIGqUV4Ho	그럭저럭 괜찮은데 디테일이 떨어지는 영화인가봐욥 아직 안봤지만 리뷰 잘 보고 갑니다!	['그럭저럭', '괜찮은데', '디테', '일이', '떨어지는', '영화인', '가봐', '욥', '아직', '안', '봤지만', '리뷰', '잘', '보고', '갑니다']	4.650331900042096	2.14
203	203	rExIGqUV4Ho	진짜 재미없었던 영화	['진짜', '재미없었던', '영화']	-1.1336640625201493	-0.77
204	204	rExIGqUV4Ho	조선명탐정리뷰좀여	['조선', '명탐정', '리뷰', '좀', '여']	0.6603581131453835	0.39
205	205	rExIGqUV4Ho	갬성 ㅋ	['갬', '성']	0.0	0.0
206	206	8bfkj9dEFpc	이영화꼭보고십다	['이영화', '꼭', '보고', '십', '다']	1.4368966710624946	0.85
207	207	8bfkj9dEFpc	I&#39;m pathetic!! Because I love Gang Dong Won so much, I always watch videos concerning him, but I don&#39;t understand Korean.	['I', '39', 'm', 'pathetic', 'Because', 'I', 'love', 'Gang', 'Dong', 'Won', 'so', 'much', 'I', 'always', 'watch', 'videos', 'concerning', 'him', 'but', 'I', 'don', '39', 't', 'understand', 'Korean']	-1.6158774600902652	-0.67
208	208	a9Tht3eV9QE	eng sub plz	['eng', 'sub', 'plz']	0.0	0.0
209	209	gVIVbCnnFOc	So beautiful 😍	['So', 'beautiful']	0.0	0.0
210	210	gVIVbCnnFOc	she&#39;s so gorgeous 😍😍😍😍😍	['she', '39', 's', 'so', 'gorgeous']	-1.6158774600902652	-0.95
211	211	gVIVbCnnFOc	한효주 💕💕	['한효주']	1.7020514105561475	1.7
212	212	z-TuGyZpATk	Information about GANG DONG WON for those not Korean viewers.<br>1. Gang Dong Won is a superstar or an A list actor. Many of his movies are included in &#39;List of Highest-grossing Films in South Korea&#39;, according to the Korean Film Council (KOFIC).<br>Gang Dong Won as a bankable superstar is one of the richest actors in South Korea<br>2.  Gang Dong Won is academically gifted with an IQ of 137 ( almost a genius), he graduated from Hanyang University with a degree in Mechanical engineering. He graduated with honors.<br>He also graduated from Sangmyung University with a degree in Theater and Film.<br>3.His father, Gang Cheol Woo, is a mechanical engineer and the vice president of SPP Heavy Industries, ranked among the top ten shipping companies worldwide.<br>4. In 2000 when Gang was a first year university student, he was spotted on the street by a modeling agent. Thus began his modeling career, and he appeared on the catwalk for prêt-à-porter collections in Paris such as DKNY, Gucci and Hugo Boss, as well as for the local Seoul Fashion Artists Association (SFAA).<br>5. Gang Dong Won is also called &#39;&#39;the celebrity of celebrities&#39;&#39; because a lot of popular Korean actresses and female singers have expressed that he is their &#39;ideal man&#39;.	['Information', 'about', 'GANG', 'DONG', 'WON', 'for', 'those', 'not', 'Korean', 'viewers', '1', 'Gang', 'Dong', 'Won', 'is', 'a', 'superstar', 'or', 'an', 'A', 'list', 'actor', 'Many', 'of', 'his', 'movies', 'are', 'included', 'in', '39', 'List', 'of', 'Highestgrossing', 'Films', 'in', 'South', 'Korea', '39', 'according', 'to', 'the', 'Korean', 'Film', 'Council', 'KOFICGang', 'Dong', 'Won', 'as', 'a', 'bankable', 'superstar', 'is', 'one', 'of', 'the', 'richest', 'actors', 'in', 'South', 'Korea', '2', 'Gang', 'Dong', 'Won', 'is', 'academically', 'gifted', 'with', 'an', 'IQ', 'of', '137', 'almost', 'a', 'genius', 'he', 'graduated', 'from', 'Hanyang', 'University', 'with', 'a', 'degree', 'in', 'Mechanical', 'engineering', 'He', 'graduated', 'with', 'honorsHe', 'also', 'graduated', 'from', 'Sangmyung', 'University', 'with', 'a', 'degree', 'in', 'Theater', 'and', 'Film', '3', 'His', 'father', 'Gang', 'Cheol', 'Woo', 'is', 'a', 'mechanical', 'engineer', 'and', 'the', 'vice', 'president', 'of', 'SPP', 'Heavy', 'Industries', 'ranked', 'among', 'the', 'top', 'ten', 'shipping', 'companies', 'worldwide', '4', 'In', '2000', 'when', 'Gang', 'was', 'a', 'first', 'year', 'university', 'student', 'he', 'was', 'spotted', 'on', 'the', 'street', 'by', 'a', 'modeling', 'agent', 'Thus', 'began', 'his', 'modeling', 'career', 'and', 'he', 'appeared', 'on', 'the', 'catwalk', 'for', 'prtporter', 'collections', 'in', 'Paris', 'such', 'as', 'DKNY', 'Gucci', 'and', 'Hugo', 'Boss', 'as', 'well', 'as', 'for', 'the', 'local', 'Seoul', 'Fashion', 'Artists', 'Association', 'SFAA', '5', 'Gang', 'Dong', 'Won', 'is', 'also', 'called', '3939', 'the', 'celebrity', 'of', 'celebrities', '3939', 'because', 'a', 'lot', 'of', 'popular', 'Korean', 'actresses', 'and', 'female', 'singers', 'have', 'expressed', 'that', 'he', 'is', 'their', '39', 'ideal', 'man', '39']	-1.6158774600902652	-0.48
213	213	z-TuGyZpATk	♥	[]	0.0	-0.0
