	Unnamed: 0	id	sentence	comment_cut	score	ratio
0	0	6_GsyZK-SzE	@호현 ㄴㄴ 다굴 안맞아도 1대1에서 짐	['호현', '다', '굴', '안', '맞아도', '1', '대', '1', '에서', '짐']	-1.1800283011132735	-0.59
1	1	6_GsyZK-SzE	다굴처맞음	['다', '굴처', '맞음']	0.0	0.0
2	2	6_GsyZK-SzE	셀레스티얼이  오딘도 이김?	['셀레스티', '얼', '이', '오딘', '도', '이김']	-0.7129184630371319	-0.4
3	3	6_GsyZK-SzE	네셀레스티얼은절대토르아빠못이겨요<br>겔럭투스가토르한테발리는시리즈가있는데오딘이못이기겠어요?MCU에서도타노스도오딘한테쫄아서행동개시못한거잔어요	['네', '셀레스티', '얼은', '절대', '토르', '아빠', '못', '이겨요', '겔럭투스', '가', '토르', '한테', '발리는', '시리즈', '가', '있는데', '오딘', '이', '못', '이기', '겠어요', 'MCU', '에서도', '타', '노스', '도', '오딘', '한테', '쫄', '아', '서', '행동', '개시못', '한', '거', '잔어요']	2.0949907406537567	0.82
4	4	6_GsyZK-SzE	그때 토르포스 토르는 오딘을 이미 넌릉 상태고 갤럭투스도 셀레들이 쳐 바릅니다 토르포스 다음이 룬킹토르고 룬킹토르는 한 구간에 우주가 되지만 셀레스티얼은 우주 창조 신이고 오딘이가 셀레 한마리한테 덤벼도 셀레가 이김	['그때', '토르', '포스', '토르', '는', '오딘', '을', '이미', '넌릉', '상태', '고', '갤럭투스', '도', '셀레들', '이', '쳐', '바릅니다', '토르', '포스', '다음', '이', '룬킹토르', '고', '룬킹토르', '는', '한', '구간', '에', '우주', '가', '되지만', '셀레스티', '얼은', '우주', '창조', '신', '이고', '오딘', '이', '가', '셀레', '한', '마리', '한테', '덤벼', '도', '셀레', '가', '이김']	-2.000337656303286	-0.74
5	5	6_GsyZK-SzE	에고 봤죠?걔는 걍 셀레스티얼의 갓난아기 입니다.셀레스티얼 ㅈㄴ 쌥니다. 오딘?ㅈ밥임	['에고', '봤죠', '걔', '는', '걍', '셀레스티', '얼', '의', '갓난아기', '입니다', '셀레스티', '얼', '쌥니', '다', '오딘', '밥임']	-2.1140150779475397	-0.96
6	6	6_GsyZK-SzE	서인영  에고는 셀레스티얼 중에 최약체....	['서인영', '에고', '는', '셀레스티', '얼', '중', '에', '최', '약체']	-0.9822215309340918	-0.5
7	7	6_GsyZK-SzE	최민하 오딘이 셀레스티얼을 이긴다니 참.... 겔럭투스가 토르한테진건 겔북이가 많이배고픈 상태여서 힘이 약한상태였고요 그리고 겔북이 이겻을당시 토르가 오딘이랑 비슷할거같은데 그 오딘이 셀레를 이긴다뇨... 제대로 알고오세요	['최민', '하', '오딘', '이', '셀레스티', '얼', '을', '이긴다니', '참', '겔럭투스', '가', '토르', '한테', '진건', '겔북이', '가', '많이', '배고픈', '상태', '여서', '힘', '이', '약', '한상태', '였고요', '그리고', '겔북', '이', '이', '겻', '을', '당시', '토르', '가', '오딘', '이랑', '비슷할거', '같은데', '그', '오딘', '이', '셀레', '를', '이긴다', '뇨', '제대로', '알고오세요']	0.40075895860712296	0.15
8	8	6_GsyZK-SzE	토르아부지&lt;셀레스티얼&lt;갓킬러 ????	['토르', '아부지', 'lt', '셀레스티', '얼', 'lt', '갓', '킬러']	2.418875083976315	1.27
9	9	6_GsyZK-SzE	@킹크림슨 한두명이 아니라 다수도 이깁니다	['킹', '크림슨', '한두', '명', '이', '아니라', '다수', '도', '이깁니다']	0.0	0.0
10	10	6_GsyZK-SzE	@킹크림슨 결국엔 털리지만ㅋㅋ	['킹', '크림슨', '결국', '엔', '털리지만']	0.0	0.0
11	11	6_GsyZK-SzE	갓킬러도 셀레스티얼 한두명 상대할수있지 종족으로는 절대 못이김<br><br>오딘도 셀레스티얼 한명정도는 상대가능함 ㅇㅇ	['갓', '킬러', '도', '셀레스티', '얼', '한두', '명', '상대', '할수있지', '종족', '으로는', '절대', '못', '이김', '오딘', '도', '셀레스티', '얼', '한', '명', '정도', '는', '상대', '가능함']	1.2870815369628676	0.54
12	12	6_GsyZK-SzE	오딘 다구리 맞아서 진건데	['오딘', '다', '구리', '맞아서', '진건데']	-1.1317935470134477	-0.67
13	13	6_GsyZK-SzE	@노네임 앜 ㅈㅅ 난 셀레스티얼이 아닌 다른애들이랑 싸울때 말하는줄;;; 순간 빡대갈됨	['노', '네', '임', '앜', '난', '셀레스티', '얼', '이', '아닌', '다른', '애', '들', '이랑', '싸울', '때', '말', '하는줄', '순간', '빡대갈됨']	0.04161056830516918	0.02
14	14	6_GsyZK-SzE	안나왔윰....토르	['안', '나왔', '윰', '토르']	2.0	1.25
15	15	6_GsyZK-SzE	뭐 이렇게 신이 많아 셀레스티얼에 절대신에 스카이 파더도 신인가?	['뭐', '이렇게', '신', '이', '많아', '셀레스티', '얼', '에', '절', '대신', '에', '스카이', '파더도', '신인', '가']	-0.5572928167844217	-0.26
16	16	6_GsyZK-SzE	비욘더즈도 개 넘사임	['비욘더즈', '도', '개', '넘', '사임']	0.0	0.0
17	17	6_GsyZK-SzE	호선 스카이 파더들은 그냥 신 행세만 하는 거고 셀레스티얼이 진짜 신인거군요	['호선', '스카이', '파더', '들은', '그냥', '신', '행세', '만', '하는', '거고', '셀레스티', '얼', '이', '진짜', '신인거군요']	-1.6890863637978681	-0.78
18	18	6_GsyZK-SzE	스카이 파더는 각 문화 문명의 신 행새를 하는 다른 종족입니다. 셀레스티얼이랑은 다른 기원이죠 스카이 파더는 셀레스티얼보다 약해용<br><br>다만 제가 다른글에 쓴것처럼 전성기 오딘은 슈퍼뿜뿜팬티입고 아주 강하다고 유세부리다가 셀레스티얼 팔 하나 자르고 넉다운당해요	['스카이', '파더는', '각', '문화', '문명', '의', '신', '행새', '를', '하는', '다른', '종족', '입니다', '셀레스티', '얼', '이랑은', '다른', '기원', '이', '죠', '스카이', '파더는', '셀레스티', '얼', '보다', '약해용', '다만', '제', '가', '다른', '글', '에', '쓴것처럼', '전성기', '오딘', '은', '슈퍼', '뿜뿜', '팬티', '입고', '아주', '강하다고', '유세', '부리', '다가', '셀레스티', '얼', '팔', '하나', '자르고', '넉', '다운', '당해요']	-0.2696407242002459	-0.1
19	19	6_GsyZK-SzE	확실히 타노스가 왜 이제 등장해서 인피니스톤을 모으는지 알거같군..에고(셀레스티얼)가 죽고 오딘과헬라가 죽고 에이션트원까지 죽어서 없어지니 딱 공격하기 좋은 조건 이겠구만	['확실히', '타', '노스', '가', '왜', '이제', '등장', '해서', '인', '피니', '스톤', '을', '모으는지', '알거', '같군', '에고', '셀레스티', '얼', '가', '죽고', '오딘', '과', '헬라', '가', '죽고', '에이', '션트', '원', '까지', '죽어서', '없어지니', '딱', '공격', '하기', '좋은', '조건', '이겠구만']	-5.186141923120988	-2.02
20	20	6_GsyZK-SzE	@호현 근데<br>소울스톤 빼고 다 모왔으면 으짜피 못막는거는 똑같음 ㅋㅋㅋㅋㅋ	['호현', '근데', '소울', '스톤', '빼고', '다', '모', '왔으면', '으', '짜', '피', '못', '막는거는', '똑같음']	-2.149572016079353	-1.0
21	21	6_GsyZK-SzE	아니뭔개소리임 감독이 타노스 위치파악하자마자 움직인거랬는데<br>너넨 씨벌 어디있는지도 모르는데 움직이냐? 우주가얼마나큰데 다 돌아댕기냐? 그리고 생각도 없는게<br>빌런을 한순간에 다 출현시키면 다음편은 어떻게찍냐 꽤그럴듯한추측이지만 틀림;<br>아다리가 맞은거지 타노스는 그냥 위치파악하고 바로 움직인거임<br>만약 존버메타였으면 그거에관련된 대사 하나 쳤겠지ㅋㅋㅋㅋㅋㅋ<br>어벤져스 대사 떡밥 꽤 던지는데 <br>하나도안나온건 관련없는거야ㅋㅋㅋㅋ	['아니', '뭔', '개', '소리', '임', '감독', '이', '타', '노스', '위치', '파악', '하', '자마자', '움직', '인거', '랬는데너넨', '씨벌', '어디', '있는지도', '모르는데', '움직이냐', '우주', '가', '얼마나', '큰데', '다', '돌아', '댕기', '냐', '그리고', '생각', '도', '없는게', '빌런', '을', '한순간', '에', '다', '출현', '시키면', '다음', '편', '은', '어떻게', '찍냐', '꽤', '그럴듯한', '추측', '이지만', '틀림', '아다리', '가', '맞은거지', '타', '노스', '는', '그냥', '위치', '파악', '하고', '바로', '움직', '인거', '임', '만약', '존버', '메타', '였으면', '그거', '에', '관련', '된', '대사', '하나', '쳤겠지', '어벤져스', '대사', '떡밥', '꽤', '던지는데', '하나', '도', '안나', '온건', '관련', '없는거야']	-0.4192127402796021	-0.14
22	22	6_GsyZK-SzE	@이성찬 <br>mcu(마블 씨네마틱 유니버스)<br>데스와 연관은 없을듯 합니다	['이', '성찬', 'mcu', '마블', '씨', '네마', '틱', '유니버스', '데스', '와', '연관', '은', '없을듯', '합니다']	0.2693030678969648	0.13
23	23	6_GsyZK-SzE	오딘이 무서워서 못 움직인건 맞아요 원작도 영화도 오딘이 노템 타노스는 이깁니다.	['오딘', '이', '무서워서', '못', '움직인건', '맞아요', '원작', '도', '영화', '도', '오딘', '이', '노템', '타', '노스', '는', '이깁니다']	-6.651119443849218	-2.98
24	24	6_GsyZK-SzE	데스와도 연관있지않아요?? 궁금해용	['데스', '와도', '연관', '있지', '않아요', '궁금해용']	0.0	0.0
25	25	6_GsyZK-SzE	수르트인가 수트르인가 걔는 셀레스티얼 아니죠?	['수르트', '인가', '수트르', '인가', '걔', '는', '셀레스티', '얼', '아니죠']	0.04161056830516563	0.02
26	26	6_GsyZK-SzE	@이성찬 최초의 거인은 이미르 아닌가요?	['이', '성찬', '최초', '의', '거인', '은', '이미르', '아닌가요']	0.0	0.0
27	27	6_GsyZK-SzE	킴작살 감독은	['킴', '작살', '감독', '은']	0.0	0.0
28	28	6_GsyZK-SzE	북유럽 신화에선 최초의 거인이라고 하는데 코믹스도 같은 설정을 가져오지 않을까 생각합니당	['북유럽', '신화', '에선', '최초', '의', '거인', '이라고', '하는데', '코믹스', '도', '같은', '설정', '을', '가져오지', '않을까', '생각', '합니당']	-0.5328901619238555	-0.24
29	29	6_GsyZK-SzE	킴작살 네 겐 아마 스카이파더아니면 거인족이고 셀레스티얼은 갤럭투스 비슷한 갑옷입은 애들이라고 생각하면 되요	['킴', '작살', '네', '겐', '아마', '스카이', '파더아니면', '거인', '족', '이고', '셀레스티', '얼은', '갤럭투스', '비슷한', '갑옷', '입은', '애', '들', '이라고', '생각', '하면', '되요']	-0.7129184630371272	-0.3
30	30	6_GsyZK-SzE	셀레스티얼은 왜멸종한거임????	['셀레스티', '얼은', '왜', '멸종', '한', '거임']	0.4188750839763156	0.24
31	31	6_GsyZK-SzE	Dfgᄋᄋ 멸종안함 무슨 근거로 그러는지?	['Dfg', '멸종', '안함', '무슨', '근거', '로', '그러는지']	0.0	0.0
32	32	6_GsyZK-SzE	그럼 스타로드 엄마가 셀레스티얼이 었으면  스타로드는 종족 같은거 자기힘 조절 할수 있으면 만들수 있겠네요???	['그럼', '스타로드', '엄마', '가', '셀레스티', '얼', '이', '었으', '면', '스타로드', '는', '종족', '같은거', '자기힘', '조절', '할수', '있으면', '만들수', '있겠네요']	1.017778469065904	0.45
33	33	6_GsyZK-SzE	살아날수도 있잖아요 스타로드	['살아날수도', '있잖아요', '스타로드']	-1.4010966149104112	-0.95
34	34	6_GsyZK-SzE	원펀맨오니 근데 둘다 뒤졌잖아	['원', '펀', '맨', '오니', '근데', '둘다', '뒤졌잖아']	-2.0	-1.08
35	35	6_GsyZK-SzE	근데아스가르드인은나이들수록세진다고하지아늠?	['근데', '아스가르드', '인', '은', '나이', '들', '수록', '세진다고', '하지아', '늠']	-2.3772645156711483	-1.19
36	36	6_GsyZK-SzE	우리나라도 옛날엔 60넘으면 환갑잔치 했는데 지금은 80넘어도 환갑잔치 안하잖슴 이거 처러 평균나이가 높아진 것 이겠지 (이상 멍멍이 소리)	['우리나라', '도', '옛날', '엔', '60', '넘으면', '환갑잔치', '했는데', '지금', '은', '80', '넘어도', '환갑잔치', '안', '하잖', '슴', '이', '거', '처러', '평균', '나이', '가', '높아진', '것', '이겠지', '이상', '멍멍', '이', '소리']	1.2454709686577004	0.51
37	37	6_GsyZK-SzE	토르 가디언이 원래 그럼	['토르', '가디언', '이', '원래', '그럼']	2.0	1.18
38	38	6_GsyZK-SzE	백수 모르면 조용히있으면 반이라도감 ㅋㅋ	['백수', '모르면', '조용히있으면', '반', '이라', '도감']	-0.3772645156711464	-0.21
39	39	6_GsyZK-SzE	5000천년은 뭔개소리징?ㅎㅎ	['5000천년', '은', '뭔', '개', '소', '리징']	0.0	0.0
40	40	6_GsyZK-SzE	토르 평군수명 5000천년인데 이색히들	['토르', '평', '군', '수명', '5000천년', '인데', '이색', '히', '들']	1.1978067701791792	0.61
41	41	6_GsyZK-SzE	가오갤2에서는 에고 뇌만 있던데 왜 다른 셀레스티얼과 다르게 기본 신장도 없고 왜그런건가요?	['가오', '갤', '2', '에서는', '에고', '뇌', '만', '있던데', '왜', '다른', '셀레스티', '얼', '과', '다르게', '기본', '신장', '도', '없고', '왜', '그런', '건가', '요']	-0.9948545817512288	-0.42
42	42	6_GsyZK-SzE	아마 셀레스티얼이 에너지로 만들어진 애인데(원작설정) 에고도 에너지가 행성에 스며들고 하나가 되어서 사람 뇌랑 비슷한 모습을 취한게 아닐까?	['아마', '셀레스티', '얼', '이', '에너지', '로', '만들어진', '애', '인데', '원', '작', '설정', '에고', '도', '에너지', '가', '행성', '에', '스며들고', '하나', '가', '되어서', '사람', '뇌', '랑', '비슷한', '모습', '을', '취한', '게', '아닐까']	-0.8025308861240974	-0.32
43	43	6_GsyZK-SzE	오딘이 에고보다 조금더쎄지 아늠?<br><br>(전성기기준.. )	['오딘', '이', '에고', '보다', '조금', '더', '쎄지', '아늠', '전성기', '기준']	-2.580554360402377	-1.29
44	44	6_GsyZK-SzE	에고가 최약체임	['에고', '가', '최', '약체', '임']	-1.4010966149104074	-0.82
45	45	6_GsyZK-SzE	@볼펜 ? ㅋㅋㅋㅋㅋㅋㅋㅋㅋ. 와 ㅋㅋㅋㅋㅋㅋㅋ이건또 무슨 소리야 ㅋㅋㅋㅋㅋㅋ	['볼펜', '와', '이건', '또', '무슨', '소리', '야']	0.0	0.0
46	46	6_GsyZK-SzE	@언우김 영화애기인데 ...... 제가 보기에는 오딘이 아주 근소우위 라고 생각되네요 ㅎㅎ 수르트는  아스가르드 보다 더큰것도 날릴 수 잇을것으로 보이는데 . 네크로 소드로 발키리학살하는 헬라보다 쎈 수르트   이긴게 오딘인데  에고는 아직 애기 수준에 불과하고 ...  싸움은 셀레스티얼과 스카이파더 라는 종족의 우열이 영화에서는 불멸이라 .  애매하고 그리고 오딘은 그본적으로  아스가르드 의 최고전사인 토르를 걍 간단하게 (그앞에서는)  애초에 오딘이 스카이파더라는게 영화에서 밝혀지지도 않았구요 .... 늙은 상태에서도 행성 이동 가능하고  노템 타노스도 꼼짝 못했으니 .. 그리고 수르트도 어머어마한게 행성을 캉 한벙으로 파괴시킨점  헬라의력공격 처음에 2방맞을때는 아~ 뭐야 ㅋㅋ 이러다가 그다음에는 무시하고 걍 발를것으로 보아 . 노템 타노스를  걍 이기기는 헬라를 넘나도간단히 제압하는  수르트 <br>(맨티스가 4스톤 잡을떄 타노스가 2마디 하는데 .... 에고는 저항을 정신 조종 당한다음에는 못한것으로 보아 ... 4스톤&gt; 에고 )  가 스톤3개까지는 쫌 고생해서 이기는 수준이라 봅니다 . <br>근데 그 수르트를 이기는게 오딘이면  오딘이 5스톤까지 비빈다 봅니다 ...	['언우김', '영화', '애기', '인데', '제', '가', '보기', '에는', '오딘', '이', '아주', '근', '소', '우위', '라고', '생각', '되네요', '수르트', '는', '아스가르드', '보다', '더', '큰것도', '날릴', '수', '잇을것으로', '보이는데', '네', '크로', '소드', '로', '발키리', '학살', '하', '는', '헬라', '보다', '쎈', '수르트', '이긴게', '오딘', '인데', '에고', '는', '아직', '애기', '수준', '에', '불과하고', '싸움', '은', '셀레스티', '얼', '과', '스카이', '파더', '라는', '종족', '의', '우열', '이', '영화', '에서는', '불멸', '이라', '애매하고', '그리고', '오딘', '은', '그', '본적', '으로', '아스가르드', '의', '최고', '전', '사인', '토르', '를', '걍', '간단하게', '그', '앞', '에서는', '애초', '에', '오딘', '이', '스카이', '파더라는', '게', '영화', '에서', '밝혀지지도', '않았구요', '늙은', '상태', '에서도', '행성', '이동', '가능하고', '노템', '타', '노스', '도', '꼼짝', '못', '했으니', '그리고', '수르트', '도', '어머', '어', '마한', '게', '행성', '을', '캉', '한벙', '으로', '파괴', '시킨', '점', '헬라', '의', '력', '공격', '처음', '에', '2', '방', '맞을', '때', '는', '아', '뭐', '야', '이러다가', '그다음', '에는', '무시', '하고', '걍', '발를것으로', '보아', '노템', '타', '노스', '를', '걍', '이', '기기', '는', '헬라', '를', '넘나도', '간단히', '제압', '하는', '수르트', '맨', '티스', '가', '4', '스톤', '잡을떄', '타', '노스', '가', '2', '마디', '하는데', '에고', '는', '저항', '을', '정신', '조종', '당', '한', '다음', '에는', '못', '한것으로', '보아', '4', '스톤', 'gt', '에고', '가', '스톤', '3', '개', '까지는', '쫌', '고생', '해서', '이기는', '수준', '이라', '봅니다', '근데', '그', '수르트', '를', '이기는게', '오딘', '이', '면', '오딘', '이', '5', '스톤', '까지', '비빈다', '봅니다']	-30.44636686381288	-9.13
47	47	6_GsyZK-SzE	에고vs스타로드는 셀레스티얼이 mcu에서 얼마나 너프먹을진 모르겠는대 스타로드한테 지려면 얼마나 너프를 심하게 해야할지 감도 안잡히는수준이고	['에고', 'vs', '스타로드', '는', '셀레스티', '얼', '이', 'mcu', '에서', '얼마나', '너프', '먹을진', '모르겠는대', '스타로드', '한테', '지려면', '얼마나', '너프', '를', '심하게', '해야', '할지', '감도', '안', '잡히는', '수준', '이고']	-7.718972093210485	-3.17
48	48	6_GsyZK-SzE	@볼펜 아무리 영화라 너프시킨다해도 오딘따위한테 하오유 타노스가 지는건 말이 안되는대 일반시민이 헐크랑 1대1 다이떠서 이기는거보다 어려운일인대ㅋㅋㅋㅋ장난치는것도 아니고	['볼펜', '아무리', '영화', '라', '너프', '시킨', '다해', '도', '오딘', '따위', '한테', '하', '오유', '타', '노스', '가', '지는건', '말', '이', '안되는대', '일', '반시민', '이', '헐크', '랑', '1', '대', '1', '다', '이', '떠서', '이기는거보다', '어려운', '일', '인대', '장', '난', '치는것도', '아니고']	-9.052216058759633	-3.49
49	49	6_GsyZK-SzE	안나왔는데 그건무엇? 토르라그나 로크에안나옴	['안', '나왔는데', '그건', '무엇', '토르', '라그', '나', '로크', '에', '안', '나옴']	2.0	0.98
50	50	6_GsyZK-SzE	대에리 마블코믹스 원작에나옴	['대', '에리', '마블코믹스', '원작', '에나', '옴']	-0.3772645156711499	-0.21
51	51	6_GsyZK-SzE	어그로뇌피셜	['어그', '로', '뇌피셜']	0.0	0.0
52	52	6_GsyZK-SzE	ㅋㅋㅋㅋㅋ	[]	0.0	-0.0
53	53	6_GsyZK-SzE	맞아	['맞아']	0.0	0.0
54	54	6_GsyZK-SzE	대에리 토르 라그나로크 에 나오는 그랜드마스터의 부하들이 셀레스티얼 과 외관만 똑같이 나옴 ㅋㅋ	['대', '에리', '토르', '라그나로크', '에', '나오는', '그랜드마스터', '의', '부하', '들', '이', '셀레스티', '얼', '과', '외관', '만', '똑같이', '나옴']	2.418875083976315	1.07
55	55	6_GsyZK-SzE	토르 라그나로크에 안 나왔는데요?	['토르', '라그나로크', '에', '안', '나왔는데요']	2.0	1.18
56	56	6_GsyZK-SzE	오수용 그랜드마스터 부하가 셀레스티얼이랑 닮음	['오수용', '그랜드마스터', '부하', '가', '셀레스티', '얼', '이랑', '닮음']	0.4188750839763156	0.22
57	57	6_GsyZK-SzE	토르에 셀레스티얼이나왔나?	['토르', '에', '셀레스티', '얼', '이나', '왔나']	2.041610568305165	1.15
58	58	6_GsyZK-SzE	마지막 토르는 그냥 비슷한 가면이었던걸로...	['마지막', '토르', '는', '그냥', '비슷한', '가면이었던걸', '로']	1.6227354843288513	0.88
59	59	6_GsyZK-SzE	셀레스티얼: 자 타노스 맡샅타임!	['셀레스티', '얼', '자', '타', '노스', '맡', '샅', '타임']	-0.5572928167844217	-0.29
60	60	6_GsyZK-SzE	셀레스티얼 만든자는 첫번째 창공입니다(first cosmos)	['셀레스티', '얼', '만든자는', '첫', '번째', '창공', '입니다', 'first', 'cosmos']	0.4188750839763156	0.21
61	61	6_GsyZK-SzE	마블 세계관 최초의 우주.	['마블', '세계관', '최초', '의', '우주']	1.293135167136222	0.76
62	62	6_GsyZK-SzE	첫번째 창공은 이터니티가 그놈의 짝퉁이라고 보면 됨니다 디 얼티미츠에서 첫번째 창공이 이터니티 죽이려고 하다가 거의 성공했는데 1번째 창공빼고 모든 창공이 다온다음 다굴까서 가둠	['첫', '번째', '창공', '은', '이터니티', '가', '그', '놈', '의', '짝퉁', '이라고', '보면', '됨니다', '디', '얼티미츠', '에서', '첫', '번째', '창공', '이', '이터니티', '죽이려고', '하다가', '거의', '성공했는데', '1', '번째', '창공', '빼고', '모든', '창공', '이', '다', '온', '다음', '다', '굴', '까서', '가둠']	0.0892747667836894	0.03
63	63	6_GsyZK-SzE	ㄴㄴ<br><br><br><br><br>작가	['작가']	0.0	0.0
64	64	6_GsyZK-SzE	in wonderland alice 그게 머임?	['in', 'wonderland', 'alice', '그게', '머임']	-0.3772645156711464	-0.22
65	65	6_GsyZK-SzE	죽일수있으면 뭐해 죽었는데	['죽일수있으면', '뭐', '해', '죽었는데']	-2.0	-1.25
66	66	6_GsyZK-SzE	근데 오딘이 에고같은 약한 셀레랑 1대 1로 붙으면 이길거 같긴 한데	['근데', '오딘', '이', '에고', '같은', '약한', '셀레', '랑', '1', '대', '1', '로', '붙으면', '이길거', '같긴', '한데']	-5.263587094026888	-2.39
67	67	6_GsyZK-SzE	@이성연 하오유는 리빙도..	['이', '성연', '하', '오유', '는', '리빙', '도']	-0.7545290313422981	-0.41
68	68	6_GsyZK-SzE	저도 압니다 근데 저분이 말한게 전지전능쪽인지 셀레스티얼쪽인지 구별이 안가서요 적어도 구별가게 이야기를 하셨으면 좋겠는데	['저', '도', '압니', '다', '근데', '저', '분', '이', '말', '한', '게', '전', '지', '전능', '쪽', '인지', '셀레스티', '얼쪽', '인지', '구별', '이', '안가서요', '적어도', '구별', '가게', '이야기', '를', '하셨으면', '좋겠는데']	-1.9583894316948345	-0.8
69	69	6_GsyZK-SzE	텔식이 하오유 타노스는 오딘입장에선 넘사벽아닌가ㅋㅋ	['텔식', '이', '하', '오유', '타', '노스', '는', '오딘', '입장', '에선', '넘사벽', '아닌가']	-1.4852259634453346	-0.71
70	70	6_GsyZK-SzE	호선 셀레스티얼 맞습니다 전지전능 toaa랑 동명이인일뿐	['호선', '셀레스티', '얼', '맞습니다', '전', '지', '전능', 'toaa', '랑', '동명이인', '일', '뿐']	0.4188750839763156	0.2
71	71	6_GsyZK-SzE	원 어보브 올은 셀레스티얼이 아닙니다... 뭔 이상한소릴 퍼뜨리고 계셔..	['원', '어보', '브', '올은', '셀레스티', '얼', '이', '아닙니다', '뭔', '이상한소', '릴', '퍼뜨리', '고', '계셔']	0.4188750839763156	0.2
72	72	6_GsyZK-SzE	마블에서도 쎌러스테얼은 그 시작을 알 수 없는 종족..? 입니다.. 우주 신급에서도 최상위급이죠..그런데 이 신급들이 덩치도 산만라고  그리고..연구열은 얼마나... 불타는지 거의 지금의 모든 우주 생명체를 탄생? 하게 하죠..그리고 한가지더 .. 토르의 아버지인 오딘이 우주신급이지만.... 원작이든 영화이던 간에....우주의 창조자중 하나인,,,, 쎌러스티얼 아래 입니다......그냥 쎌러스티얼은,... 노건틀.. 타노스 정도는 갖고 노는 수준으로 보셔도무방입니다....	['마블', '에서도', '쎌러스테얼', '은', '그', '시작', '을', '알', '수', '없는', '종족', '입니다', '우주', '신급', '에서도', '최상', '위급', '이', '죠', '그런데', '이', '신급', '들', '이', '덩', '치도', '산만', '라고', '그리고', '연구', '열은', '얼마나', '불타는지', '거의', '지금', '의', '모든', '우주', '생명체', '를', '탄생', '하게', '하죠', '그리고', '한가지', '더', '토르', '의', '아버지', '인', '오딘', '이', '우주', '신급', '이지만', '원작', '이든', '영화', '이던', '간', '에', '우주', '의', '창조자', '중', '하나', '인', '쎌러', '스티', '얼', '아래', '입니', '다그', '냥', '쎌러', '스티', '얼은', '노건', '틀', '타', '노스', '정도', '는', '갖고', '노', '는', '수준', '으로', '보셔도', '무방', '입니다']	11.715581918417952	3.96
73	73	6_GsyZK-SzE	호선 ㅇㅈ 근데 최근에는 아니예요 라이프브링거 되서 행성 안먹어도 풀파워 발휘 가능함	['호선', '근데', '최근', '에는', '아니예요', '라이', '프브', '링거', '되서', '행성', '안', '먹어도', '풀', '파워', '발휘', '가능함']	-2.706864832863773	-1.23
74	74	6_GsyZK-SzE	임성은 타노스가 목숨 구걸했죠 갤북이도 쎕니다. 다만 파워 측정기로 쓰인다는게 불쌍..ㅋㅋㅋ	['임성은', '타', '노스', '가', '목숨', '구걸', '했죠', '갤', '북', '이', '도', '쎕니다', '다만', '파워', '측정기', '로', '쓰인다는게', '불쌍']	-2.1079614477741853	-0.93
75	75	6_GsyZK-SzE	Chang Su Oh 님말의오류<br>1.오딘은 우주신급이아님 우주적존재가 아니라 그냥 신화속 신족,즉 그냥 힘좀 센 외계인들임(근데 겁나 강함) 그리고 리빙회의에 참여권한 없으면 우주적존재로 인정받지못함<br>2.노말 타노스를 갖고노는건 에바임 노말 타노스가 갤럭투스(공복상태아님)에너지 방출해서  날려버렸어요(하지만 갤투가 돌아온다음 타노스 참교육함)그만큼 노템도 강함	['Chang', 'Su', 'Oh', '님말', '의', '오류', '1', '오딘', '은', '우주', '신급', '이아', '님', '우주', '적', '존재', '가', '아니라', '그냥', '신화', '속', '신', '족즉', '그냥', '힘좀', '센', '외계인', '들임', '근데', '겁나', '강함', '그리고', '리빙', '회의', '에', '참여', '권한', '없으면', '우주', '적', '존재', '로', '인정받지못', '함', '2', '노말', '타', '노스', '를', '갖고노', '는건', '에바', '임', '노말', '타', '노스', '가', '갤', '럭투스', '공복', '상', '태아', '님', '에너지', '방출', '해서', '날려', '버렸어요', '하지만', '갤', '투', '가', '돌아온다음', '타', '노스', '참', '교육', '함', '그만큼', '노템', '도', '강함']	-7.526603632432481	-2.58
76	76	6_GsyZK-SzE	예전에 셀레스티얼보스 원어보브올인걸로 아는데	['예전', '에', '셀레스티', '얼', '보스', '원', '어보', '브', '올', '인걸', '로', '아는데']	0.4188750839763156	0.2
77	77	6_GsyZK-SzE	이경원 동명이인임	['이경원', '동명', '이인임']	0.0	0.0
78	78	6_GsyZK-SzE	앙테드띠 타노스가 개팼지않았나	['앙', '테드', '띠', '타', '노스', '가', '개팼', '지', '않았나']	-0.9761679007607372	-0.5
79	79	6_GsyZK-SzE	원오브올 두명이에요<br>지금은 원오브아덜스라고 표기하기도해요	['원', '오브', '올', '두', '명', '이에요', '지', '금은', '원', '오브', '아', '덜스', '라고', '표기', '하기', '도해', '요']	1.293135167136222	0.58
80	80	6_GsyZK-SzE	오딘이 싸운게 위험을 느껴서가 아니라<br>오딘이나 그런 신들을 스카이파더라고 <br>하는 지기들이 만든 사람들에 신 역할을 맘대로 하고 있으니까 싸움이 난거지	['오딘', '이', '싸운게', '위험', '을', '느껴서', '가', '아니라', '오딘', '이나', '그런', '신들', '을', '스카이', '파더라고', '하는', '지기', '들', '이', '만든', '사람', '들', '에', '신', '역할', '을', '맘대로', '하고', '있으니까', '싸움', '이', '난거지']	-6.065780323847705	-2.42
81	81	6_GsyZK-SzE	브금소리가 너무커요	['브금', '소리', '가', '너무', '커요']	0.0	0.0
82	82	6_GsyZK-SzE	영화 닥터스트레인지의 도루마무가 셀레스티얼 종족은 아니지만 그정도힘이있습니다 고로 셀레스티얼종족 평균&gt;=도르마무 정도로 보시면 될것같아요	['영화', '닥터스', '트레인', '지', '의', '도루', '마무', '가', '셀레스티', '얼', '종족', '은', '아니지만', '그', '정도', '힘', '이', '있습니다', '고로', '셀레스티', '얼', '종족', '평균', 'gt', '도르', '마무', '정도', '로', '보시', '면', '될것', '같아요']	1.2768137028116928	0.51
83	83	6_GsyZK-SzE	@볼펜 에고는 전성기가 없습니다.<br>에고=오딘 에고가 최약체임 종족에서	['볼펜', '에고', '는', '전성기', '가', '없습니다', '에고', '오딘', '에고', '가', '최', '약체', '임', '종족', '에서']	-0.7129184630371288	-0.33
84	84	6_GsyZK-SzE	신지현 아님 만화에서는 오딘 전성기에도 갤럭투스 못이김(에고는 갤럭투스랑 삐까뜸) 영화는 오딘에 힘을 가늠할 수가 없어서... 에고가 셀레스티얼이니깐 더 강하지 않을까요?	['신지현', '아님', '만화', '에서는', '오딘', '전성기', '에도', '갤럭투스', '못', '이김', '에고', '는', '갤럭투스', '랑', '삐', '까', '뜸', '영화', '는', '오딘', '에', '힘', '을', '가늠', '할', '수가', '없어서', '에고', '가', '셀레스티', '얼이니깐', '더', '강하지', '않을까요']	-4.962941291975938	-1.96
85	85	6_GsyZK-SzE	원작에서는 셀레스티얼이 넘사인데 영화에서는 잘 모르겠네요 일단 추후에 속편들에서 셀레스티얼에 자세히 다루는 영화가 나와봐야 알듯요....일단 파워스톤을 자유자재로 다루고 행성들을 파괴했었다 했으니....최상위권은 확실.	['원작', '에서는', '셀레스티', '얼', '이', '넘', '사', '인데', '영화', '에서는', '잘', '모르겠네요', '일단', '추후', '에', '속편', '들', '에서', '셀레스티', '얼', '에', '자세히', '다루는', '영화', '가', '나와', '봐야', '알듯', '요', '일단', '파워', '스톤', '을', '자유', '자재', '로', '다루고', '행성', '들', '을', '파괴', '했었다', '했으니', '최', '상위', '권', '은', '확실']	-6.598076927803878	-2.46
86	86	6_GsyZK-SzE	제가 마블 좋아한지 얼마안돼서 그런걸 잘 모르거든요....	['제', '가', '마블', '좋아한지', '얼', '마안', '돼서', '그런', '걸', '잘', '모르거든요']	2.2931351671362257	1.12
87	87	6_GsyZK-SzE	그럼 오딘전성기 =에고전성기 맞나요?<br>몇분들이 에고가 오딘 보다 쎄다고 하는데 영화 에 나온 오딘은 전성기 한참지나고 에고는 전성기로 영화 에 나온걸로 알고있거든요. 그리고 에고는 셀레스티얼 중에 약한 편이고 한 유투버님 도 에고 보다 오딘 있다고 해서요.	['그럼', '오딘', '전성기', '에고', '전성기', '맞나요', '몇', '분들', '이', '에고', '가', '오딘', '보다', '쎄다고', '하는데', '영화', '에', '나온', '오딘', '은', '전성기', '한참', '지나고', '에고', '는', '전성기', '로', '영화', '에', '나온', '걸', '로', '알고있거든요', '그리고', '에고', '는', '셀레스티', '얼', '중', '에', '약한', '편이', '고', '한', '유투', '버', '님', '도', '에고', '보다', '오딘', '있다고', '해서요']	-4.681005173261838	-1.72
88	88	6_GsyZK-SzE	브금은 뭔가요 되게 맘에들어요!!	['브금', '은', '뭔가', '요', '되게', '맘', '에', '들어요']	0.0	0.0
89	89	6_GsyZK-SzE	오 토르라그나로크애서도 직접적으로 셀레스티얼이 나오는군뇨 새로운 정보 알아갑니당🙃	['오', '토르', '라그나로크', '애', '서도', '직접', '적', '으로', '셀레스티', '얼', '이', '나오는군', '뇨', '새로운', '정보', '알', '아', '갑니당']	4.206223188918118	1.87
90	90	6_GsyZK-SzE	임성은 알았음 됐음^^	['임성은', '알았음', '됐음']	-0.37726451567114816	-0.26
91	91	6_GsyZK-SzE	강석준 뉘에뉘에	['강석', '준', '뉘', '에', '뉘', '에']	0.0	0.0
92	92	6_GsyZK-SzE	임성은 원래 셀레스티얼이라는 존재 자체가 신장이 거대한 존재임 그리고 셀레스티얼 떡밥은 이미 가오갤1에서 두 번이나 나옴 노웨어, 그리고 티본이 가오갤 멤버들에게 인피니티 스톤에 대해서 영상으로 설명해줄 때 거기서 등장한 거대한 존재임 그리고 셀레스티얼이라는 종족은 거의 창조주격 종족이라서 다른 종족들과 어울리는 일이 없음 그래서 외관만 비슷하다고 떡밥이라고 보기에는 좀 힘듦 애시당초 마블이 떡밥을 그렇게 단순하게 던졌을 리도 없음 여태 사람들이 외관만으로 떡밥이라고 추측했다가 들어맞은 적이 얼마나 있었음?	['임성은', '원래', '셀레스티', '얼', '이라는', '존재', '자체', '가', '신장', '이', '거대한', '존재', '임', '그리고', '셀레스티', '얼', '떡밥', '은', '이미', '가오', '갤', '1', '에서', '두', '번', '이나', '나옴', '노', '웨어', '그리고', '티', '본이', '가오', '갤', '멤버', '들', '에게', '인피니티', '스톤', '에', '대해', '서', '영상', '으로', '설명', '해줄', '때', '거기', '서', '등장', '한', '거대한', '존재', '임', '그리고', '셀레스티', '얼', '이라는', '종족', '은', '거의', '창조', '주격', '종족', '이라서', '다른', '종족', '들', '과', '어울리는', '일이', '없음', '그래서', '외관', '만', '비슷하다고', '떡밥', '이라고', '보기', '에는', '좀', '힘듦', '애시', '당초', '마블', '이', '떡밥', '을', '그렇게', '단순하게', '던졌을', '리도', '없음', '여태', '사람', '들', '이', '외관', '만으로', '떡밥', '이라고', '추측', '했다가', '들어맞은', '적', '이', '얼마나', '있었음']	10.479808228290137	3.45
93	93	6_GsyZK-SzE	째뜬 비슷한 모습으로 나왔잖아 떡밥일수도...노웨어랑 같이	['째', '뜬', '비슷한', '모습', '으로', '나왔잖아', '떡밥', '일', '수도', '노', '웨어', '랑', '같이']	2.0328190735995055	0.96
94	94	6_GsyZK-SzE	임성은 외관만 비슷한 거지 셀레스티얼이 아님 셀레스티얼은 거대한 몸집을 지님 실제로 노웨어의 그 거대한 시체가 셀레스티얼의 시체라는 설정임	['임성은', '외관', '만', '비슷한', '거지', '셀레스티', '얼', '이', '아님', '셀레스티', '얼은', '거대한', '몸집', '을', '지님', '실제', '로', '노', '웨어', '의', '그', '거대한', '시체', '가', '셀레스티', '얼', '의', '시체', '라는', '설정', '임']	-0.33565394736598075	-0.13
95	95	6_GsyZK-SzE	와 목소리 축복받았네.	['와', '목소리', '축복', '받았네']	2.6465675835681153	1.65
96	96	6_GsyZK-SzE	구독 누르고 갑니당!! ㅎㅎ 저도 마블 덕훈데 이런영상 너무 좋습니닿ㅎ	['구독', '누르고', '갑니당', '저', '도', '마블', '덕훈데', '이런', '영상', '너무', '좋', '습', '니', '닿']	1.6703996828073722	0.78
97	97	6_GsyZK-SzE	셀레스티얼이 아스가르드 하급신이라서 아스가르드 인의 왕인 오딘은 못이깁니다	['셀레스티', '얼', '이', '아스가르드', '하급', '신', '이라서', '아스가르드', '인의', '왕인', '오딘', '은', '못', '이깁니다']	-1.0901829787082802	-0.51
98	98	6_GsyZK-SzE	셀레스티얼은 아스가르드 하급신이 아니라 우주 창조신이다 ㅈ밥에 오딘은 아스가르드쪽 에서만 신이고 다른데선 외계인이다	['셀레스티', '얼은', '아스가르드', '하급', '신', '이', '아니라', '우주', '창조신', '이다', '밥', '에', '오딘', '은', '아스가르드', '쪽', '에서만', '신', '이고', '다른데', '선', '외계인', '이다']	-1.4674474943794302	-0.62
99	99	6_GsyZK-SzE	뭔 개소리지..??	['뭔', '개', '소리', '지']	0.0	0.0
100	100	6_GsyZK-SzE	원작 안보셨죠? 스카이파더 전원이 덤벼도 셀레스티얼 8명을 못이깁니다.	['원작', '안', '보셨죠', '스카이', '파더', '전원', '이', '덤벼', '도', '셀레스티', '얼', '8', '명', '을', '못', '이깁니다']	-1.3118218481267214	-0.6
101	101	6_GsyZK-SzE	정우재 다 필요 없다 어보브 올 아덜스가 짱이다	['정우', '재', '다', '필요', '없다', '어보', '브', '올', '아덜스', '가', '짱', '이다']	-1.0	-0.48
102	102	6_GsyZK-SzE	인건 타노스는 2인자는 못되고 3인자나 2.5인자는 되겄지.. 이터니티를 이긴다는 시점부터 일단 3인자는 먹고 들어갈테고 리빙한테는 인건이 안 통하고 비욘더나 비욘더즈한테도 안 통할거고 원 어보브 올은 말할것도없고.. 피닉스 포스한테도 안 통할텐데	['인건', '타', '노스', '는', '2', '인자', '는', '못', '되고', '3', '인자', '나', '25', '인자', '는', '되겄', '지', '이터니티', '를', '이긴다는', '시점', '부터', '일단', '3', '인자', '는', '먹고', '들어갈테고', '리빙', '한테', '는', '인건', '이', '안', '통', '하고', '비욘더', '나', '비욘더', '즈', '한', '테', '도', '안', '통', '할거고', '원', '어보', '브', '올은', '말', '할것도', '없고', '피닉스', '포스', '한테', '도', '안', '통', '할텐데']	-3.179457745491969	-1.14
103	103	6_GsyZK-SzE	요올	['요', '올']	0.0	0.0
104	104	6_GsyZK-SzE	가오갤1편에서나온 셀레스티얼 과 에고의 모습이 많이 다른데 뭐죠?	['가오', '갤', '1', '편', '에서나', '온', '셀레스티', '얼', '과', '에고', '의', '모습', '이', '많이', '다른데', '뭐', '죠']	0.9574812197702434	0.43
105	105	6_GsyZK-SzE	에고의 목적은 온세상을 자신의 것으로 만드는것입니다. 하지만 자신의 능력으로 되지않자 다른 생물과 접목시켜 자신과 비슷한 능력을 가진 후손을 만드려 했습니다. 그래서 접목을 쉽게하기 위해 본체에서 아바타를 작게 만든것입니다.	['에고', '의', '목적', '은', '온', '세상', '을', '자신', '의', '것', '으로', '만드는것', '입니다', '하지만', '자신', '의', '능력', '으로', '되지', '않자', '다른', '생물', '과', '접목', '시켜', '자신', '과', '비슷한', '능력', '을', '가진', '후손', '을', '만', '드려', '했습니다', '그래서', '접목', '을', '쉽게', '하기', '위해', '본체', '에서', '아바타', '를', '작게', '만든것', '입니다']	1.4999289116756525	0.56
106	106	6_GsyZK-SzE	원작에서는 셀레스티얼이 아닙니다 에고는 영화상 그렇게나온거죠 <br>하지만 에고도 엄청난 존재는 확실하죠 ㅎㅎ 전우주를 먹을려고 하는 존재중 하나이죠 ㅎㅎ	['원작', '에서는', '셀레스티', '얼', '이', '아닙니다', '에고', '는', '영화상', '그렇게', '나온거죠', '하지만', '에고', '도', '엄청난', '존재', '는', '확실하죠', '전우주', '를', '먹을려고', '하는', '존재', '중', '하나', '이', '죠']	-1.9282708029641915	-0.79
107	107	6_GsyZK-SzE	욘두ㅠㅠㅠㅠ	['욘', '두']	0.0	0.0
108	108	6_GsyZK-SzE	셀레스티얼의 힘을 알기에 에고 더 리빙 플래넷을 셀레스티얼로 설정한것도, 그리고 셀레스티얼임에도 불구하고 쉽게 폭탄에 죽도록 만든 설정이 너무 맘에 안들었습니다. 그 것땜에 가오갤 재미가 개인적으로는 반감됬네요	['셀레스티', '얼', '의', '힘', '을', '알기에', '에고', '더', '리빙', '플래넷', '을', '셀레스티', '얼', '로', '설정', '한', '것', '도', '그리고', '셀레스티', '얼임', '에도', '불구', '하고', '쉽게', '폭탄', '에', '죽도록', '만든', '설정', '이', '너무', '맘', '에', '안', '들었습니다', '그', '것땜', '에', '가오', '갤', '재미', '가', '개인', '적', '으로는', '반감', '됬네요']	2.778023474278276	1.04
109	109	6_GsyZK-SzE	@후하비 HUHABI 백성들이 있는곳이 아스가르드라고 오딘이 토르 라그나로크에서 말함	['후', '하비', 'HUHABI', '백성', '들', '이', '있는', '곳', '이', '아스가르드', '라고', '오딘', '이', '토르', '라그나로크', '에서', '말함']	0.9574812197702413	0.43
110	110	6_GsyZK-SzE	그리고 애초에 가오갤에서 이고 묘사가 되게 조잡하고 찌질한 기생충같이 나온거보면 셀스중에 최하위체라고 생각해도 무관할거같은데..	['그리고', '애초', '에', '가오', '갤에서', '이고', '묘사', '가', '되게', '조잡하고', '찌질한', '기생충', '같이', '나온거', '보면', '셀스중', '에', '최', '하위', '체라', '고', '생각', '해도', '무관', '할거', '같은데']	1.562438235033189	0.65
111	111	6_GsyZK-SzE	작중언급상 에고의코어를 폭발시킨 폭탄은 달도 부술수있는정도라 그런겁니다. 어지간한힘으론 생채기도못내죠.	['작', '중', '언급', '상', '에고', '의', '코어', '를', '폭발', '시킨', '폭탄', '은', '달도', '부술수', '있는', '정도', '라', '그런', '겁니다', '어지간한', '힘', '으론', '생채기', '도', '못내', '죠']	-3.179457745491965	-1.32
112	112	6_GsyZK-SzE	@엔지 0	['엔', '지', '0']	0.0	0.0
113	113	6_GsyZK-SzE	왕효천 아마도 토르가 힘을 얻는 아스가르드 행성의 핵과 똑같은 물질인 &#39;우르&#39;라는 금속으로 만들어져서 그런것 같아요	['왕효', '천', '아마도', '토르', '가', '힘', '을', '얻는', '아스가르드', '행성', '의', '핵', '과', '똑같은', '물질', '인', '39', '우르', '39', '라는', '금속', '으로', '만들어져서', '그런것', '같아요']	1.3627174488343663	0.57
114	114	6_GsyZK-SzE	형 저 기억해주세요! 형은 나중에 분명히 구독자가 많아질꺼에요! 응원하겠습니다!	['형', '저', '기억', '해주세요', '형', '은', '나중', '에', '분명히', '구', '독자', '가', '많아질꺼에요', '응원', '하겠습니다']	0.6465675835681128	0.3
115	115	6_GsyZK-SzE	나중에 큰 유튜버로 성장하실 것 같아요 ! 구독하고 가겟습니다!	['나중', '에', '큰', '유튜버', '로', '성장하실', '것', '같아요', '구독', '하고', '가겟습니다']	-0.04766419847852277	-0.02
116	116	6_GsyZK-SzE	그리고 라그나로크에 그 셀레스티얼  닮은것은 발키리얼이라는 아스가르드의 보호자입니다 몇몇은 셀레스티얼이다 갤럭투스(응?)이라고 하지만 발키리얼입니다	['그리고', '라그나로크', '에', '그', '셀레스티', '얼', '닮은것은', '발키리', '얼', '이라는', '아스가르드', '의', '보호자', '입니다', '몇몇', '은', '셀레스티', '얼', '이다', '갤럭투스응', '이라고', '하지만', '발키리', '얼', '입니다']	-0.2635870940268943	-0.11
117	117	6_GsyZK-SzE	발키리 아님?	['발키리', '아님']	-0.3772645156711499	-0.29
118	118	6_GsyZK-SzE	임성은 아니면 디스트로이어를 잘못 이해하고 말하는 걸수도..	['임성은', '아니면', '디스', '트로이', '어', '를', '잘못', '이해', '하고', '말', '하는', '걸', '수도']	-5.227121943970486	-2.47
119	119	6_GsyZK-SzE	마크충 뭔 개소리야 그랜드마스터의 부하가 셀레스티얼과 닮았고 발키리 말하는거아님? 아스가르드에 보호자면 발키리인데... 빡대가리신가?	['마크', '충', '뭔', '개', '소리', '야', '그랜드마스터', '의', '부하', '가', '셀레스티', '얼', '과', '닮았고', '발키리', '말', '하는거', '아님', '아스가르드', '에', '보호자', '면', '발키리', '인데', '빡', '대가리', '신가']	-1.1378471771868028	-0.47
120	120	6_GsyZK-SzE	마크충 발키리얼이 머임?	['마크', '충', '발키리', '얼', '이', '머임']	-0.3772645156711499	-0.21
121	121	6_GsyZK-SzE	이고가 셀레스티얼이라고 해서 속으로 &quot;읭?&quot;한 1인	['이', '고가', '셀레스티', '얼', '이라고', '해서', '속', '으로', 'quot', '읭', 'quot', '한', '1', '인']	0.026765443426149397	0.01
122	122	4CImhZ5TrB4	이제활동 안하시나요?	['이', '제', '활동', '안', '하시나요']	0.0	0.0
123	123	4CImhZ5TrB4	감사합니다	['감사합니다']	0.0	0.0
124	124	4CImhZ5TrB4	너무 듣기 좋음<br>😍😍😍😍😍😍😍	['너무', '듣기', '좋음']	2.0	1.35
125	125	4CImhZ5TrB4	There&#39;s a port on a western bay<br><br>서쪽 해안가에 항구가 하나 있는데<br><br>And it serves a hundred ships a day<br><br>하루에도 수백척의 배가 들락거렸죠.<br><br>Lonely sailors pass the time away<br><br>외로운 선원들은 그곳에서 시간을 보내곤 했어요<br><br>And talk about their homes<br><br>그들의 고향에 대해서 이야기하며 <br><br><br>And there&#39;s a girl in this harbor town<br><br>그 마을엔 한 여인이 살았었는데<br><br>And she works layin&#39; whiskey down<br><br>위스키를 파는 일을 하고 있었죠.<br><br>They say &quot;Brandy, fetch another round&quot;<br><br>그들이 &quot;브랜디, 한잔 더 가져와!&quot;라 말하면<br>She serves them whiskey and wine<br><br>그녀는 그들에게 위스키와 와인을 대접했죠.<br><br><br>The sailors say &quot;Brandy, you&#39;re a fine girl&quot; (you&#39;re a fine girl)<br><br>선원들이 말하길, &quot;브랜디, 넌 정말 멋진 여자야!&quot;<br><br>&quot;What a good wife you would be&quot; (such a fine girl)<br><br>&quot;넌 정말 좋은 아내가 될 거야.&quot;<br><br>&quot;Yeah your eyes could steal a sailor from the sea&quot;<br><br>그래, 아름다운 너의 눈동자는 선원들을 바다로 떠나고 싶지 않게 만들어.<br><br>(dooda-dit-dooda), (dit-dooda-dit-dooda-dit)<br><br><br>Brandy wears a braided chain<br><br>브랜디가 차고 있던 사슬 목걸이<br><br>Made of finest silver from the North of Spain<br><br>바다건너에서 만들어진 질 좋은 목걸이였죠.<br><br>A locket that bears the name<br><br>목걸이의 로켓 속에 새겨진 그 이름<br><br>Of the man that Brandy loves<br><br>브랜디가 사랑하는 남자의 이름이죠.<br><br><br>He came on a summer&#39;s day<br><br>화창한 여름 그는 다가왔죠.<br><br>Bringin&#39; gifts from far away<br><br>머나먼 곳에서 가져온 선물과 함께<br><br>But he made it clear he couldn&#39;t stay<br><br>하지만 그는 이곳에 정착할 순 없다고 못박아뒀죠.<br><br>No harbor was his home<br><br>항구는 그의 집이 아니었답니다.<br><br><br>The sailor said &quot;Brandy, you&#39;re a fine girl&quot; (you&#39;re a fine girl)<br><br>그가 말하길, &quot;브랜디, 넌 정말 멋진 여자야&quot;<br><br>&quot;What a good wife you would be&quot; (such a fine girl)<br><br>&quot;넌 정말 좋은 아내가 될 거야.&quot;<br><br>&quot;But my life, my lover, my lady is the sea&quot;<br><br>하지만 내 삶은, 내 사랑은, 내 여인은, 바로 바다야.<br><br>(dooda-dit-dooda), (dit-dooda-dit-dooda-dit)<br><br><br>Yeah, Brandy used to watch his eyes<br><br>그래요, 브랜디는 그의 눈 속을 쳐다보곤 했어요.<br><br>When he told his sailor stories<br><br>그의 멋진 모험담을 들을 때면<br><br>She could feel the ocean fall and rise<br><br>폭풍우로 휘몰아치는 바다를 느낄 수 있었죠.<br><br>She saw his ragin&#39; glory<br><br>그녀는 남자의 영광의 순간을 보았어요.<br><br>But he had always told the truth, lord, he was an honest man<br><br>하지만 그는 언제나 진실만을 이야기했어요, 맙소사, 그는 정말 정직했었죠.<br><br>And Brandy does her best to understand<br><br>브랜디는 그런 그를 이해하려 노력했죠.<br><br>(dooda-dit-dooda), (dit-dooda-dit-dooda-dit)<br><br><br>At night when the bars close down<br><br>늦은 저녁, 주점이 문을 닫으면<br><br>Brandy walks through a silent town<br><br>브랜디는 조용해진 마을을 지나 집으로 향하죠.<br><br>And loves a man who&#39;s not around<br><br>그리고 그녀가 사랑한, 멀리 떠난 그 남자.<br><br>She still can hear him say<br><br>그녀는 여전히 그의 목소리를 떠올린답니다.<br><br><br>She hears him say &quot;Brandy, you&#39;re a fine girl&quot; (you&#39;re a fine girl)<br><br>그녀는 그의 말을 기억해요, &quot;브랜디, 넌 정말 멋진 여자야&quot;<br><br>&quot;What a good wife you would be&quot; (such a fine girl)<br><br>&quot;넌 정말 좋은 아내가 될 거야.&quot;<br><br>&quot;But my life, my lover, my lady is the sea&quot;<br><br>하지만 내 삶은, 내 사랑은, 내 여인은, 바로 바다야.<br><br><br>(dooda-dit-dooda), (dit-dooda-dit-dooda-dit)<br><br><br>&quot;Brandy, you&#39;re a fine girl&quot; (you&#39;re a fine girl)<br><br>&quot;브랜디, 넌 정말 멋진 여자야.&quot;<br><br>&quot;What a good wife you would be&quot; (such a fine girl)<br><br>&quot;넌 정말 좋은 아내가 될 거야.&quot;<br><br>&quot;But my life, my lover, my lady is the sea&quot;<br><br>하지만 내 삶은, 내 사랑은, 내 여인은, 바로 바다야.	['There', '39', 's', 'a', 'port', 'on', 'a', 'western', 'bay', '서쪽', '해안가', '에', '항구', '가', '하나', '있는데', 'And', 'it', 'serves', 'a', 'hundred', 'ships', 'a', 'day', '하루', '에도', '수백', '척', '의', '배', '가', '들락거렸', '죠', 'Lonely', 'sailors', 'pass', 'the', 'time', 'away', '외로운', '선원', '들', '은', '그', '곳', '에서', '시간', '을', '보내곤', '했어요', 'And', 'talk', 'about', 'their', 'homes', '그', '들', '의', '고향', '에', '대해', '서', '이야기', '하며', 'And', 'there', '39', 's', 'a', 'girl', 'in', 'this', 'harbor', 'town', '그', '마을', '엔', '한', '여인', '이', '살았었는데', 'And', 'she', 'works', 'layin', '39', 'whiskey', 'down', '위스키', '를', '파는', '일', '을', '하고', '있었죠', 'They', 'say', 'quotBrandy', 'fetch', 'another', 'roundquot', '그', '들', '이', 'quot', '브랜디', '한잔', '더', '가져와', 'quot', '라', '말', '하면', 'She', 'serves', 'them', 'whiskey', 'and', 'wine', '그녀', '는', '그', '들', '에게', '위스키', '와', '와인', '을', '대접', '했죠', 'The', 'sailors', 'say', 'quotBrandy', 'you', '39', 're', 'a', 'fine', 'girlquot', 'you', '39', 're', 'a', 'fine', 'girl', '선원', '들', '이', '말', '하길', 'quot', '브랜디', '넌', '정말', '멋진', '여자', '야', 'quotquotWhat', 'a', 'good', 'wife', 'you', 'would', 'bequot', 'such', 'a', 'fine', 'girlquot', '넌', '정말', '좋은', '아내', '가', '될', '거야', 'quotquotYeah', 'your', 'eyes', 'could', 'steal', 'a', 'sailor', 'from', 'the', 'seaquot', '그래', '아름다운', '너', '의', '눈동자', '는', '선원', '들', '을', '바다로', '떠나고', '싶지', '않게', '만들어', 'doodaditdooda', 'ditdoodaditdoodaditBrandy', 'wears', 'a', 'braided', 'chain', '브랜디', '가', '차고', '있던', '사슬', '목걸이', 'Made', 'of', 'finest', 'silver', 'from', 'the', 'North', 'of', 'Spain', '바다', '건너', '에서', '만들어진', '질', '좋은', '목걸이', '였죠', 'A', 'locket', 'that', 'bears', 'the', 'name', '목걸이', '의', '로켓', '속', '에', '새겨진', '그', '이름', 'Of', 'the', 'man', 'that', 'Brandy', 'loves', '브랜디', '가', '사랑', '하는', '남자', '의', '이름', '이', '죠', 'He', 'came', 'on', 'a', 'summer', '39', 's', 'day', '화창한', '여름', '그', '는', '다가왔죠', 'Bringin', '39', 'gifts', 'from', 'far', 'away', '머나먼', '곳', '에서', '가져온', '선물', '과', '함께', 'But', 'he', 'made', 'it', 'clear', 'he', 'couldn', '39', 't', 'stay', '하지만', '그', '는', '이', '곳', '에', '정착', '할', '순', '없다고', '못', '박아', '뒀죠', 'No', 'harbor', 'was', 'his', 'home', '항구', '는', '그', '의', '집', '이', '아니었답니다', 'The', 'sailor', 'said', 'quotBrandy', 'you', '39', 're', 'a', 'fine', 'girlquot', 'you', '39', 're', 'a', 'fine', 'girl', '그', '가', '말', '하길', 'quot', '브랜디', '넌', '정말', '멋진', '여자', '야', 'quotquotWhat', 'a', 'good', 'wife', 'you', 'would', 'bequot', 'such', 'a', 'fine', 'girlquot', '넌', '정말', '좋은', '아내', '가', '될', '거야', 'quotquotBut', 'my', 'life', 'my', 'lover', 'my', 'lady', 'is', 'the', 'seaquot', '하지만', '내', '삶은', '내', '사랑', '은', '내', '여인', '은', '바로', '바다', '야', 'doodaditdooda', 'ditdoodaditdoodaditYeah', 'Brandy', 'used', 'to', 'watch', 'his', 'eyes', '그래요', '브랜디', '는', '그', '의', '눈', '속', '을', '쳐다보곤', '했어요', 'When', 'he', 'told', 'his', 'sailor', 'stories', '그', '의', '멋진', '모', '험담', '을', '들을', '때', '면', 'She', 'could', 'feel', 'the', 'ocean', 'fall', 'and', 'rise', '폭풍우', '로', '휘', '몰아치는', '바다', '를', '느낄', '수', '있었죠', 'She', 'saw', 'his', 'ragin', '39', 'glory', '그녀', '는', '남자', '의', '영광', '의', '순간', '을', '보았어요', 'But', 'he', 'had', 'always', 'told', 'the', 'truth', 'lord', 'he', 'was', 'an', 'honest', 'man', '하지만', '그', '는', '언제나', '진실', '만을', '이야기', '했어요', '맙소사', '그', '는', '정말', '정직했었죠', 'And', 'Brandy', 'does', 'her', 'best', 'to', 'understand', '브랜디', '는', '그런', '그', '를', '이해', '하려', '노력', '했죠', 'doodaditdooda', 'ditdoodaditdoodaditAt', 'night', 'when', 'the', 'bars', 'close', 'down', '늦은', '저녁', '주점', '이', '문', '을', '닫으면', 'Brandy', 'walks', 'through', 'a', 'silent', 'town', '브랜디', '는', '조용해진', '마을', '을', '지나', '집', '으로', '향', '하죠', 'And', 'loves', 'a', 'man', 'who', '39', 's', 'not', 'around', '그리고', '그녀', '가', '사랑', '한', '멀리', '떠난', '그', '남자', 'She', 'still', 'can', 'hear', 'him', 'say', '그녀', '는', '여전히', '그', '의', '목소리', '를', '떠올린답니다', 'She', 'hears', 'him', 'say', 'quotBrandy', 'you', '39', 're', 'a', 'fine', 'girlquot', 'you', '39', 're', 'a', 'fine', 'girl', '그녀', '는', '그', '의', '말', '을', '기억', '해요', 'quot', '브랜디', '넌', '정말', '멋진', '여자', '야', 'quotquotWhat', 'a', 'good', 'wife', 'you', 'would', 'bequot', 'such', 'a', 'fine', 'girlquot', '넌', '정말', '좋은', '아내', '가', '될', '거야', 'quotquotBut', 'my', 'life', 'my', 'lover', 'my', 'lady', 'is', 'the', 'seaquot', '하지만', '내', '삶은', '내', '사랑', '은', '내', '여인', '은', '바로', '바다', '야', 'doodaditdooda', 'ditdoodaditdoodaditquotBrandy', 'you', '39', 're', 'a', 'fine', 'girlquot', 'you', '39', 're', 'a', 'fine', 'girlquot', '브랜디', '넌', '정말', '멋진', '여자', '야', 'quotquotWhat', 'a', 'good', 'wife', 'you', 'would', 'bequot', 'such', 'a', 'fine', 'girlquot', '넌', '정말', '좋은', '아내', '가', '될', '거야', 'quotquotBut', 'my', 'life', 'my', 'lover', 'my', 'lady', 'is', 'the', 'seaquot', '하지만', '내', '삶은', '내', '사랑', '은', '내', '여인', '은', '바로', '바다', '야']	-71.6421601764466	-18.67
126	126	4CImhZ5TrB4	노래 넘 좋아	['노래', '넘', '좋아']	2.2216388694184412	1.5
127	127	4CImhZ5TrB4	선원들은 말해 브랜디가 최고의 아내가 될 거라고	['선원', '들', '은', '말', '해', '브랜디', '가', '최고', '의', '아내', '가', '될', '거', '라고']	-0.4852259634453281	-0.23
128	128	4CImhZ5TrB4	푸른하늘 최고의 마누라 ㅋㅋㅋㅋ	['푸른', '하늘', '최고', '의', '마누라']	2.0	1.18
129	129	4CImhZ5TrB4	자막좀요	['자막', '좀', '요']	0.0	0.0
130	130	4CImhZ5TrB4	이거 자막해주세요!	['이', '거', '자막', '해주세요']	0.0	0.0
131	131	4CImhZ5TrB4	노래 주시면 안될까욥??? 주신다면 titerjiyong8506으로 주시면 감사하겠습니다	['노래', '주시', '면', '안될까', '욥', '주신다면', 'titerjiyong', '8506', '으로', '주시', '면', '감사하겠습니다']	1.0089869743602449	0.49
132	132	4CImhZ5TrB4	노래 너무 좋아 자면서 들어야짘	['노래', '너무', '좋아', '자면서', '들어야', '짘']	2.2216388694184412	1.25
133	133	4CImhZ5TrB4	노래가 좋네요 ㅋㅋ 구독하고갈게요	['노래', '가', '좋네요', '구독', '하고', '갈게요']	-0.20328984473122835	-0.11
134	134	4CImhZ5TrB4	김현수 감사합니다!!!	['김현수', '감사합니다']	0.0	0.0
135	135	4CImhZ5TrB4	구독하곤 싶은데 지금 구독자 수가 111이라 이 숫자를 망치고 싶지않다......딜레마...	['구독', '하', '곤', '싶은데', '지금', '구', '독자', '수가', '111', '이라', '이', '숫자', '를', '망치', '고', '싶지', '않다', '딜레마']	0.4909419373154076	0.22
136	136	4CImhZ5TrB4	창훈 Movie맨 했쥬^^	['창훈', 'Movie', '맨', '했쥬']	0.0	0.0
137	137	4CImhZ5TrB4	이재원 그래도 구독해주시면 감사하겠습니다~	['이재원', '그래도', '구독', '해주시면', '감사하겠습니다']	0.0	0.0
138	138	4CImhZ5TrB4	분명 노래는 좋은데 영화 보고오니 가사가 무섭다	['분명', '노래', '는', '좋은데', '영화', '보고오니', '가사', '가', '무섭다']	-2.5431579960750352	-1.3
139	139	4CImhZ5TrB4	the chain 입니다 ㅎㅎ	['the', 'chain', '입니다']	-0.7545290313422963	-0.51
140	140	4CImhZ5TrB4	흔 일 마지막 전투신노래라는게 뭘뜻하는지 모르겟네요 전투하는동안에 음원파일로 나오는 노래는 없었는데	['흔', '일', '마지막', '전투', '신', '노래', '라는', '게', '뭘뜻', '하는지', '모르겟네요', '전투', '하는', '동안', '에', '음원', '파일', '로', '나오는', '노래', '는', '없었는데']	-1.9339867768342631	-0.83
141	141	4CImhZ5TrB4	에고 스타로드 마지막 던투신 노래 아는분	['에고', '스타로드', '마지막', '던', '투신', '노래', '아는', '분']	-2.9578188760735262	-1.55
142	142	4CImhZ5TrB4	익명 퀼 엄마랑 아빠가 드라이브하는 초반 장면	['익명', '퀼', '엄마', '랑', '아빠', '가', '드라이브', '하는', '초반', '장면']	-0.7545290313422925	-0.38
143	143	4CImhZ5TrB4	이희상 이노래 나오는데가 장면이 뭐죠	['이희', '상', '이노', '래', '나오는데가', '장면', '이', '뭐', '죠']	0.0	0.0
144	144	4CImhZ5TrB4	역시	['역시']	-0.3772645156711464	-0.38
145	145	4CImhZ5TrB4	브란다 넌 좋은 와이프가 될거야 ~~	['브란다', '넌', '좋은', '와이프', '가', '될거야']	2.0	1.12
146	146	4CImhZ5TrB4	와 감사합니다 이거 음반 보내줄수있나요ㅠ 광팬인데	['와', '감사합니다', '이', '거', '음반', '보내줄수있나요', '광팬', '인데']	-0.8021932298208203	-0.42
147	147	znq6S0gnYpY	ㅠㅠㅠㅠㅠ<br><br>욘두 우돈타	['욘', '두', '우', '돈타']	-0.9761679007607372	-0.61
148	148	znq6S0gnYpY	욘두ㅠㅠ	['욘', '두']	0.0	0.0
149	149	znq6S0gnYpY	욘두 위 워스 러브 유 엔드 위 윌 러브 유 포에버 탁.탁.	['욘', '두', '위', '워스', '러브', '유', '엔드', '위', '윌', '러브', '유', '포에버', '탁탁']	0.0	0.0
150	150	znq6S0gnYpY	욘두. 사랑해.	['욘', '두', '사랑', '해']	0.0	0.0
151	151	znq6S0gnYpY	별이 되서 만나자	['별', '이', '되서', '만나자']	0.0	0.0
152	152	znq6S0gnYpY	ㅠㅠ	[]	0.0	-0.0
153	153	znq6S0gnYpY	잘못 키워서 미안하다	['잘못', '키워서', '미안하다']	-3.0	-2.03
154	154	znq6S0gnYpY	욘두...그는 이시대에 진정한 아버지셧습니다 그가 한행동은 우리들에 아버지들과 다를게없으셨습니다.....<br><br> <br><br><br><br><br><br><br>아빠 사랑해요ㅠㅠ 3000만큼.ㅠㅠ	['욘두그', '는', '이', '시대', '에', '진정한', '아버지', '셧습니', '다', '그', '가', '한', '행동', '은', '우리', '들', '에', '아버지', '들', '과', '다를게', '없으셨습니다', '아빠', '사랑', '해요', '3000만', '큼']	4.633934532750977	1.91
155	155	znq6S0gnYpY	에고<br>신이면 뭐할래?	['에고', '신', '이면', '뭐', '할래']	-1.4010966149104074	-0.82
156	156	znq6S0gnYpY	(가슴 툭 툭)	['가슴', '툭', '툭']	0.0	0.0
157	157	znq6S0gnYpY	엔딩곡이 개 슬퍼 눈물 날 것 같아	['엔딩', '곡', '이', '개', '슬퍼', '눈물', '날', '것', '같아']	-3.0	-1.54
158	158	znq6S0gnYpY	Yondu Udonta, I will remember your heart forever. Until the day we meet as stars.	['Yondu', 'Udonta', 'I', 'will', 'remember', 'your', 'heart', 'forever', 'Until', 'the', 'day', 'we', 'meet', 'as', 'stars']	-1.1317935470134497	-0.52
159	159	znq6S0gnYpY	몇 달 전에 돌아가신 아버지 생각난다...	['몇', '달', '전', '에', '돌아가신', '아버지', '생각난다']	1.071496297717783	0.58
160	160	znq6S0gnYpY	힘내십쇼	['힘내십', '쇼']	0.0	0.0
161	161	znq6S0gnYpY	.....지금 ocn에서 가오갤 해줬는데.... 하아 다시봐도 ..... 레전드고 욘두는 영원한 아버지다.... 아아아아 ㅠㅠㅠ 진짜 폭풍눈물이 막....하....	['지금', 'ocn', '에서', '가오', '갤', '해줬는데', '하아', '다시', '봐도', '레전드', '고', '욘두', '는', '영원한', '아버지', '다', '아아', '아아', '진짜', '폭풍눈물', '이', '막하']	2.7708734980131835	1.18
162	162	znq6S0gnYpY	씨를뿌렸다고해서 애비가 아니지..	['씨', '를', '뿌렸다고', '해서', '애비', '가', '아니지']	-0.8021932298208203	-0.43
163	163	znq6S0gnYpY	욘두 우돈타는 진정한 아버지가 무엇임을 알게해주었다.	['욘', '두', '우', '돈', '타는', '진정한', '아버지', '가', '무엇', '임', '을', '알', '게', '해주었다']	1.718063881285896	0.8
164	164	znq6S0gnYpY	잘기워 주기 못해 미안하다	['잘', '기워', '주기', '못', '해', '미안하다']	-2.754529031342293	-1.55
165	165	znq6S0gnYpY	그는 그의 아들을 누구보다 사랑한 아버지입니다.<br><br>욘두는 그 누구보다 피터를 아끼고 사랑했습니다.	['그', '는', '그', '의', '아들', '을', '누구', '보다', '사랑', '한', '아버지', '입니다', '욘', '두는', '그', '누구', '보다', '피터', '를', '아끼고', '사랑', '했습니다']	4.670399682807375	1.99
166	166	znq6S0gnYpY	욘두행님ㅠㅠㅠㅠㅠㅠㅠㅠㅠㅠㅠㅠㅠㅠㅠㅠㅠㅠㅠ	['욘', '두', '행', '님']	0.0	0.0
167	167	znq6S0gnYpY	가오갤 2보고 다시 정주행 해보면 진짜 욘두 나올때마다 먹먹하고 욘두 죽을땐 울게되더라...ㅜㅠㅠㅜㅠㅠ	['가오', '갤', '2', '보고', '다시', '정', '주행', '해보면', '진짜', '욘', '두', '나올', '때', '마다', '먹', '먹하고', '욘', '두', '죽', '을', '땐', '울', '게', '되더라']	3.5862703342724496	1.51
168	168	znq6S0gnYpY	욘두..그는 우리의 마음속에 항상 살아있을거다..<br>탁..탁	['욘두그', '는', '우리', '의', '마음속', '에', '항상', '살아있을거다', '탁탁']	-0.3772645156711499	-0.19
169	169	znq6S0gnYpY	욘두우돈타의마지막말&#39;씨를뿌렷다고아버지는아니다.재대로키우지못해미안하다	['욘', '두우', '돈', '타의', '마지막', '말', '39', '씨', '를', '뿌렷다', '고', '아버지', '는', '아니', '다재', '대로', '키우지못해', '미안하다']	-0.5986053270473595	-0.27
170	170	znq6S0gnYpY	시리즈중에 가오갤이 최고임.. 감동사랑액션유머음악까지..	['시리즈', '중', '에', '가오', '갤이', '최고', '임', '감동', '사랑', '액션', '유머', '음악', '까지']	8.963534849943597	4.24
171	171	znq6S0gnYpY	이 장면에서 울었음ㅠㅠㅜ노래도 상황에 딱 맞는 노래여서ㅠㅜ	['이', '장면', '에서', '울었음', '노래', '도', '상황', '에', '딱', '맞는', '노래', '여서']	0.041610568305167295	0.02
172	172	znq6S0gnYpY	i know i have to go넘슬프다	['i', 'know', 'i', 'have', 'to', 'go', '넘', '슬프다']	-2.9761679007607387	-1.56
173	173	znq6S0gnYpY	&quot;나는 화살을 머리로 쏘는게 아니야,가슴으로 쏘지&quot; by 욘두 우돈타......<br>욘두 우돈타 별이 되어서 다시 만나자.......(탁 탁) 😢😢😢😢😭	['quot', '나', '는', '화살', '을', '머리', '로', '쏘는게', '아니야', '가슴', '으로', '쏘지', 'quot', 'by', '욘', '두', '우돈타욘', '두', '우', '돈타', '별', '이', '되어서', '다시', '만나자', '탁', '탁']	-0.9433488271612296	-0.39
174	174	znq6S0gnYpY	이 노래를 들으면 생각나는 사람은 욘두 밖에 없음 (밖이 아닌가?)	['이', '노래', '를', '들으면', '생각나는', '사람', '은', '욘', '두', '밖에', '없음', '밖', '이', '아닌가']	-0.15562564625270736	-0.07
175	175	znq6S0gnYpY	가오갤2를 세번넘게 봤는데. 처음 봤을땐 유쾌하게 웃기기만 했고. 두번째 봤을땐 코끝이 찡했고. 세번째 봤을땐 눈물이 펑펑 쏟아졌습니다.그리고 가오갤1을 다시 봤을땐 악당인줄만 알았던 욘두에게서 아버지의 모습이 다시 보였구요. 모든 마블영화를 다 보았지만 개인적으로 가오갤 시리즈가 최고라 생각합니다.ㅎ 이 노래가 다시듣고 싶어서 찾아봤더니 역시 좋네요 ㅎ	['가오', '갤', '2', '를', '세번', '넘게', '봤는데', '처음', '봤을', '땐', '유쾌하게', '웃기기만', '했고', '두번째', '봤을', '땐', '코끝', '이', '찡했고', '세번', '째', '봤을', '땐', '눈물', '이', '펑펑', '쏟아졌습니다', '그리고', '가오', '갤', '1', '을', '다시', '봤을', '땐', '악당', '인', '줄', '만', '알았던', '욘두', '에게서', '아버지', '의', '모습', '이', '다시', '보였구요', '모든', '마블', '영화', '를', '다', '보았지만', '개인', '적', '으로', '가오', '갤', '시리즈', '가', '최고', '라', '생각', '합니다', '이', '노래', '가', '다시', '듣고', '싶어서', '찾아봤더니', '역시', '좋네요']	-0.721746947230779	-0.25
176	176	znq6S0gnYpY	이 장면 마지막에 로켓의 눈물이 보이죠.. 자신과 닮았던 욘두가 떠나니까요...<br><br><br> 욘두 우돈타 별이 되서 다시 만납시다 퍽 퍽..	['이', '장면', '마지막', '에', '로켓', '의', '눈물', '이', '보이', '죠', '자신', '과', '닮았던', '욘두', '가', '떠나니까', '요', '욘', '두', '우', '돈타', '별', '이', '되서', '다시', '만납시다', '퍽', '퍽']	-4.617019510458771	-1.89
177	177	znq6S0gnYpY	@덩어리 마지막에 나와요	['덩어리', '마지막', '에', '나와요']	-0.37726451567114816	-0.24
178	178	znq6S0gnYpY	이대사 영화 마지막장면에 나오나요? 욘두 소각시키는것까지만 봤는데	['이', '대사', '영화', '마지막', '장면', '에', '나오나요', '욘', '두', '소각', '시키는것까지만', '봤는데']	-1.5193258968357704	-0.73
179	179	znq6S0gnYpY	내마음 속에 살아있는당신... 욘두,우돈타...	['내', '마음', '속', '에', '살아있는', '당신', '욘', '두우', '돈타']	-1.3534324164318836	-0.69
180	180	znq6S0gnYpY	인피니티워 에서 나오지 않았음에도... 나온거 같은...이..기분..  나뿐일까?	['인피니티', '워', '에서', '나오지', '않았음에도', '나온거', '같은', '이', '기분', '나', '뿐일까']	0.4665392824548413	0.23
181	181	znq6S0gnYpY	"<a href=""https://www.youtube.com/watch?v=znq6S0gnYpY&amp;t=1m20s"">1:20</a> 욘두......"	['120', '욘', '두']	0.0	0.0
182	182	znq6S0gnYpY	욘두다시 어벤져스4에서살아났으면 좋겠다ㅠ	['욘', '두', '다시', '어벤져스', '4', '에서', '살아났으면', '좋겠다']	-0.5572928167844199	-0.29
183	183	znq6S0gnYpY	등장,언급없음ㅠ	['등장', '언급', '없음']	0.6465675835681111	0.44
184	184	znq6S0gnYpY	@Alsrlc 대신 에고의 공격 한방에 쉽게 부서지는 모습을 보였죠	['Alsrlc', '대신', '에고', '의', '공격', '한', '방', '에', '쉽게', '부서지는', '모습', '을', '보였죠']	1.0660132231657355	0.5
185	185	znq6S0gnYpY	살아남으면 타노스 이길수도...화살 개빠르자나요! 퀵실버보다 빠름	['살아남으면', '타', '노스', '이길수', '도화살', '개', '빠르', '자나요', '퀵실버', '보다', '빠름']	-1.02383209923926	-0.5
186	186	znq6S0gnYpY	나도 😭😭	['나도']	0.6465675835681128	0.65
187	187	znq6S0gnYpY	요오오오오온두ㅜㅜㅜㅜㅜㅜㅠㅠㅠㅠㅠㅠㅠㅠㅠㅠㅠㅠㅠㅠㅠ욘두 우돈타ㅏㅏㅏㅏㅠㅠㅠㅡㅠㅠ	['요', '오오오오', '온', '두', '욘', '두', '우', '돈타']	-0.9761679007607372	-0.51
188	188	znq6S0gnYpY	욘..두....(ㅠ..ㅠ..	['욘', '두']	0.0	0.0
189	189	znq6S0gnYpY	욘두..........ego ㅅㄲ.....	['욘', '두', 'ego']	0.0	0.0
190	190	znq6S0gnYpY	어린 퀼이 귀여워서 잡아먹으려는거 내가 막았다고 장난치고 퀼을 많이 아끼면서도 속마음을 드러내지는 않고...... 실제로 표현을 잘못하시는 아빠들이 많아서 더 먹먹했음ㅠ	['어린', '퀼', '이', '귀여워서', '잡아먹으려는', '거', '내', '가', '막았다고', '장난', '치고', '퀼', '을', '많이', '아끼면서도', '속마음', '을', '드러내지는', '않고', '실제', '로', '표현', '을', '잘못', '하시는', '아빠', '들', '이', '많아서', '더', '먹', '먹', '했음']	-1.7306969321030352	-0.69
191	191	znq6S0gnYpY	ㅇ 맞아요 ㅠㅠ	['맞아요']	0.0	0.0
192	192	znq6S0gnYpY	욘두 보고싶다	['욘', '두', '보고싶다']	0.0	0.0
193	193	znq6S0gnYpY	욘두 우돈타 우릴 실망 시키지 않았어.	['욘', '두', '우', '돈타', '우릴', '실망', '시키지', '않았어']	-2.9761679007607373	-1.56
194	194	znq6S0gnYpY	욘두...우돈타<br>...흑흑....영화보고 울뻔한장면인데... 진짜 목숨은 한번이면 끝이구나..욘두........(팍!팍)	['욘', '두우', '돈타', '흑', '흑영', '화', '보고', '울', '뻔', '한', '장면', '인데', '진짜', '목숨', '은', '한번', '이', '면', '끝', '이구나', '욘', '두', '팍팍']	-1.886322578355744	-0.8
195	195	znq6S0gnYpY	It&#39;s not time to make a change <br>Just relax take it easy <br>You&#39;re still young <br>that&#39;s your fault <br>There&#39;s so much you have to know <br>Find a girl settle down <br>If you want you can marry <br>Look at me I am old but I&#39;m happy <br>I was once like you are now <br>and I know that it&#39;s not easy <br>To be calm when you&#39;ve found <br>something going on <br>But take your time think a lot <br>Why think of everything you&#39;ve got <br>For you will still be here tomorrow <br>But your dreams may not<br>How can I try to explain <br>Cause When I do he turns away again <br>It&#39;s always been the same <br>same old story <br>From the moment I could talk <br>I was ordered to listen <br>Now there&#39;s a way and I know <br>that I have to go away <br>I know I have to go<br><br>간주<br><br>It&#39;s not time to make a change <br>Just sit down take it slowly <br>You&#39;re still young <br>that&#39;s your fault <br>There&#39;s so much you <br>have to go through <br>Find a girl settle down <br>If you want you can marry <br>Look at me I am old but I&#39;m happy <br>All the times that I cried <br>Keeping all the things I knew inside <br>It&#39;s hard<br>but it&#39;s harder to ignore it<br>If they were right I&#39;d agree<br>But it&#39;s them they know not me<br>Now there&#39;s a way and I know<br>that I have to go away<br>I know I have to go	['It', '39', 's', 'not', 'time', 'to', 'make', 'a', 'change', 'Just', 'relax', 'take', 'it', 'easy', 'You', '39', 're', 'still', 'young', 'that', '39', 's', 'your', 'fault', 'There', '39', 's', 'so', 'much', 'you', 'have', 'to', 'know', 'Find', 'a', 'girl', 'settle', 'down', 'If', 'you', 'want', 'you', 'can', 'marry', 'Look', 'at', 'me', 'I', 'am', 'old', 'but', 'I', '39', 'm', 'happy', 'I', 'was', 'once', 'like', 'you', 'are', 'now', 'and', 'I', 'know', 'that', 'it', '39', 's', 'not', 'easy', 'To', 'be', 'calm', 'when', 'you', '39', 've', 'found', 'something', 'going', 'on', 'But', 'take', 'your', 'time', 'think', 'a', 'lot', 'Why', 'think', 'of', 'everything', 'you', '39', 've', 'got', 'For', 'you', 'will', 'still', 'be', 'here', 'tomorrow', 'But', 'your', 'dreams', 'may', 'notHow', 'can', 'I', 'try', 'to', 'explain', 'Cause', 'When', 'I', 'do', 'he', 'turns', 'away', 'again', 'It', '39', 's', 'always', 'been', 'the', 'same', 'same', 'old', 'story', 'From', 'the', 'moment', 'I', 'could', 'talk', 'I', 'was', 'ordered', 'to', 'listen', 'Now', 'there', '39', 's', 'a', 'way', 'and', 'I', 'know', 'that', 'I', 'have', 'to', 'go', 'away', 'I', 'know', 'I', 'have', 'to', 'go', '간주', 'It', '39', 's', 'not', 'time', 'to', 'make', 'a', 'change', 'Just', 'sit', 'down', 'take', 'it', 'slowly', 'You', '39', 're', 'still', 'young', 'that', '39', 's', 'your', 'fault', 'There', '39', 's', 'so', 'much', 'you', 'have', 'to', 'go', 'through', 'Find', 'a', 'girl', 'settle', 'down', 'If', 'you', 'want', 'you', 'can', 'marry', 'Look', 'at', 'me', 'I', 'am', 'old', 'but', 'I', '39', 'm', 'happy', 'All', 'the', 'times', 'that', 'I', 'cried', 'Keeping', 'all', 'the', 'things', 'I', 'knew', 'inside', 'It', '39', 's', 'hardbut', 'it', '39', 's', 'harder', 'to', 'ignore', 'itIf', 'they', 'were', 'right', 'I', '39', 'd', 'agreeBut', 'it', '39', 's', 'them', 'they', 'know', 'not', 'meNow', 'there', '39', 's', 'a', 'way', 'and', 'I', 'knowthat', 'I', 'have', 'to', 'go', 'awayI', 'know', 'I', 'have', 'to', 'go']	-11.832411448646884	-3.43
196	196	znq6S0gnYpY	김동욱 지금은 바꿀 시간이 아니란다<br>릴렉스하고 쉽게 생각하렴<br>너는 아직 어리잖니<br>너의 책임이란다<br>너거 얼아야할게 많단다<br>여자를 찾아 정착하렴<br>니가 원한다면 결혼해도 된단다<br>나를 보렴 나는 늙엇지만 행복하단다<br>나도 너엿을 적이 있었단다<br>나도 쉽지 않다는 걸 알아	['김동욱', '지금', '은', '바꿀', '시간', '이', '아니란', '다릴', '렉스', '하고', '쉽게', '생각', '하', '렴너', '는', '아직', '어리잖니', '너', '의', '책임', '이란', '다', '너거', '얼아', '야할게', '많단다', '여자', '를', '찾아', '정', '착하렴', '니', '가', '원한다면', '결혼', '해도', '된단다', '나를', '보렴', '나', '는', '늙', '엇', '지만', '행복하단다', '나도', '너엿', '을', '적', '이', '있었단다', '나도', '쉽지', '않다는', '걸', '알', '아']	5.311484191823438	1.93
197	197	znq6S0gnYpY	욘두 우돈타 별이 되서 만나자~	['욘', '두', '우', '돈타', '별', '이', '되서', '만나자']	-0.9761679007607372	-0.51
198	198	znq6S0gnYpY	하...욘두..그는..참..좋은 아버지였습니다..	['하', '욘', '두', '그', '는', '참', '좋은', '아버지', '였습니다']	3.0714962977177835	1.57
199	199	znq6S0gnYpY	욘두가 좋은 보호자는 아니였지만 마지막은 진짜 멋진 아빠였다	['욘두', '가', '좋은', '보호자', '는', '아니였지만', '마지막', '은', '진짜', '멋진', '아빠', '였다']	3.2090058186013035	1.54
200	200	znq6S0gnYpY	라바져스:그는우리를실망시키지않아소.	['라바', '져', '스그', '는', '우리', '를', '실망', '시키지', '않아소']	-2.3772645156711496	-1.22
201	201	znq6S0gnYpY	캬캬	['캬캬']	0.0	0.0
202	202	znq6S0gnYpY	아아... 그는 멋진 남자였어요.<br>엄마를 잃고 ×같은 신에게 자기 아들을 대려오라는 의뢰를 무시하고 라바져스에서 좇겨나면서 까지 스타로드를 자기가 키우고 우주를 지킬 수 있을 정도로 강하게 키웠으며 친아버지보다 더 아버지 같은 모습을 보인 욘두 우돈타. 제가 지금까지 본 영화 캐릭터 중 제일 기억에 남는 캐릭터 중 하나입니다.	['아아', '그', '는', '멋진', '남자였어요', '엄마', '를', '잃고', '같은', '신', '에게', '자기', '아들', '을', '대려오라는', '의뢰', '를', '무시', '하고', '라바져스', '에서', '좇겨나면', '서', '까지', '스타로드', '를', '자기', '가', '키우고', '우주', '를', '지킬', '수', '있을', '정도', '로', '강하게', '키웠으며', '친아버지', '보다', '더', '아버지', '같은', '모습', '을', '보인', '욘', '두', '우', '돈타', '제', '가', '지금', '까지', '본', '영화', '캐릭터', '중', '제일', '기억', '에', '남는', '캐릭터', '중', '하나', '입니다']	7.44387129680454	2.64
203	203	znq6S0gnYpY	@아무것도 안 하고 누워있기 친아버지 잃고 &#39;진짜&#39;아버지 잃고 여자친구도 잃었는데 안 그럴사람 어딨나요	['아무', '것', '도', '안', '하고', '누워있기', '친아버지', '잃고', '39', '진짜', '39', '아버지', '잃고', '여자친구', '도', '잃었는데', '안', '그럴', '사람', '어딨나요']	1.000298058042229	0.43
204	204	znq6S0gnYpY	그게 우주 최강의 트롤이 될 줄 누가 알았겠어...	['그게', '우주', '최강', '의', '트롤', '이', '될', '줄', '누가', '알았겠어']	-1.3772645156711498	-0.69
205	205	znq6S0gnYpY	ya ho 아 진짴ㅋㅋㅋㅋ	['ya', 'ho', '아', '진짴']	0.0	0.0
206	206	znq6S0gnYpY	하지만 그가 키운 자식은 자신을 포함해 우주의 절반목숨이 날아간다는..	['하지만', '그', '가', '키운', '자식', '은', '자신', '을', '포함', '해', '우주', '의', '절반', '목숨', '이', '날아간다는']	-2.7301263764817323	-1.24
207	207	znq6S0gnYpY	이 영하는 해피영환데 왜 나는 슬프지? ㅠㅠ	['이', '영하', '는', '해피', '영환', '데', '왜', '나', '는', '슬프지']	0.0	0.0
208	208	znq6S0gnYpY	욘두는 우릴 실망시키지 않았어	['욘두', '는', '우릴', '실망', '시키지', '않았어']	-2.706864832863774	-1.52
209	209	znq6S0gnYpY	욘두....당신은 도덕책.....	['욘', '두', '당신', '은', '도덕', '책']	0.0	0.0
210	210	znq6S0gnYpY	아 욘두아재 개인적으로 욘두 아재 좋았는데.	['아', '욘', '두아', '재', '개인', '적', '으로', '욘', '두', '아', '재', '좋았는데']	1.0089869743602449	0.49
211	211	znq6S0gnYpY	욘두 우돈타, 그는 은하수의화살이 되어 지금도 온 우주를 여행하고 있습니다<br>욘두를 위하여....(팍,팍)	['욘', '두', '우', '돈타', '그', '는', '은하수', '의', '화살', '이', '되어', '지금', '도', '온', '우주', '를', '여행', '하고', '있습니다', '욘', '두를', '위', '하여', '팍팍']	-0.15562564625270958	-0.07
212	212	znq6S0gnYpY	욘두 우돈타는 그저 나쁜사람인줄알았지만 욘두는 퀼피터의 진전한 아버지였다.. 이장면보고 레알  울컥함 좋아요 구독누르고 갑니다..	['욘', '두', '우', '돈', '타는', '그저', '나쁜사람', '인', '줄', '알았지만', '욘두', '는', '퀼피터', '의', '진전', '한', '아버지', '였다', '이장면', '보고', '레알', '울컥', '함', '좋아요', '구독', '누르고', '갑니다']	1.6101024335117116	0.66
213	213	znq6S0gnYpY	진정한	['진정한']	0.6465675835681128	0.65
214	214	znq6S0gnYpY	윤계원 난울어음	['윤계', '원', '난울어음']	0.0	0.0
215	215	znq6S0gnYpY	마지막에 욘두 별화살로 변한거 보고 속으로 &#39;예쁘다.&#39;라고 말하면서 울었음	['마지막', '에', '욘', '두', '별', '화살', '로', '변한거', '보고', '속', '으로', '39', '예쁘다', '39', '라고', '말', '하면서', '울었음']	4.009285032402474	1.78
216	216	znq6S0gnYpY	&#39;헬라&#39;와 닮은 여자:욘두 우돈타,별이 되어 만나자 (가슴 팍!팍!)	['39', '헬라', '39', '와', '닮은', '여자욘', '두', '우', '돈', '타', '별', '이', '되어', '만나자', '가슴', '팍팍']	-0.6701016247651407	-0.3
217	217	znq6S0gnYpY	반갑습니다.(가슴 팍!팍!)	['반갑습니다', '가슴', '팍팍']	0.0	0.0
218	218	znq6S0gnYpY	이 노래 너무 조아	['이', '노래', '너무', '조아']	0.2216388694184408	0.14
219	219	znq6S0gnYpY	다운어떻게하지..	['다운', '어떻', '게', '하', '지']	0.0	0.0
220	220	znq6S0gnYpY	에고 보다는 욘두...	['에고', '보다는', '욘', '두']	-1.4010966149104074	-0.87
221	221	znq6S0gnYpY	조준휘 에고는 걍 개새끼죠 ....	['조준휘', '에고', '는', '걍', '개새끼', '죠']	-3.4010966149104074	-1.91
222	222	znq6S0gnYpY	욘두 우돈타,별이 되어 만나자.	['욘', '두', '우', '돈', '타', '별', '이', '되어', '만나자']	0.0	0.0
223	223	znq6S0gnYpY	마지막에 가슴 치는 거 탁..탁..	['마지막', '에', '가슴', '치는', '거', '탁탁']	-0.37726451567114816	-0.21
224	224	znq6S0gnYpY	욘두는 내 마음 속에 살아있다늘 나쁜 사람인줄만 알았다. 하지만 진심으로 퀼 피터를 사랑했던 것 같다. 이번 영화를 보면서 울뻔 했다. 욘두가 진정한 아버지가 아닐까? 싶다...	['욘두', '는', '내', '마음', '속', '에', '살아있다', '늘', '나쁜', '사람인', '줄', '만', '알았다', '하지만', '진심', '으로', '퀼', '피터', '를', '사랑', '했던', '것', '같다', '이번', '영화', '를', '보면서', '울', '뻔', '했다', '욘두', '가', '진정한', '아버지', '가', '아닐까', '싶다']	-3.4213570468442143	-1.33
225	225	znq6S0gnYpY	가슴 팍팍, 경례 척.	['가슴', '팍팍', '경례', '척']	0.0	0.0
226	226	znq6S0gnYpY	이거보고 운 1인 ㅠㅠㅠ 영화 끝에 너무슬펏오	['이', '거', '보고', '운', '1', '인', '영화', '끝', '에', '너무슬펏오']	1.4806741031642263	0.74
227	227	znq6S0gnYpY	ㅇㅈ합니다...당연하죠	['합니다', '당연하죠']	-1.4010966149104074	-1.08
228	228	znq6S0gnYpY	3인	['3', '인']	0.0	0.0
229	229	znq6S0gnYpY	2인	['2', '인']	0.0	0.0
230	230	znq6S0gnYpY	나도 울다맘	['나도', '울다', '맘']	-1.3534324164318872	-0.92
231	231	znq6S0gnYpY	욘두 우돈타 바늘 날리는 것이 그립다........그리고 감사합니다라고 전해주고싶다....	['욘', '두', '우', '돈타', '바늘', '날리는', '것', '이', '그립다', '그리고', '감사합니다라고', '전', '해주고싶다']	0.6703996828073738	0.32
232	232	znq6S0gnYpY	정말좋아요!!	['정말', '좋아요']	-0.3772645156711464	-0.29
233	233	znq6S0gnYpY	고마워요!!!	['고마워요']	0.0	0.0
234	234	znq6S0gnYpY	욘두 우단타....	['욘', '두', '우단', '타']	0.0	0.0
235	235	znq6S0gnYpY	욘두 생각난다.....	['욘', '두', '생각난다']	0.0	0.0
236	236	znq6S0gnYpY	존멋로스 욘두개인적명대사&quot;잘키워주지못해서 미안하다.   &quot;	['존멋', '로스', '욘', '두', '개인', '적', '명대사', 'quot', '잘', '키워주지못', '해서', '미안하다', 'quot']	-2.4668769387581158	-1.17
237	237	znq6S0gnYpY	언제나 딩신을 기억 할것입니다 욘두............	['언제나', '딩신', '을', '기억', '할것', '입니다', '욘', '두']	0.26930306789696645	0.14
238	238	znq6S0gnYpY	누가보면이러게다.     요두한테 등신이라고했냐!?ㅇㅈ?	['누가', '보면이러', '게다', '요', '두', '한테', '등신', '이라고', '했냐']	-1.4010966149104112	-0.72
239	239	znq6S0gnYpY	조준휘 웃기잖아영 장난이에여 그걸 그렇게 심각하게 받아드렸네영...  ㅈㅅ	['조준휘', '웃기잖', '아영', '장난', '이', '에여', '그걸', '그렇게', '심각하게', '받아', '드렸', '네', '영']	-1.3534324164318872	-0.64
240	240	znq6S0gnYpY	정한선 오타날수도 있는데 뭐 그렇게까지 합니까?	['정', '한선', '오', '타', '날수', '도', '있는데', '뭐', '그렇게', '까지', '합', '니까']	3.538606135793926	1.7
241	241	znq6S0gnYpY	김태석 ㅋㅋㅋㅋㅋㅋ딬ㅋㅋ딩ㅋㅋㅋㅋ딩신ㅋㅋㅋㅋㅋㅋㅋㅋ ㅋㅋ ㅋㅋ뭐얔ㅋ	['김태석', '딬딩딩신', '뭐얔']	0.0	0.0
242	242	znq6S0gnYpY	한글 가사...	['한글', '가사']	0.0	0.0
243	243	znq6S0gnYpY	지금을 이미 올린상태라 한글가사을 넣지 못합니다... 죄송합니다...ㅠㅠ	['지금', '을', '이미', '올린', '상태', '라', '한글', '가', '사을', '넣지', '못', '합니다', '죄송합니다']	-2.910154677595004	-1.38
