,영화명,개봉일
0,극한직업,2019-01-23
1,어벤져스: 엔드게임,2019-04-24
5,엑시트,2019-07-31
6,스파이더맨: 파 프롬 홈,2019-07-02
8,캡틴 마블,2019-03-06
9,조커,2019-10-02
10,봉오동 전투,2019-08-07
11,라이온 킹,2019-07-17
12,나쁜 녀석들: 더 무비,2019-09-11
13,82년생 김지영,2019-10-23
14,분노의 질주: 홉스&쇼,2019-08-14
15,토이 스토리 4,2019-06-20
16,돈,2019-03-20
17,악인전,2019-05-15
18,가장 보통의 연애,2019-10-02
19,말모이,2019-01-09
20,증인,2019-02-13
22,블랙머니,2019-11-13
23,터미네이터: 다크 페이트,2019-10-30
24,사바하,2019-02-20
25,타짜: 원 아이드 잭,2019-09-11
26,신의 한 수: 귀수편,2019-11-07
27,알리타: 배틀 엔젤,2019-02-05
28,내안의 그놈,2019-01-09
29,뺑반,2019-01-30
30,변신,2019-08-21
31,주먹왕 랄프 2: 인터넷 속으로,2019-01-03
32,걸캅스,2019-05-09
33,사자,2019-07-31
34,아쿠아맨,2018-12-19
35,드래곤 길들이기 3,2019-01-30
36,나의 특별한 형제,2019-05-01
37,어스,2019-03-27
38,말레피센트 2,2019-10-17
39,유열의 음악앨범,2019-08-28
40,퍼펙트맨,2019-10-02
41,포드 V 페라리,2019-12-04
42,생일,2019-04-03
43,"힘을 내요, 미스터 리",2019-09-11
44,항거:유관순 이야기,2019-02-27
45,장사리 : 잊혀진 영웅들,2019-09-25
46,마이펫의 이중생활 2,2019-07-31
47,롱 리브 더 킹: 목포 영웅,2019-06-19
48,쥬만지: 넥스트 레벨,2019-12-11
49,존 윅 3: 파라벨룸,2019-06-26
50,남산의 부장들,2020-01-22
51,다만 악에서 구하소서,2020-08-05
52,반도,2020-07-15
53,히트맨,2020-01-22
54,테넷,2020-08-26
55,백두산,2019-12-19
56,#살아있다,2020-06-24
57,강철비2: 정상회담,2020-07-29
58,담보,2020-09-29
59,닥터 두리틀,2020-01-08
60,삼진그룹 영어토익반,2020-10-21
61,정직한 후보,2020-02-12
62,도굴,2020-11-04
63,클로젯,2020-02-05
64,오케이 마담,2020-08-12
65,해치지않아,2020-01-15
66,천문: 하늘에 묻는다,2019-12-26
67,결백,2020-06-10
68,1917,2020-02-19
69,작은 아씨들,2020-02-12
70,미드웨이,2019-12-31
71,시동,2019-12-18
72,지푸라기라도 잡고 싶은 짐승들,2020-02-19
73,미스터 주: 사라진 VIP,2020-01-22
74,인비저블맨,2020-02-26
75,나쁜 녀석들: 포에버,2020-01-15
76,국제수사,2020-09-29
77,침입자,2020-06-04
78,스타워즈: 라이즈 오브 스카이워커,2020-01-08
79,스파이 지니어스,2020-01-22
80,이웃사촌,2020-11-25
81,온워드: 단 하루의 기적,2020-06-17
82,소리도 없이,2020-10-15
83,버즈 오브 프레이(할리 퀸의 황홀한 해방),2020-02-05
84,원더 우먼 1984,2020-12-23
85,겨울왕국 2,2019-11-21
86,오! 문희,2020-09-02
87,그린랜드,2020-09-29
88,위대한 쇼맨,2017-12-20
89,런,2020-11-20
90,뮬란,2020-09-17
91,내가 죽던 날,2020-11-12
92,기생충,2019-05-30
93,신비아파트 극장판 하늘도깨비 대 요르문간드,2019-12-19
94,프리즌 이스케이프,2020-05-06
95,검객,2020-09-23
96,조제,2020-12-10
97,사라진 시간,2020-06-18
98,밤쉘: 세상을 바꾼 폭탄선언,2020-07-08
99,알라딘,2019-05-23
