	Unnamed: 0	id	sentence	comment_cut	score	ratio
0	0	0nfGtoEm1O0	헐 너무 귀엽다ㅠㅠㅠㅠㅠㅍ	['헐', '너무', '귀엽다']	2.0	1.35
1	1	iFBICttiOcg	멋지네요~<br>당신의 용기<br>친하게 지내고 싶어요	['멋지네요', '당신', '의', '용기', '친하게', '지내고', '싶어요']	3.0	1.63
2	2	iFBICttiOcg	박준영변호사 그 솔직함에 대공감합니다  우리속에 변호사<br>우리속에 사법시스템을 바래봅니다	['박준영', '변호사', '그', '솔직함에', '대', '공감', '합니다', '우리', '속', '에', '변호사', '우리', '속', '에', '사법', '시스템', '을', '바', '래', '봅니다']	1.9393699330772651	0.84
3	3	vIlqqsp2yRE	역시 문재인, &quot;새끼&quot;라는 단어가 욕 할 수 있는 한계치라고 하시는 분.<br>이런 분이 대통령이 되어야, 국민들의 눈물을 닦아 줄 수 있다고 믿습니다.<br>인격적인 인성이 바르게 되신 분. 응원합니다.	['역시', '문재인', 'quot', '새끼', 'quot', '라는', '단어', '가', '욕', '할', '수', '있는', '한계치라고', '하시는', '분', '이런', '분', '이', '대통령', '이', '되어야', '국민', '들', '의', '눈물', '을', '닦아', '줄', '수', '있다고', '믿습니다', '인격', '적', '인', '인성', '이', '바르게', '되신', '분', '응원', '합니다']	-1.6550883870859106	-0.63
4	4	vIlqqsp2yRE	문대표님.박변호사님 존경합니다	['문', '대표', '님', '박', '변호사', '님', '존경', '합니다']	2.7128044279585093	1.43
5	5	vIlqqsp2yRE	문님사랑하고존경합니다♡재심보러가야징	['문', '님', '사랑', '하고', '존경', '합니다', '재심', '보러가야', '징']	4.471035431516698	2.29
6	6	vIlqqsp2yRE	박준영변호사님  존경스럽습니다. 박변호사님 같은 인권변호사가 더 존경받는 사회가 되길 바랍니다. 문님 그런사회 만들어주세요.	['박준영', '변호사', '님', '존경', '스럽습니다', '박', '변호사', '님', '같은', '인권', '변호사', '가', '더', '존경', '받는', '사회', '가', '되길', '바랍니다', '문', '님', '그런', '사회', '만들어주세요']	4.027288554342807	1.69
7	7	vIlqqsp2yRE	문제인. 북한으로가시죠	['문제', '인', '북한', '으로', '가시', '죠']	-1.5543122344752194e-15	-0.0
8	8	vIlqqsp2yRE	자주 소통해요! 오늘도 즐거운 하루 보내세요	['자주', '소통', '해요', '오늘', '도', '즐거운', '하루', '보내세요']	2.0	1.05
9	9	vIlqqsp2yRE	다른 야당과 제대로 연대도 못하고..<br>제1야당이 지금 국민을 대변 하고<br>있는지...왜 후보간 정책 토론을<br>안하는지... 정치인돌 다 똑같다는<br>생각이 든다	['다른', '야당', '과', '제대로', '연대', '도', '못', '하고', '제', '1', '야당', '이', '지금', '국민', '을', '대변', '하고있는지', '왜', '후보', '간', '정책', '토론', '을', '안하는지', '정치', '인돌', '다', '똑같다는', '생각', '이', '든다']	4.002183258684683	1.61
10	10	vIlqqsp2yRE	때가아님	['때', '가', '아님']	0.0	0.0
11	11	vIlqqsp2yRE	Young Jun Choi  토론 일정이 정해지지 않았는데 어떻게 토론을 할까요  프로야구 조차도 일정대로 경기를 치러죠  어느 한팀이 시즌 개막전에 시즌 시작을 요구하는 것이 옳을까요	['Young', 'Jun', 'Choi', '토론', '일정', '이', '정해지지', '않았는데', '어떻게', '토론', '을', '할까', '요', '프로야구', '조차도', '일정', '대로', '경기', '를', '치러죠', '어느', '한', '팀', '이', '시즌', '개막전', '에', '시즌', '시작', '을', '요구', '하는', '것', '이', '옳을까요']	-1.3652123889719738	-0.54
12	12	vIlqqsp2yRE	Young Jun Choi 다른야당과 제대로 연대하지않았다면 탄핵과 특검법이 통과됐을까요	['Young', 'Jun', 'Choi', '다른', '야당', '과', '제대로', '연대', '하지', '않았다면', '탄핵', '과', '특검법', '이', '통과', '됐을까요']	2.2188469594683884	1.01
13	13	vIlqqsp2yRE	문간지	['문간', '지']	0.0	0.0
14	14	vIlqqsp2yRE	시작부터 울리고 울다가 웃고 불의에 분노케 한 영화.연기자들의 연기도 좋았고 무엇보다 억울하게  누명을 쓰고 살아야 했던 현우가.또 다른 그들이 나를.넘가슴.아프게했다.변화된.세상을바래본다🍀	['시작', '부터', '울리고', '울', '다가', '웃고', '불의', '에', '분노', '케', '한', '영화', '연기자', '들', '의', '연기', '도', '좋았고', '무엇', '보다', '억울하게', '누명', '을', '쓰고', '살아야', '했던', '현우', '가', '또', '다른', '그', '들', '이', '나를', '넘', '가슴', '아프게', '했다', '변화', '된', '세상', '을', '바', '래', '본다']	-6.000000000000004	-2.26
15	15	vIlqqsp2yRE	현란한 감언이설과 알맹이없는 빈쭉정이 워딩이 아닌, 살아오신 삶으로 보여주시는 문재인.	['현란한', '감언이설', '과', '알맹이', '없는', '빈', '쭉정이', '워딩', '이', '아닌', '살아오신', '삶', '으로', '보여주시는', '문재인']	-0.07102903864555304	-0.03
16	16	vIlqqsp2yRE	억울하게 범죄자로 몰리고 억울한누명쓰는 사람들이 없는나라에서 살고싶습니다. 국선변호사들도 대충 사건 마무리하지말아야합니다.	['억울하게', '범죄자', '로', '몰리', '고', '억울한', '누명', '쓰는', '사람', '들', '이', '없는', '나라', '에서', '살고싶습니다', '국선', '변호사', '들', '도', '대충', '사건', '마무리', '하지말아야', '합니다']	-4.716573364230007	-1.98
17	17	vIlqqsp2yRE	옛날에 2학년인가? 그때 박근혜 대통령 됐었을때   막  노래 지어서 막 불렀는데<br>박근혜는 싫다고~~~소리를 쳐봐도 내말은 좃도 안듣는다!!<br>문재인 돌아와라!  막 이랬는데 생각난다 ㅋㄱ	['옛날', '에', '2', '학년', '인가', '그때', '박근혜', '대통령', '됐었을', '때', '막', '노래', '지어서', '막', '불렀는데', '박근혜', '는', '싫다고', '소리', '를', '쳐', '봐도', '내', '말', '은', '좃', '도', '안', '듣는다', '문재인', '돌아와라', '막', '이랬는데', '생각난다']	-3.0633104929951824	-1.21
18	18	vIlqqsp2yRE	nice........ really... only one truth..	['nice', 'really', 'only', 'one', 'truth']	0.0	0.0
19	19	vIlqqsp2yRE	이징징.  민주당. 문재인탓하며. &quot;을&quot;코스프레하는거면 그만하자.  <br>지겹다. 보이콧??  맨날 변명이잇고. 피해의식만 가득하니... <br> 손가락이나 이징징이나...민주당먹칠그만하자 지겹다	['이', '징징', '민주당', '문재인', '탓', '하', '며', 'quot', '을', 'quot', '코스프레', '하는거면', '그만하자', '지겹다', '보이콧', '맨날', '변명', '이', '잇고', '피해', '의식', '만', '가득하니', '손가락', '이나', '이', '징징', '이나', '민주당', '먹', '칠', '그만', '하자', '지겹다']	-4.4362414276175235	-1.75
20	20	vIlqqsp2yRE	파산변호사 박준영변호사님과 문대표님이 한자리에 계시는것을 보니 가슴이 뭉클하네요<br>맞아요. 문재인은 항상 약자의 편에 서 계셨습니다.<br>영화 꼭 보러갈게요	['파산', '변호사', '박준영', '변호사', '님', '과', '문', '대표', '님', '이', '한자리', '에', '계시는것을', '보니', '가슴', '이', '뭉클하네요', '맞아요', '문재인', '은', '항상', '약자', '의', '편', '에', '서', '계셨습니다', '영화', '꼭', '보러', '갈게요']	4.094906399550469	1.64
21	21	vIlqqsp2yRE	점점 사이다고구마셔ㅎㅎ	['점점', '사이다', '고구', '마셔']	0.0	0.0
22	22	vIlqqsp2yRE	눈물난다ㅠㅠ	['눈물난다']	0.0	0.0
23	23	vIlqqsp2yRE	역시 따뜻한분<br>지금까지 살아온 정의로운 길<br>꼭 대통령이 되셔서 살아오신 그대로 국민을 지켜주세요<br>응원합니다	['역시', '따뜻한', '분지', '금', '까지', '살아온', '정의', '로운', '길꼭', '대통령', '이', '되셔서', '살아오신', '그대로', '국민', '을', '지켜주세요', '응원', '합니다']	4.503859272825184	1.98
24	24	vIlqqsp2yRE	문재인 가장 따뜻하신분	['문재인', '가장', '따뜻하', '신분']	-0.07102903864555153	-0.04
25	25	vIlqqsp2yRE	문재인 대표님 ~ 든든한 큰오라버니 같으신... 존경하고 지지합니다!	['문재인', '대표', '님', '든든한', '큰', '오라버니', '같으신', '존경', '하고', '지지', '합니다']	1.6166700936548408	0.79
26	26	vIlqqsp2yRE	세상에서 제일 억울한 일이 &#39;누명&#39;입니다.<br>억울한 누명의 인생, 그 피맺힌 한을 꼭 풀어줘야 합니다.<br>국가는 사과하고<br>반드시 보상하라!<br>절대로 이런 일이 반복되지 않게 하라!	['세상', '에서', '제일', '억울한', '일이', '39', '누명', '39', '입니다', '억울한', '누명', '의', '인생', '그', '피맺힌', '한을', '꼭', '풀어줘야', '합니다', '국가', '는', '사과', '하고', '반드시', '보상', '하', '라', '절대로', '이런', '일이', '반복', '되지', '않게', '하라']	-4.453131010237515	-1.76
27	27	vIlqqsp2yRE	재심 문재인 <br>재수에 강한 문재인<br>재수 대통령 문재인<br>재수없어....<br>.<br>.<br>.<br>너무 흠이 없어 재수없어 ^0^오에~	['재심', '문재인', '재수', '에', '강한', '문재인', '재수', '대통령', '문재인', '재수없어', '너무', '흠', '이', '없어', '재수없어', '0', '오', '에']	-0.010398971722817896	-0.0
28	28	vIlqqsp2yRE	사회적 약자들에 대한 공감능력이 절실한 현시점에서~~문재인 전대표님께 희망을 느낍니다^^	['사회', '적', '약자', '들', '에', '대한', '공감', '능력', '이', '절실', '한', '현', '시점', '에서', '문재인', '전', '대표', '님', '께', '희망', '을', '느낍니다']	3.510847051110113	1.5
29	29	vIlqqsp2yRE	약자의 말에 귀기울여 주는 사회. 사람이 먼저인 세상 꼭 만들어주세요!!. 문대표님 존경합니다!!	['약자', '의', '말', '에', '귀', '기울여', '주는', '사회', '사람', '이', '먼저', '인', '세상', '꼭', '만들어주세요', '문', '대표', '님', '존경', '합니다']	2.5154073126282577	1.09
30	30	vIlqqsp2yRE	내가정말좋아하는두분이다~~~~~~~~	['내', '가정', '말', '좋아하는두', '분', '이다']	0.0	0.0
31	31	vIlqqsp2yRE	P Sss 정말 사람이 먼저네요	['P', 'Sss', '정말', '사람', '이', '먼저', '네', '요']	-0.25802718225298105	-0.14
32	32	vIlqqsp2yRE	억울함으로 서러운 일이 없도록 없는 사람을 살펴주세요.	['억울함으로', '서러운', '일이', '없도록', '없는', '사람', '을', '살펴주세요']	-2.258027182252981	-1.19
33	33	vIlqqsp2yRE	문재인대표님  꼭  대통령  되셔서  힘없고  백도  없고  돈도 없어서  억울하게  감옥에  갔거나  감옥에  갔다온  사람들을 위해 국가운영단체  재심변호단 만들어주세요	['문재인', '대표', '님', '꼭', '대통령', '되셔서', '힘없고', '백도', '없고', '돈', '도', '없어서', '억울하게', '감옥', '에', '갔거나', '감옥', '에', '갔다', '온', '사람', '들', '을', '위해', '국가', '운영', '단체', '재심', '변호', '단', '만들어주세요']	-4.1374978157729565	-1.66
34	34	vIlqqsp2yRE	영상보고 느낀점 문재인 삶은 진실하고<br>아름답다..낮은 사람의 따뜻한 친구#문재인 사랑,존경,무한지지합니다~♡	['영상', '보고', '느낀', '점', '문재인', '삶은', '진실하고', '아름답다', '낮은', '사람', '의', '따뜻한', '친구', '문재인', '사랑', '존경', '무한', '지지', '합니다']	7.444378273982711	3.27
35	35	vIlqqsp2yRE	나두 재심 영화봤었는데  정말 성질나고 억울하고 잔잔하면서도 큰 울림이 있었던 영화였다.  집와서 검색해보고 그래도 무죄선고받고 실제주인공은 가정도 이루고.. 얼마나 내가 뿌듯하던지~~^^문재인대표님도 보셨다니 기쁨이 두배가되네♡	['나', '두', '재심', '영화', '봤었는데', '정말', '성질', '나고', '억울하고', '잔잔하면서도', '큰', '울림', '이', '있었던', '영화', '였다', '집', '와', '서', '검색', '해보고', '그래도', '무죄', '선고', '받고', '실제', '주인공', '은', '가정', '도', '이루고', '얼마나', '내', '가', '뿌듯하던지', '문재인', '대표', '님', '도', '보셨다니', '기쁨', '이', '두', '배', '가', '되네']	2.9818824826268084	1.12
36	36	vIlqqsp2yRE	문대표님이 하실일이 많습니다~꼭 대통령 되셔야 합니다.꼭!	['문', '대표', '님', '이', '하실', '일이', '많습니다', '꼭', '대통령', '되셔야', '합니다', '꼭']	0.9120813787344579	0.44
37	37	vIlqqsp2yRE	아~영상 잘 볼게요#문재인 재심팀 홧팅.	['아영', '상', '잘', '볼게요', '문재인', '재심', '팀', '홧팅']	1.3470948715987825	0.71
38	38	vIlqqsp2yRE	이번주에 보러갑니다..  문재인 대표님  고맙습니다..	['이번', '주', '에', '보러', '갑니다', '문재인', '대표', '님', '고맙습니다']	0.5637585723824776	0.29
39	39	vIlqqsp2yRE	동분서주 바쁘신 그사람 문재인~<br>늘 응원합니다. 감사합니다.화이팅!!!	['동분서주', '바쁘신', '그', '사람', '문재인', '늘', '응원', '합니다', '감사합니다', '화이팅']	1.6709437791014663	0.84
40	40	vIlqqsp2yRE	꼭 보러가겠습니다~	['꼭', '보러가겠습니다']	0.0	0.0
41	41	vIlqqsp2yRE	존경합니다. 캬..	['존경', '합니다', '캬']	1.6347876110280293	1.11
42	42	vIlqqsp2yRE	재심   너무나 감동적입니다<br>아직안보신분 있다면<br>꼭보세요^^	['재심', '너무나', '감동', '적', '입니다', '아직', '안보', '신분', '있다면', '꼭', '보세요']	1.5567707940975477	0.76
43	43	vIlqqsp2yRE	헐  실화영화인줄 몰랏어여..ㅠㅠ 꼭 봐야겟습니다	['헐', '실화', '영화인', '줄', '몰랏어', '여', '꼭', '봐야겟습니다']	0.0	0.0
44	44	vIlqqsp2yRE	문재인이 꼭 대통령이 되야할 이유 한가지를 또 봅니다.	['문재인', '이', '꼭', '대통령', '이', '되', '야할', '이유', '한가지', '를', '또', '봅니다']	-0.42852288196715177	-0.21
45	45	vIlqqsp2yRE	문재인빳팅	['문재인', '빳팅']	-0.07102903864555149	-0.05
46	46	vIlqqsp2yRE	억울한 분들이 없는 세상이 왔으면 좋겠습니다<br>재심에 꼭 성공할 겁니다♡	['억울한', '분', '들', '이', '없는', '세상', '이', '왔으면', '좋겠습니다', '재심', '에', '꼭', '성공할', '겁니다']	-3.3045823220492405	-1.54
47	47	vIlqqsp2yRE	박준영 변호사님 존경합니다.<br>앞으로도 쭈욱 힘내주세요.	['박준영', '변호사', '님', '존경', '합니다', '앞', '으로도', '쭈욱', '힘내주세요']	2.939369933077265	1.5
48	48	vIlqqsp2yRE	문대표님 억울한 사람들 다시 많이 구제바랍니다.	['문', '대표', '님', '억울한', '사람', '들', '다시', '많이', '구제', '바랍니다']	-3.345945803518524	-1.67
49	49	tUROiNbRxIk	그 두 검사 사생헐 폭로부탁	['그', '두', '검사', '사생', '헐', '폭로', '부탁']	0.0	0.0
50	50	tUROiNbRxIk	저 변호사 양반 진짜 국회로 보내야 한다.	['저', '변호사', '양반', '진짜', '국회', '로', '보내야', '한다']	0.4432292059024509	0.23
51	51	tUROiNbRxIk	공권력이 한 사람의 인생을 너무나 간단히 뭉개버릴 수 있다는 것을 절실히 깨달았습니다.	['공권력', '이', '한', '사람', '의', '인생', '을', '너무나', '간단히', '뭉', '개', '버릴', '수', '있다는', '것', '을', '절실', '히', '깨', '달았습니다']	-0.25802718225298105	-0.11
52	52	awpXcRk_FwY	오	['오']	0.0	0.0
53	53	awpXcRk_FwY	특검 연장	['특검', '연장']	0.0	0.0
54	54	Wd4v12BPjak	🛇🚫🛇🚫🛇🚫🛇🚫🛇	[]	0.0	-0.0
55	55	Wd4v12BPjak	진심걱정이돼서하는말 손석희말도이해가부족한데 어떻게세계정상들과깜깜하네요	['진심', '걱정', '이', '돼서', '하는말', '손석희', '말', '도', '이해', '가', '부족한데', '어떻게', '세계', '정상', '들', '과', '깜깜', '하네요']	-1.861353116146788	-0.83
56	56	Wd4v12BPjak	약자돕는데쓴돈  0%인문재인속과겉이다른사람착한모습에가려진그네모습 오래된사람이라때가많이묻었다 발의건이한건도없고 이행율또한없다시피한저후보를어쩌쓰까	['약자', '돕는데', '쓴', '돈', '0', '인', '문재인', '속', '과', '겉', '이', '다른사람', '착한', '모습', '에', '가려진', '그네', '모습', '오래된', '사람', '이라', '때', '가', '많이', '묻었다', '발의', '건', '이', '한', '건', '도', '없고', '이행', '율', '또한', '없다시피', '한', '저', '후보', '를', '어쩌', '쓰까']	1.1748030519266492	0.45
57	57	Wd4v12BPjak	따뜻한마음이느껴집니다 사랑합니다♡	['따뜻한', '마음', '이', '느껴집니다', '사랑', '합니다']	4.634787611028028	2.61
58	58	Wd4v12BPjak	엄궁동 살인사건의 범인으로 몰린 사람들의 무죄를 확신했고 가장 한이 되었던 사건 이였다면 노무현대통령 때 그 사람들 구하셨어야 하지 않나요? 그때는 왜 안했나요? 바빠서 못했나요? 까먹고 안했나요? <br>대통령 되어서 할려고 안했나요?<br>엄궁동 사건을 박준영 변호사가 재심 성공 해서 무죄 판결 받으면 문재인씨는? 진짜 문죄인 • • •	['엄궁동', '살인', '사건', '의', '범인', '으로', '몰린', '사람', '들', '의', '무죄', '를', '확신', '했고', '가장', '한', '이', '되었던', '사건', '이였다면', '노무현', '대통령', '때', '그', '사람', '들', '구', '하셨어야', '하지', '않나요', '그때', '는', '왜', '안', '했나요', '바빠서', '못', '했나요', '까먹고', '안', '했나요', '대통령', '되어서', '할려고', '안', '했나요', '엄궁동', '사건', '을', '박준영', '변호사', '가', '재심', '성공', '해서', '무죄', '판결', '받으면', '문재인', '씨', '는', '진짜', '문죄인']	-0.7170705316177688	-0.26
59	59	Wd4v12BPjak	망치 Guy ㄷ	['망치', 'Guy']	0.0	0.0
60	60	Wd4v12BPjak	멍멍김 <br>그럼 억지좀... 법조계를 떠났으니 나몰라라 해버렸다.??<br>말귀를 못일아 듣나요? <br>권력을 잡았을때 부조리와 부패한것을 바로 잡아서 본인의 한도 풀고 부당하게 범인이된 억울한 분들의 한도 풀었어야 함을 지적 한건데..<br>그때 안해 놓고 지금와서 대통령 되면 사법개혁 약속 한다고? 대통령되면 무슨 권한으로 할려나? 	['멍멍', '김', '그럼', '억지', '좀', '법조', '계', '를', '떠났으니', '나', '몰라라', '해', '버렸다말', '귀', '를', '못', '일아', '듣나요', '권력', '을', '잡았을', '때', '부조리', '와', '부패한것을', '바로', '잡아서', '본인', '의', '한도', '풀', '고', '부당하게', '범인', '이', '된', '억울한', '분', '들', '의', '한도', '풀었어야', '함', '을', '지적', '한건데', '그때', '안해', '놓고', '지금', '와', '서', '대통령', '되면', '사법', '개혁', '약속', '한다고', '대통령', '되면', '무슨', '권한', '으로', '할려나']	-16.44541246458715	-5.86
61	61	Wd4v12BPjak	억지부리지마세요.  행정부와 법무부는 분리되어 있는겁니다.  법원의 결정에 행정부의 수장이 이래라저래라 어떻게합니까. . 박변호사님은 변호사잖아요.  <br>본인이 과거에 졌던 재판을 권력을 이용해서 어떻게 유죄선고를 무죄로 만드나요?  게다가 법조계를 떠났는데????	['억', '지부리', '지', '마세요', '행정부', '와', '법무부', '는', '분리', '되어', '있는', '겁니다', '법원', '의', '결정', '에', '행정부', '의', '수장', '이', '이래라', '저래라', '어떻게', '합', '니까', '박', '변호사', '님', '은', '변호사', '잖아요', '본인', '이', '과거', '에', '졌던', '재판', '을', '권력', '을', '이용', '해서', '어떻게', '유죄', '선고', '를', '무죄', '로', '만드나', '요', '게다가', '법조', '계', '를', '떠났는데']	-8.447595723271847	-3.08
62	62	Wd4v12BPjak	멍멍김 그럼 지금 박준영 변호사는 무슨 권한으로?<br>최소한 절친인 노대통령 한테 부탁 해서라도 했겠다. 권력을 잡고 있을때도 그정도 하나 못해놓고 변명 하시남? 왜? <br>삼권분립 철저히 지키신분들이라 못했나? 민주적으로?	['멍멍', '김', '그럼', '지금', '박준영', '변호사', '는', '무슨', '권한', '으로', '최소한', '절친', '인', '노', '대통령', '한테', '부탁', '해서라도', '했겠다', '권력', '을', '잡고', '있을', '때', '도', '그', '정도', '하나', '못', '해놓고', '변명', '하시', '남', '왜', '삼권분립', '철저히', '지키', '신분', '들', '이라', '못', '했나', '민주', '적', '으로']	2.8007230492240507	1.06
63	63	Wd4v12BPjak	망치 Guy 잉?????  대통령 비서실장 권한으로 유죄선고받은 사람을 구하는 게 말이 되나	['망치', 'Guy', '잉', '대통령', '비서실', '장', '권한', '으로', '유죄', '선고', '받은', '사람', '을', '구', '하는', '게', '말', '이', '되나']	-5.199580374014944	-2.28
64	64	Wd4v12BPjak	관심없다. 이 폐족 놈아.	['관심', '없다', '이', '폐족', '놈', '아']	-1.0	-0.56
65	65	Wd4v12BPjak	문재인 후보님, 지난 대선에선 님을 찍고 눈물 흘린 유권자입니다. 제발 이재명씨와 후보간 토론회에 응하세요. 탄핵 되던말건 할건 해야죠. 필요하시면 프롬프터 가지고 하셔도 됩니다.	['문재인', '후보', '님', '지난', '대선', '에선', '님', '을', '찍고', '눈물', '흘린', '유권자', '입니다', '제발', '이재명', '씨', '와', '후보', '간', '토론회', '에', '응', '하세요', '탄핵', '되던말건', '할건', '해야죠', '필요하시면', '프롬프터', '가지', '고', '하셔도', '됩니다']	-1.9323821547923408	-0.77
66	66	Wd4v12BPjak	KTX여승무원들이 정규직 요구한다고 가차없이 해고하고 지 아들은 고용정보원에 혼자 특혜 입사시킨 이 인간이 인권을 논하다니...개가 웃겠다.	['KTX', '여', '승무원', '들', '이', '정규직', '요구', '한', '다', '고', '가차', '없이', '해고', '하고', '지', '아들', '은', '고용', '정보원', '에', '혼자', '특혜', '입사', '시킨', '이', '인간', '이', '인권', '을', '논', '하다니', '개', '가', '웃겠다']	1.2794770263911202	0.51
67	67	Wd4v12BPjak	문재인이 이빨 빠진 후 임플란트를 해서 정신이 없는건가..지가 해고시킨KTX여승무원들은 치매가 와서 생각이 안나나? 아니면 이런 인권쑈는 그냥 보여주기 코스프레인가? 암튼 쓰레기 인간이 틀림없다.	['문재인', '이', '이빨', '빠진', '후', '임플란트', '를', '해서', '정신', '이', '없는건', '가지', '가', '해고', '시킨', 'KTX', '여', '승무원', '들', '은', '치매', '가', '와서', '생각', '이', '안나', '나', '아니면', '이런', '인권쑈', '는', '그냥', '보여주기', '코스프레', '인가', '암튼', '쓰레기', '인간', '이', '틀림없다']	-0.4285228819671548	-0.16
68	68	Wd4v12BPjak	와, 약자 운운하면서 지가 참여정부 비서실장할때 정규직 요구햇다고 해고시켜서 지금까지도 싸우고있는 KTX여승무원들 손도 안잡는 저 위선을 봐라...이번 대선은 이재명이다.	['와', '약자', '운운하면서', '지가', '참여정부', '비서실', '장할', '때', '정규직', '요', '구', '햇', '다', '고', '해고', '시켜서', '지금', '까지도', '싸우고있는', 'KTX', '여', '승무원', '들', '손', '도', '안', '잡는', '저', '위선', '을', '봐라', '이번', '대선', '은', '이재명', '이다']	1.7227062322935682	0.67
69	69	Wd4v12BPjak	문재인씨..이재명이 토론하자니깐 탄핵이 먼저라면서 회피하는데 이런 인권 쑈는 뭡니까? 이럴려면 당신이 해고시켜서 지금도 싸우고잇는 KTX여승무원들의 손부터 잡으시오?  그냥 이재명에 발릴까봐 더민주당 친문 경선관계자에 비호받으며 도망다니는거 아니요?	['문재인', '씨', '이재명', '이', '토론', '하자니깐', '탄핵', '이', '먼저', '라면', '서', '회피', '하는데', '이런', '인권', '쑈', '는', '뭡', '니까', '이럴려면', '당신', '이', '해고', '시켜서', '지금', '도', '싸우고', '잇는', 'KTX', '여', '승무원', '들', '의', '손', '부터', '잡으시오', '그냥', '이재명', '에', '발릴까봐', '더', '민주당', '친문', '경선', '관계자', '에', '비호', '받으며', '도망', '다니는거', '아니요']	-0.36375989765272	-0.13
70	70	Wd4v12BPjak	문재인은 왜 재벌 세금감면하는 준조세폐지를 외치죠? 준조세 폐지하면 재벌세금 15조원을 국민이 내야합니다. 최순실이 핑계대는데 썩은 정치가 문제지 준조세 자체가 문제입니까? 행간에 문재인이 재벌보호와 대권보장을 거래하고 있다는 소문이 있는데 답변 바랍니다.	['문재인', '은', '왜', '재벌', '세금', '감면하는', '준조세', '폐지', '를', '외치', '죠', '준조세', '폐지', '하면', '재벌', '세금', '15조원', '을', '국민', '이', '내야', '합니다', '최', '순', '실', '이', '핑계', '대는데', '썩은', '정치가', '문제', '지', '준조세', '자체', '가', '문', '제입', '니까', '행간', '에', '문재인', '이', '재벌', '보호', '와', '대권', '보장', '을', '거래', '하고', '있다는', '소문', '이', '있는데', '답변', '바랍니다']	-0.7408237496667641	-0.27
71	71	Wd4v12BPjak	문재인씨가 지금 삼성본관앞에서 농성하고있는 삼성 반도체 백혈병피해자들 외면하는이유 아는 사람? 듣기에는 문재인이 참여정부때부터 삼성재벌 앞잡이라는데 사실인가요?	['문재인', '씨', '가', '지금', '삼', '성', '본관', '앞', '에서', '농성', '하고있는', '삼성', '반도체', '백혈병', '피해자', '들', '외면', '하는', '이유', '아는', '사람', '듣기', '에는', '문재인', '이', '참여정부', '때', '부터', '삼성', '재벌', '앞잡이', '라는', '데', '사실', '인가요']	-3.9737456362616275	-1.56
72	72	Wd4v12BPjak	진실의 눈 520 응 사실아니야	['진실', '의', '눈', '520', '응', '사실아니야']	1.0	0.56
73	73	Wd4v12BPjak	지금도 늦지않았습니다. 문재인 당신이 비서실장할때 정규직화를 요구하다가 해고되어 4000일 넘게 싸우고있는 KTX여승무원사태등 피해자들이 있으니 이런 코스프레말고 그들의 손을 잡아주십시요. 이재명캠프는 김승하승무원을 후원회에 영입함으로서 그들의 손을 잡았습니다.	['지금', '도', '늦지', '않았습니다', '문재인', '당신', '이', '비서실', '장할', '때', '정규직', '화', '를', '요구', '하다가', '해고', '되어', '4000일', '넘게', '싸우고있는', 'KTX', '여', '승무원', '사태', '등', '피해자', '들', '이', '있으니', '이런', '코스프레', '말고', '그', '들', '의', '손', '을', '잡아주십시요', '이재명', '캠프', '는', '김승하', '승무원', '을', '후원', '회', '에', '영', '입함', '으로서', '그', '들', '의', '손', '을', '잡았습니다']	-2.2173944681491355	-0.81
74	74	Wd4v12BPjak	문재인은 적페청산 절대 못한다<br>반대를 극복할 능력이 있을까?<br>문재인 제대로 알려면 <br>최상천의 사람나라 66강 잘들어 보세요<br>이분은 재벌개혁 할 의지도 능력도 없습니다	['문재인', '은', '적페', '청산', '절대', '못', '한다', '반대', '를', '극복', '할', '능력', '이', '있을까', '문재인', '제대로', '알려면', '최상', '천', '의', '사람', '나라', '66', '강', '잘', '들어', '보세요', '이분', '은', '재벌', '개혁', '할', '의지', '도', '능력', '도', '없습니다']	4.1748030519266495	1.63
75	75	Wd4v12BPjak	박성연 응 안봐	['박성연', '응', '안', '봐']	0.0	0.0
76	76	Wd4v12BPjak	따뜻한 문재인 대장..	['따뜻한', '문재인', '대장']	1.9289709613544488	1.31
77	77	Wd4v12BPjak	문님 지지합니다! !!사람이 먼저인 나라에서 살고 싶습니다.	['문', '님', '지지', '합니다', '사람', '이', '먼저', '인', '나라', '에서', '살', '고', '싶습니다']	-1.0413634814692874	-0.49
78	78	Wd4v12BPjak	우리가꿈꾸는 나라 만들어줄사람이재명뿐이다.1811-1000.민주당경선콜센타        .휴대폰경선인등록 하시고.휴대폰투표합시다.젊은이들이여행동하고  .참여해야이재명과함께우리가살고싶은나라 만들어냅시다. 정의구현  .적폐청산.정치검찰청산.기득권의환관정치집단청산. 공정국가사회구현.우리힘을모아 이재명과함께이룹시다. 경선에서승리. 꿈을이룹시다.이재명을 한번믿어봅시다.언행일치로<br>보여주는사람.이재명 이 답이다.	['우리', '가', '꿈꾸는', '나라', '만들어줄', '사람', '이재명', '뿐', '이다', '18111000', '민주당', '경선', '콜', '센', '타', '휴대폰', '경선', '인', '등록', '하시고', '휴대폰', '투표', '합시다', '젊은이', '들', '이여', '행동', '하고', '참여', '해야', '이재명', '과', '함께', '우리', '가', '살고싶', '은나라', '만들어', '냅시다', '정의', '구현', '적폐', '청산', '정치검찰', '청산', '기득권', '의', '환관', '정치', '집단', '청산', '공', '정국', '가', '사회', '구', '현', '우리', '힘', '을', '모아', '이재명', '과', '함께', '이룹시다', '경선', '에서', '승리', '꿈', '을', '이룹시다', '이재명', '을', '한번', '믿어', '봅시다', '언행', '일치', '로', '보여주는', '사람', '이재명', '이', '답', '이다']	4.464679050040584	1.52
79	79	Wd4v12BPjak	대깨문♡♡	['대', '깨문']	0.0	0.0
80	80	Wd4v12BPjak	문재인님 감사합니다~♡	['문재인', '님', '감사합니다']	-0.07102903864555149	-0.05
81	81	Wd4v12BPjak	ㅈㅔ2의박근혜꼴만들지마시고약속대로탄핵전3회토론하세요 나라를책임질분이토론하나도피하면대통령이돼면뭘할수있겠어요?불리하면피하고유리하면앞장서고촛불도국민과당원이만들고문후보는가만히뒤에있다가다돼가니앞으로슥나와서 모든공을다가져가고토론은실체가밝혀질까봐피하고대통후보가이래가지고뭐할라구여?	['2', '의', '박근혜', '꼴', '만들지', '마시고', '약속', '대로', '탄핵', '전', '3회', '토론하세요', '나라', '를', '책임질', '분', '이', '토론', '하', '나', '도피', '하', '면', '대통령', '이', '돼면', '뭘', '할수있겠어요', '불리하면', '피하', '고', '유리하면', '앞장서고', '촛불', '도', '국민', '과', '당원', '이', '만들', '고문', '후보', '는', '가만히', '뒤', '에', '있다가다', '돼가니', '앞', '으로', '슥', '나', '와', '서', '모든', '공', '을', '다', '가져가고', '토론', '은', '실체', '가', '밝혀질까봐', '피하', '고', '대통', '후보', '가', '이래가지고', '뭐', '할라', '구', '여']	-4.7184478546569145e-15	-0.0
82	82	Wd4v12BPjak	민주당내부에서 탄핵전 토론은 정치적부담이 크다는 의견이 많다는 기사는 못보셨나봐요. 이시장 본인도 잘 알고 계실텐데요. 그리고 민주당내에서 결정 한건데 문재인한테 다 덮어씌우면 되나요. 토론을 안 하겠다는것도 아니고 총9번하기로 했잖아요. 문재인은 말못하고 이재명은 말잘한다는 생각이 밑바탕에 있으신것 같은데 당신 생각처럼 문재인이 말도 못하는데 사법고시 차석으로 합격하고 경희대 총학시절 박정희정권 독재 반대하는 민주화운동에 앞장섰고 전두환정권에 반대하여 인권변호사하면서 미문화원방화사건  변호도 하고 노무현탄핵때 변호도 했습니까?<br>촛불 공이요? 촛불에 나온 사람들은 쎄빠지게 촛불 들고 나와서 저들한테 빌미 안 주려고 참고 또 참습니다.그래서 평화적시위 하는거고요. 이석기 석방하라.한상균석방하라. 이런말 하는분들 보면 늘 조마조마합니다. 촛불이 변질 되었다 이런쪽으로 여론이 변할까봐요.그리고 탄핵 될까 안될까 걱정하고 있는데 이런 상황에서 탄핵전 토론이요?? 저들한테 무슨 빌미를 주려고 합니까. 진정으로 진보정권이 정권교체되길 바라신다면 제발 숲을 보싶시오. 어떻게 잡은 기회인데 이러십니까.	['민주당', '내부', '에서', '탄핵', '전', '토론', '은', '정치', '적', '부담', '이', '크다는', '의견', '이', '많다는', '기사', '는', '못', '보셨나', '봐요', '이', '시장', '본인', '도', '잘', '알', '고', '계실텐데요', '그리고', '민주', '당내', '에서', '결정', '한건데', '문재인', '한테', '다', '덮어', '씌우면', '되나요', '토론', '을', '안', '하겠다는것도', '아니고', '총', '9', '번하기로', '했잖아요', '문재인', '은', '말못하고', '이재명', '은', '말잘', '한다는', '생각', '이', '밑바탕', '에', '있으신', '것', '같은데', '당신', '생각', '처럼', '문재인', '이', '말', '도', '못', '하는데', '사법고시', '차석', '으로', '합격', '하고', '경희대', '총', '학', '시절', '박정희', '정권', '독재', '반대', '하는', '민주화', '운동', '에', '앞장섰고', '전두환정권', '에', '반대', '하여', '인권', '변호사', '하면서', '미', '문화원', '방화', '사건', '변호', '도', '하고', '노무현', '탄핵', '때', '변호', '도', '했습니까', '촛불', '공이', '요', '촛불', '에', '나온', '사람', '들', '은', '쎄', '빠지게', '촛불', '들고', '나와서', '저', '들', '한테', '빌', '미', '안', '주', '려고', '참고', '또', '참습니다', '그래서', '평화', '적', '시위', '하는거고요', '이석기', '석방', '하', '라', '한', '상균', '석방', '하', '라', '이런', '말', '하는', '분', '들', '보면', '늘', '조마조마합니다', '촛불', '이', '변질', '되었다', '이런', '쪽', '으로', '여론', '이', '변할까봐', '요', '그리고', '탄핵', '될까', '안될까', '걱정', '하고', '있는데', '이런', '상황', '에서', '탄핵', '전', '토론', '이', '요', '저', '들', '한테', '무슨', '빌', '미를', '주', '려고', '합', '니까', '진정', '으로', '진보', '정권', '이', '정권', '교체', '되길', '바라신다면', '제발', '숲', '을', '보싶시오', '어떻게', '잡은', '기회', '인데', '이러십니까']	-5.377197038281602	-1.62
83	83	Wd4v12BPjak	문후보님 머리 염색 잘하셨습니다 <br>보기 좋습니다 <br>발음도 한결 나아지셨습니다<br>끝까지 응원하겠습니다	['문', '후보', '님', '머리', '염색', '잘', '하셨습니다', '보기', '좋습니다', '발음', '도', '한결', '나아지셨습니다', '끝', '까지', '응원', '하겠습니다']	2.3652123889719685	1.06
84	84	Wd4v12BPjak	억울한 국민이 더 이상 없는 세상이 오기를 바랍니다	['억울한', '국민', '이', '더', '이상', '없는', '세상', '이', '오기', '를', '바랍니다']	-4.584059348440364	-2.25
85	85	Wd4v12BPjak	새시대를 여는 첫차로 문재인으로 가봅시다	['새', '시대', '를', '여', '는', '첫', '차로', '문재인', '으로', '가봅시다']	-0.07102903864555304	-0.04
86	86	Wd4v12BPjak	엄궁동 살인사건의 범인으로 몰린 사람들의 무죄를 확신했고 가장 한이 되었던 사건 이였다면 노무현대통령 때 그 사람들 구하셨어야 하지 않나요? 그때는 왜 안했나요? 바빠서 못했나요? 까먹고 안했나요? <br>대통령 되어서 할려고 안했나요?<br>엄궁동 사건을 박준영 변호사가 재심 성공 해서 무죄 판결 받으면 문재인씨는? 진짜 문죄인 • • •	['엄궁동', '살인', '사건', '의', '범인', '으로', '몰린', '사람', '들', '의', '무죄', '를', '확신', '했고', '가장', '한', '이', '되었던', '사건', '이였다면', '노무현', '대통령', '때', '그', '사람', '들', '구', '하셨어야', '하지', '않나요', '그때', '는', '왜', '안', '했나요', '바빠서', '못', '했나요', '까먹고', '안', '했나요', '대통령', '되어서', '할려고', '안', '했나요', '엄궁동', '사건', '을', '박준영', '변호사', '가', '재심', '성공', '해서', '무죄', '판결', '받으면', '문재인', '씨', '는', '진짜', '문죄인']	-0.7170705316177688	-0.26
87	87	Wd4v12BPjak	우리와 같은사람<br>우리룰 위해 싸워줄 사람 😊	['우리', '와', '같은', '사람', '우리', '룰', '위해', '싸워줄', '사람']	-0.25802718225298105	-0.13
88	88	Wd4v12BPjak	ㅠㅠㅠㅠ문재인♡	['문재인']	-0.07102903864555149	-0.07
89	89	Wd4v12BPjak	참 따뜻한분 이란게 그냥 보이네요	['참', '따뜻한', '분', '이란', '게', '그냥', '보이네요']	2.0	1.08
90	90	Wd4v12BPjak	엄궁동 살인사건의 범인으로 몰린 사람들의 무죄를 확신했고 가장 한이 되었던 사건 이였다면 노무현대통령 때 그 사람들 구하셨어야 하지 않나요? 그때는 왜 안했나요? 바빠서 못했나요? 까먹고 안했나요? <br>대통령 되어서 할려고 안했나요?<br>엄궁동 사건을 박준영 변호사가 재심 성공 해서 무죄 판결 받으면 문재인씨는? 진짜 문죄인 • • •	['엄궁동', '살인', '사건', '의', '범인', '으로', '몰린', '사람', '들', '의', '무죄', '를', '확신', '했고', '가장', '한', '이', '되었던', '사건', '이였다면', '노무현', '대통령', '때', '그', '사람', '들', '구', '하셨어야', '하지', '않나요', '그때', '는', '왜', '안', '했나요', '바빠서', '못', '했나요', '까먹고', '안', '했나요', '대통령', '되어서', '할려고', '안', '했나요', '엄궁동', '사건', '을', '박준영', '변호사', '가', '재심', '성공', '해서', '무죄', '판결', '받으면', '문재인', '씨', '는', '진짜', '문죄인']	-0.7170705316177688	-0.26
91	91	Wd4v12BPjak	안니정	['안니', '정']	1.0	0.77
92	92	Wd4v12BPjak	안철수가 썰전 나와서 국민 중심해놓고 오늘 바로 국회의원 중심 개헌 떠든 것 보고 절망했다ᆢ	['안철수', '가', '썰전', '나와서', '국민', '중심', '해놓고', '오늘', '바로', '국회의원', '중심', '개헌', '떠든', '것', '보고', '절망', '했다']	-3.7227062322935742	-1.67
93	93	Wd4v12BPjak	박지원과 구태정치인들에게 둘러싸여 정치를 배우니 점점 비슷해지고 ~~예전 초심은 이미 다 없어진듯합니다	['박지원', '과', '구태', '정치인', '들', '에게', '둘러싸여', '정치', '를', '배우니', '점점', '비슷해지고', '예전', '초심', '은', '이미', '다', '없어진듯', '합니다']	1.999999999999999	0.88
