	Unnamed: 0	id	sentence	comment_cut	score	ratio
0	0	L-n2pWf3dAA	최적화ㅡ이것을 볼 바에 <br>중년탐정 김정일과 이건칠의 코미디쇼를  보겠다<br>특징 ㅡ  믿거  성동일	['최적화', '이', '것', '을', '볼', '바', '에', '중년', '탐정', '김정일', '과', '이건', '칠', '의', '코미디', '쇼', '를', '보겠다', '특징', '믿거', '성동일']	2.4759556997835754	1.07
1	1	L-n2pWf3dAA	이걸 보면서 탐정홍길동이 불쌍해지는 생각밖에 안나던데	['이', '걸', '보면서', '탐정', '홍길동', '이', '불쌍해지는', '생각', '밖에', '안나', '던데']	3.1644367702669216	1.55
2	2	L-n2pWf3dAA	애초에 코미디를 목적으로 봤기 때문에 아아아아아아아아주 만족 ㅎㅎ	['애초', '에', '코미디', '를', '목적', '으로', '봤기', '때문', '에', '아아', '아아', '아아', '아아', '주', '만족']	2.160291953530188	0.99
3	3	L-n2pWf3dAA	저도 추리 쪽보다는 코미디 쪽에 좀 더 치중된 영화라고 생각합니다 보면서 부담스럽지 않고 즐겁게 웃으며 볼 수 있었어요	['저', '도', '추리', '쪽', '보다는', '코미디', '쪽', '에', '좀', '더', '치중', '된', '영화', '라고', '생각', '합니다', '보면서', '부담', '스럽지', '않고', '즐겁게', '웃으며', '볼', '수', '있었어요']	5.0138723107438645	2.09
4	4	L-n2pWf3dAA	저는 영화를 전문적으로 분석하고 비교할만큼의 지식은 없는 사람인지라 탐정홍길동은 보면서 씬시티가 많이 생각 났었습니다. 내용이 그렇다는 것이 아니라 연출된 장면장면에서 그런 느낌을 많이 받았는데요.. 저보다 영화에 지식이 뛰어나신 발새(줄이려니 좀 그러네여..?!! 살짝 웃자 정도입니다!)님께서는 더 느끼셨을거라 생각이 드는데 그럼에도 불구하고 탐정홍길동을 높게 평가하는건 단지 탐정리턴즈보단 나은정도의 의미인지 다른 전문가적 의견인지 궁금하네요! 시간이      나서 이 댓글을 보신다면 의견을 듣고 싶습니다! 영상 잘 보고 있구 응원합니다! 편집자 고민을 굳이 하셔야 하나 싶을 정도로 저는 오히려 지금의 방식이 좋네요^^!	['저', '는', '영화', '를', '전문', '적', '으로', '분석', '하고', '비교', '할만큼의', '지식', '은', '없는', '사람인', '지라', '탐정', '홍길동', '은', '보면서', '씬시티', '가', '많이', '생각', '났었습니다', '내용', '이', '그렇다는', '것', '이', '아니라', '연출', '된', '장면', '장면', '에서', '그런', '느낌', '을', '많이', '받았는데요', '저', '보다', '영화', '에', '지식', '이', '뛰어나신', '발', '새줄이려니', '좀', '그러', '네', '여', '살짝', '웃자', '정도', '입니', '다님', '께서는', '더', '느끼셨을거라', '생각', '이', '드는데', '그럼에도', '불구', '하고', '탐정', '홍길동', '을', '높게', '평가', '하는건', '단지', '탐정', '리턴즈', '보단', '나은정', '도의', '의미', '인지', '다른', '전문가', '적', '의견', '인지', '궁금하네요', '시간', '이', '나서', '이', '댓글', '을', '보신다면', '의견', '을', '듣고', '싶습니다', '영상', '잘', '보고', '있구', '응원', '합니다', '편집자', '고민', '을', '굳이', '하셔야', '하나', '싶을', '정도', '로', '저', '는', '오히려', '지금', '의', '방식', '이', '좋네요']	12.892956999946325	4.18
5	5	L-n2pWf3dAA	재밌게 보고 왔어요. 흥행은 괜찮게 할 것 같습니다ㅎㅎ	['재밌게', '보고', '왔어요', '흥행', '은', '괜찮게', '할', '것', '같습니다']	4.797854648889116	2.46
6	6	L-n2pWf3dAA	요즘 tv에서 광고 겁나 자주 때려대는 한국영화는 잘 안보게됨..... 극을 이어가는 방식이나 지향점이 비슷함. 억지로 웃기거나 억지로 울림.	['요즘', 'tv', '에서', '광고', '겁나', '자주', '때려', '대는', '한국영', '화', '는', '잘', '안보', '게', '됨', '극', '을', '이', '어가', '는', '방식', '이나', '지향', '점', '이', '비슷함', '억지로', '웃기거나', '억지로', '울림']	-4.21383954387659	-1.7
7	7	L-n2pWf3dAA	국내에서도 이런 장르의 영화가 계속 있었으면 좋겠어요.<br>응원합니다~	['국내', '에서도', '이런', '장르', '의', '영화', '가', '계속', '있었으면', '좋겠어요', '응원', '합니다']	-0.3818814329053539	-0.18
8	8	L-n2pWf3dAA	근데  요새  탐정물들  거의  코믹요소를  다  넣는데...글고  재밌게  보면  되지  너무  따지고  보면  재미있남?  ㅋㅋ	['근데', '요새', '탐정물', '들', '거의', '코믹', '요소', '를', '다', '넣는데', '글', '고', '재밌게', '보면', '되지', '너무', '따지고', '보면', '재미있', '남']	-2.6888683080843108	-1.17
9	9	L-n2pWf3dAA	재가 이영화 여친한테 볼까 했는데 여친이 4년 동안 사기면서 처음 욕했어요 &quot;오빠 미쳤어?&quot;<br>바로 쥬라기보았다는 ㅠㅠ	['재', '가', '이영화', '여친', '한테', '볼까', '했는데', '여친', '이', '4년', '동안', '사기면서', '처음', '욕', '했어요', 'quot', '오빠', '미쳤어', 'quot', '바로', '쥬라기', '보았다는']	-3.839708046469809	-1.64
10	10	L-n2pWf3dAA	아무생각없이보면 어? 생각보다 재밌다 생각듭니다. 머리비우고 보시면 띵작. 진지한 추리물원하면 글쎄? 정도입니다	['아무', '생각', '없이', '보면', '어', '생각', '보다', '재밌다', '생각', '듭니', '다', '머리', '비우고', '보시', '면', '띵작', '진지한', '추리물', '원하면', '글쎄', '정도', '입니다']	0.8073068640338017	0.34
11	11	L-n2pWf3dAA	탐정 1탄도 그래서 재미있었어요 ㅎㅎ<br>그래서 탐정2탄도 봤는데 엄청 웃었어요<br>잘웃는편이 아닌데도 넘 웃김	['탐정', '1', '탄도', '그래서', '재미있었어요', '그래서', '탐정', '2', '탄도', '봤는데', '엄청', '웃었어요', '잘', '웃는', '편이', '아닌데도', '넘', '웃김']	5.526874074907999	2.45
12	12	L-n2pWf3dAA	탐정홍길동 되게 인상적이게봤는데 진짜 후속편 기다리고있네요	['탐정', '홍길동', '되게', '인상', '적', '이', '게', '봤는데', '진짜', '후', '속편', '기다리고있네요']	3.3152765086524236	1.59
13	13	L-n2pWf3dAA	발없는새님 김지운 감독의 영화 &#39;인랑&#39; 의 티저 예고편이 나왔는데 다음 영상을 인랑에 대해  다루어 주셨스면 좋겠습니다.	['발', '없는', '새', '님', '김지운', '감독', '의', '영화', '39', '인', '랑', '39', '의', '티저', '예고편', '이', '나왔는데', '다음', '영상', '을', '인', '랑', '에', '대해', '다루어', '주셨스', '면', '좋겠습니다']	2.1048415240680707	0.86
14	14	L-n2pWf3dAA	발없는새님 영상 잘 보고있는데요 요즘 &quot;뽂&#39; 소리 너무 자주 나오는거같아요.. 딱히 이펙트도 없는데 좀 안어울려요 죄송해요 그냥 지금대로 하셔도 계속 잘 볼께요	['발', '없는', '새', '님', '영상', '잘', '보고있는데요', '요즘', 'quot', '뽂', '39', '소리', '너무', '자주', '나오는거', '같아요', '딱히', '이펙트', '도', '없는데', '좀', '안', '어울려요', '죄송해요', '그냥', '지금', '대로', '하셔도', '계속', '잘', '볼께요']	0.4543217745374217	0.18
15	15	L-n2pWf3dAA	발새임 혹시 팬더추리시리즈? 흐흐	['발', '새', '임', '혹시', '팬더', '추리', '시리즈', '흐흐']	0.00945221514468808	0.0
16	16	L-n2pWf3dAA	사실보다가 흠칫하리만치 납득안가는 장면이 두개있긴한데 가벼운 웃음은 있는 영화같아요.  추리란 타이틀은 좀 무리지만요	['사실', '보다', '가', '흠칫', '하리', '만치', '납득', '안', '가는', '장면', '이', '두', '개', '있긴한데', '가벼운', '웃음', '은', '있는', '영화', '같아요', '추리란', '타이틀', '은', '좀', '무리', '지만', '요']	0.5915644810414942	0.24
17	17	L-n2pWf3dAA	휘발성 강한 코메디영화는 공장에서 찍어내는것처럼 매번 나오는구만, 딱 아이돌로 점칠화된 가요계나 양산형 오토 RPG게임으로 넘치는 게임시장과 매우 닮아 있음, 국내 대중문화는 맹목적으로 상업성만 추구하는듯, 자본주의에서 마냥 나쁘다고는 못하지만 이러니 발전이 없고 도태되는듯	['휘발', '성', '강한', '코', '메디', '영화', '는', '공장', '에서', '찍어내는것처럼', '매번', '나오는구만', '딱', '아이돌', '로', '점', '칠', '화', '된', '가요', '계', '나', '양산', '형', '오토', 'RPG', '게임', '으로', '넘치는', '게임', '시장', '과', '매우', '닮아', '있음', '국내', '대중문화', '는', '맹목', '적', '으로', '상업성', '만', '추구', '하는듯', '자본주의', '에서', '마냥', '나쁘다고는', '못', '하지만', '이러니', '발전', '이', '없고', '도태', '되는듯']	-10.89418257239207	-3.95
18	18	L-n2pWf3dAA	오리엔탈 특급열차 같은 영화가 나왔으면...	['오리', '엔', '탈', '특급', '열차', '같은', '영화', '가', '나왔으면']	-2.0383485585536576	-1.04
19	19	L-n2pWf3dAA	전 여자친구랑 같이 봤는데 개그물이라 생각하시고 보면 만족스러워요	['전', '여자친구', '랑', '같이', '봤는데', '개그', '물이', '라', '생각', '하시고', '보면', '만족스러워요']	1.4885255163543405	0.72
20	20	L-n2pWf3dAA	그냥 웃으면서 재밌게 봤어요.ㅋㅋㅋㅋ	['그냥', '웃으면서', '재밌게', '봤어요']	3.1337378674770404	1.96
21	21	L-n2pWf3dAA	조선명탐정3같은 영화랑 탐정리턴즈를 비교하기엔 탐정이 너무 아깝지 않나요...?ㅜㅜ 개인차지만 김명민씨 팬이어서 조선명탐정 3봤는데 추리는 1도 없고 흡혈귘ㅋㅋㅋㅋㅋㅋㅋㅋ에 공감 1도 안되는 신파작렬이라 너무 화가났었는데.. 탐정은 실컷 웃고 왔거든요. 취향차이라고 볼 수도 있겠지만 조선명탐정 전편은 모르겠는데 3은 진짜... 어후... 명절에 티비에서 봤으면 이렇게 화나진 않았을텐데..	['조선', '명탐정', '3', '같은', '영화', '랑', '탐정', '리턴즈', '를', '비교', '하기엔', '탐정', '이', '너무', '아깝지', '않나요', '개인', '차지', '만', '김명민', '씨', '팬', '이어서', '조선', '명탐정', '3', '봤는데', '추리', '는', '1', '도', '없고', '흡혈귘', '에', '공감', '1', '도', '안되는', '신파', '작렬', '이라', '너무', '화가', '났었는데', '탐정', '은', '실컷', '웃고', '왔거든요', '취향', '차이', '라고', '볼', '수도', '있겠지만', '조선', '명탐정', '전편', '은', '모르겠는데', '3', '은', '진짜', '어후', '명절', '에', '티비', '에서', '봤으면', '이렇게', '화나진', '않았을텐데']	-6.692912845086251	-2.34
22	22	L-n2pWf3dAA	휴 매번 광고를 논스킵하기위해 노력하고잇죠!	['휴', '매번', '광고', '를', '논', '스킵', '하기', '위해', '노력', '하고', '잇죠']	-0.17559126505773448	-0.09
23	23	L-n2pWf3dAA	1편은 재미있게 봤는데..<br>2편은 망작?!	['1', '편', '은', '재미있게', '봤는데', '2', '편', '은', '망작']	3.3282335628241526	1.7
24	24	L-n2pWf3dAA	그래 이런게 리뷰다운 리뷰지. 그 참을수 없는 얄팍함으로 어줍잖게 저명한 평론가 흉내내면서 비평이 아닌 조롱만 일삼는 역겨운 라이너 쓰레기랑은 격이 다르다.	['그래', '이런게', '리뷰', '다운', '리뷰', '지', '그', '참을수', '없는', '얄팍함으로', '어줍잖게', '저명한', '평론가', '흉내내', '면서', '비평', '이', '아닌', '조롱', '만', '일삼', '는', '역겨운', '라이너', '쓰레기', '랑은', '격', '이', '다르다']	-0.3529850894963844	-0.14
25	25	L-n2pWf3dAA	저는 이 영화 전작포함 볼 생각조차 안나고 1초의 망설임도 안생기던데.. 보신분들 대단..	['저', '는', '이', '영화', '전작', '포함', '볼', '생각', '조차', '안나', '고', '1초', '의', '망설임도', '안', '생기던데', '보신', '분들', '대단']	1.1219433949765316	0.49
26	26	L-n2pWf3dAA	그냥 코미디로 봐야댐ㅋㅋㅋㅋ	['그냥', '코미디', '로', '봐야', '댐']	0.42815492608522976	0.25
27	27	L-n2pWf3dAA	홍길동(이제훈)은 꽤나 재밋게 봤는데, 안타깝게도 흥행 참패 였군요..그것보다는 언급을 계속 못하시는 영화 ..ㄹ,.ㅅ....$가 계속 떠오르네요..	['홍길동', '이제훈', '은', '꽤', '나', '재밋', '게', '봤는데', '안타깝게도', '흥행', '참패', '였군요', '그것', '보다는', '언급', '을', '계속', '못', '하시는', '영화', '가', '계속', '떠오르네요']	6.4065210008390725	2.71
28	28	L-n2pWf3dAA	더 비기닝을 정말 재미있게 봐서 기대하고 갔지만 기대했던 추리부분은 기대이하였네요 ㅜㅜ 물론 웃으면서 재미있게는 봤습니다만 후속작은 좀더 추리에 힘을 실어줬으면 하는 맘 입니다. 그나저나 탐정홍길동은 정말 수작이라 생각하지만 제목이 유치해서 그런가 참 아쉽습니다 ㅠㅠ 시간 나시면 탐정 홍길동도 리뷰해주세여	['더', '비기닝', '을', '정말', '재미있게', '봐서', '기대하고', '갔지만', '기대했던', '추리', '부분', '은', '기대이하였네요', '물론', '웃으면서', '재미있게는', '봤습니다만', '후속작', '은', '좀더', '추리', '에', '힘', '을', '실어', '줬으면', '하는', '맘', '입니다', '그나저나', '탐정', '홍길동', '은', '정말', '수작', '이라', '생각', '하지만', '제목', '이', '유치해서', '그', '런가', '참', '아쉽습니다', '시간', '나시', '면', '탐정', '홍길동', '도', '리뷰', '해주세여']	10.443167279746607	3.83
29	29	L-n2pWf3dAA	좋아요!	['좋아요']	0.0	0.0
30	30	L-n2pWf3dAA	&lt;미씽: 사라진 여자&gt;같은 진지한 영화 만드신 감독님이 맘편하게 웃을수 있는 이 시리즈 맡아서 좀 의외였던	['lt', '미씽', '사라진', '여자', 'gt', '같은', '진지한', '영화', '만드신', '감독', '님', '이', '맘', '편하게', '웃을수', '있는', '이', '시리즈', '맡아서', '좀', '의외', '였던']	2.7424042194269957	1.17
31	31	L-n2pWf3dAA	와 소름 탐정 홍길동 개꿀잼인데...<br>특이한cg처리와 한국적(?)이지않은 전개가 재미있었죠ㅎㄹ	['와', '소름', '탐정', '홍길동', '개꿀잼', '인데', '특이한', 'cg', '처리', '와', '한국', '적', '이지', '않은', '전개', '가', '재미있었죠']	-0.012957054171728322	-0.01
32	32	L-n2pWf3dAA	탐정홍길동 진짜 흥행못해서 아쉬운작품 만약에 속편이 제작될수있다면 후원금이 많아야겠죠?	['탐정', '홍길동', '진짜', '흥행', '못', '해서', '아쉬운', '작품', '만약', '에', '속편', '이', '제작', '될수있다면', '후', '원금', '이', '많아야겠죠']	3.651159727240347	1.62
33	33	L-n2pWf3dAA	한 마리 토끼만 쫓는다.<br>인생 철학을 배우고 갑니다.	['한', '마리', '토끼', '만', '쫓는다', '인생', '철학', '을', '배우고', '갑니다']	0.0	0.0
34	34	L-n2pWf3dAA	오달수는 모자이크<br>해주세여	['오달수', '는', '모자이크', '해주세여']	0.0	0.0
35	35	L-n2pWf3dAA	제발 기사를 보고 말하자	['제발', '기사', '를', '보고', '말', '하자']	1.814956519797576	1.02
36	36	L-n2pWf3dAA	dudwoa k 저기 오달수는 피해자 입니다<br>어디 증거도 없는 무고로 사람 인생 종칠러한 극단 배우를 무고죄로 고소 해야 합니다	['dudwoa', 'k', '저기', '오달수', '는', '피해자', '입니다어디', '증거', '도', '없는', '무고', '로', '사람', '인생', '종', '칠러한', '극단', '배우', '를', '무고죄', '로', '고소', '해야', '합니다']	1.1431900826217285	0.48
37	37	L-n2pWf3dAA	dudwoa k 대뇌피질에 정보 업데이트 부탁드립니다	['dudwoa', 'k', '대뇌피질', '에', '정보', '업데이트', '부탁드립니다']	-0.3358832185879237	-0.18
38	38	L-n2pWf3dAA	웃기긴2편이 웃기나 ...1편이 훨씬 재밌었음 ..	['웃기긴', '2', '편이', '웃기', '나', '1', '편이', '훨씬', '재밌었음']	0.0	0.0
39	39	L-n2pWf3dAA	솔직히 그래도 이번 탐정2가 조선 명탐정 3탄 보다 훨씬 좋았다고 생각합니다 3편에서는 추리를 쌈싸먹고 흡혈귀 나오면서 이게 뭔가 했거든요... 거기에 연출이 스멀스몰스크린에 맞춰졌으니까요	['솔직히', '그래도', '이번', '탐정', '2', '가', '조선', '명탐정', '3', '탄', '보다', '훨씬', '좋았다고', '생각', '합니다', '3', '편', '에서는', '추리', '를', '쌈', '싸', '먹고', '흡혈귀', '나오면서', '이', '게', '뭔가', '했거든요', '거기', '에', '연출', '이', '스', '멀', '스몰', '스크린', '에', '맞춰졌으니까', '요']	1.5192244191442232	0.58
40	40	L-n2pWf3dAA	개인적으로 탐정 홍길동 정말 인상깊었는데 발새님도 그러하시다니 새삼 반갑네요. 저도 그런 영화가 한번 더 나오길 바라고있지만. 안되겠죠 ㅠㅠ	['개인', '적', '으로', '탐정', '홍길동', '정말', '인상', '깊었는데', '발새', '님', '도', '그러하시다니', '새삼', '반갑네요', '저', '도', '그런', '영화', '가', '한번', '더', '나오길', '바라고있지만', '안되겠죠']	2.1846562426014597	0.92
41	41	L-n2pWf3dAA	저도 탐정 홍길동 좋았는데... 아쉬워요.	['저', '도', '탐정', '홍길동', '좋았는데', '아쉬워요']	1.836203207442772	1.03
42	42	L-n2pWf3dAA	흥행 신경썼다고 자꾸 하는데 본인돈으로 영화 만든다고 생각해봐요 ㅋㅋㅋㅋ흥행이 신경안쓰이나 대중영화에서<br>어떻게 자기가만들고싶은 영화만 만드나요  결국은 대중이 이런영화 저런영화  여러영화를 폭넓게 선택해줘야하는거 대중적 흥행적요소를 더욱 귀하게 여기는 감독이됐네?  라고 말하기보단 이제 우리나라사람들도 아무런 메세지도 영화전 예술성도없는것만 1차원적인것만(물론이런영화도 나름에 가치가있습니다) 쫒지말고 영화를 음미해버릇해서 다양한  메세지를 던지는 영화를 다양한 재미 인간으로서 느끼는 유희의 다양성을 추구하는 관객이되어야 더적은 돈으로도 더많은 환희를 느낄수있는 영화시장을 갖게되는거라고 생각함	['흥행', '신경', '썼다고', '자꾸', '하는데', '본인', '돈', '으로', '영화', '만든다고', '생각', '해봐요', '흥행', '이', '신경안', '쓰이나', '대중', '영화', '에서', '어떻게', '자기', '가', '만들고싶은', '영화', '만', '만드나', '요', '결국', '은', '대중', '이', '이런', '영화', '저런', '영화', '여러', '영화', '를', '폭넓게', '선택', '해줘', '야하는거', '대중', '적', '흥행', '적', '요소', '를', '더욱', '귀하게', '여기는', '감독', '이', '됐네', '라고', '말', '하기보단', '이제', '우리나라', '사람', '들', '도', '아무런', '메세지', '도', '영', '화전', '예술', '성', '도', '없는것만', '1', '차원', '적인것만', '물론', '이런', '영화', '도', '나름', '에', '가치가있습니다', '쫒지말고', '영화', '를', '음미', '해', '버릇', '해서', '다양한', '메세지', '를', '던지는', '영화', '를', '다양한', '재미', '인간', '으로서', '느끼는', '유희', '의', '다양성', '을', '추구', '하는', '관객', '이', '되어야', '더', '적', '은', '돈', '으로도', '더', '많은', '환희', '를', '느낄수있는', '영화', '시장', '을', '갖게', '되는거라고', '생각', '함']	-13.878407422532478	-4.48
43	43	L-n2pWf3dAA	전편은 넷플릭스에서 보실 수 있습니다. 새누리 강점기 당시 느낌이 잘 살아있고 평범하게 재미있더군요.	['전편', '은', '넷플릭스', '에서', '보실', '수', '있습니다', '새누리', '강점', '기', '당시', '느낌', '이', '잘', '살아있고', '평범하게', '재미있더군요']	1.6564671256483037	0.74
44	44	L-n2pWf3dAA	TV에서 할 때까지 기다려얄까요?ㅋㅋㅋ 그나저나 권상우는 드라마도 영화도 탐정코미디😂	['TV', '에서', '할', '때', '까지', '기다려', '얄', '까요', '그나저나', '권상우', '는', '드라마', '도', '영화', '도', '탐정', '코미디']	1.1188257935504529	0.5
45	45	L-n2pWf3dAA	??:걸러도된다카더라....	['걸러', '도', '된다', '카더라']	0.0	0.0
46	46	L-n2pWf3dAA	정통 추리면 한국에서 흥행이 될 지 <br>저는 좋아하는 장르가 아니라 본 영화가 없는데 추천하나 부탁드립니다 셜록은 빼구요 <br><br>그리고 탐정리턴즈는 추리는 가볍게 생각하고<br>코미디는 상당히 재미있었습니다ㅋㅋㅋ<br>근데 성동일씨의 진중한 연기는 조금 아쉬웠어요<br>연기력은 좋았는데 분위기가 ㅋ 진지한척하는 개그였다면 좋았을텐데	['정통', '추리', '면', '한국', '에서', '흥행', '이', '될', '지', '저', '는', '좋아하는', '장르', '가', '아니라', '본', '영화', '가', '없는데', '추천', '하나', '부탁드립니다', '셜록', '은', '빼구요', '그리고', '탐정', '리턴즈', '는', '추리', '는', '가볍게', '생각', '하고', '코미디', '는', '상당히', '재미있었습니다', '근데', '성동일', '씨', '의', '진중한', '연기', '는', '조금', '아쉬웠어요', '연기력', '은', '좋았는데', '분위기', '가', '진지한', '척', '하', '는', '개그', '였다면', '좋았을텐데']	1.8136297987486965	0.65
47	47	L-n2pWf3dAA	영화가 재밌는건지아니면 걍 웃기기만한건지 헷갈렸었죠	['영화', '가', '재밌는', '건지아니면', '걍', '웃기', '기만', '한', '건', '지', '헷갈렸었죠']	2.129593050740304	1.04
48	48	L-n2pWf3dAA	개인적인 의견이지만 가이드 리뷰하실때 해당 영화 예고편 링크를 추가정보란(?)에 넣어놔도 좋을것같아요 ㅎㅎ	['개인', '적', '인', '의견', '이지만', '가이드', '리뷰', '하실', '때', '해당', '영화', '예고편', '링크', '를', '추가', '정보', '란', '에', '넣어', '놔도', '좋을것', '같아요']	0.2804327891258054	0.12
49	49	L-n2pWf3dAA	탐정 홍길동 재밌게 봤는데 흥행은 못했군요.	['탐정', '홍길동', '재밌게', '봤는데', '흥행', '은', '못', '했군요']	6.483218117946388	3.41
50	50	L-n2pWf3dAA	추리덕후가 아니라면 라이트하게 즐기기에, 추리물에 입문하기에 더없이 좋은 영화 아닐까합니다. 1편과 더불어 범행소재가 나름 충격적이었구요	['추리', '덕후', '가', '아니라면', '라이트', '하게', '즐기기에', '추리물', '에', '입문', '하기에', '더없이', '좋은', '영화', '아닐까', '합니다', '1', '편', '과', '더불어', '범행', '소재', '가', '나름', '충격', '적', '이었구요']	-1.312558692699361	-0.54
51	51	L-n2pWf3dAA	탐정1은 진짜 추리물처럼 재밋게봤는데 2편은 좀 못미치나봐요???	['탐정', '1', '은', '진짜', '추리물', '처럼', '재밋', '게', '봤는데', '2', '편', '은', '좀', '못', '미치나', '봐요']	1.5192244191442277	0.69
52	52	L-n2pWf3dAA	전 괜찮게 봤습니다. 추리쪽은 아무래도 허술했지만 발새님 말씀처럼 두가지 다 할 자신이 없으면 하나라도 집중하는 게 낫다고 생각합니다. 흥행에 성공해서 감독에게 좀더 권한이 주어진다면 혹시 3편에서 두 가지 모두 ㅅㅌㅊ 로 나올지도 모르죠.	['전', '괜찮게', '봤습니다', '추리', '쪽', '은', '아무래도', '허', '술', '했지만', '발새', '님', '말씀', '처럼', '두', '가지', '다', '할', '자신', '이', '없으면', '하나', '라도', '집중', '하는', '게', '낫다', '고', '생각', '합니다', '흥행', '에', '성공해서', '감독', '에게', '좀더', '권한', '이', '주어진다면', '혹시', '3', '편', '에서', '두', '가지', '모두', '로', '나올지도', '모르죠']	7.606964072303834	2.83
53	53	L-n2pWf3dAA	근데 발새님 탐정 홍길동에 관한건 저도 정말 인정합니다.	['근데', '발새', '님', '탐정', '홍길동', '에', '관', '한', '건', '저', '도', '정말', '인정', '합니다']	4.305824293507733	2.01
54	54	L-n2pWf3dAA	최근에 조성희 감독이 번개호라는 sf영화를 찍는 다고 합니다. 송중기씨를 캐스팅하려고 하네요.	['최근', '에', '조성', '희', '감독', '이', '번개', '호', '라는', 'sf', '영화', '를', '찍는', '다고', '합니다', '송중기', '씨', '를', '캐스팅', '하려고', '하네요']	1.9103458287209567	0.82
55	55	L-n2pWf3dAA	손담비는 있으나 마나한 캐릭 / 광수는 중후반 멱살끌고 캐리 / 두 남주는 전작과 비슷<br>전작보다는 무게는 반삭된 정도로 가벼우나 진지와 스토리도 같이 반이 날아가버린 영화	['손담비', '는', '있으나', '마나', '한', '캐릭', '광수', '는', '중후', '반', '멱살', '끌', '고', '캐리', '두', '남주는', '전작', '과', '비슷전작', '보다는', '무게', '는', '반', '삭', '된', '정도', '로', '가벼우나', '진지', '와', '스토리', '도', '같이', '반', '이', '날아가', '버린', '영화']	2.6086663519499567	1.01
56	56	L-n2pWf3dAA	<del>스포 주의</del><br><br><br><br><br>전 원장 찾아갔을 때 뒤 추리내용을 다 알아버렸어요...<br>그냥 코미디로 볼만한 영화 ㅋㅋㅋ	['스포', '주', '의전', '원장', '찾아갔을', '때', '뒤', '추리', '내용', '을', '다', '알', '아', '버렸어요', '그냥', '코미디', '로', '볼', '만', '한', '영화']	-0.7686830266177016	-0.33
57	57	L-n2pWf3dAA	저도 탐정 홍길동2 기다리고 있습니다	['저', '도', '탐정', '홍길동', '2', '기다리고', '있습니다']	2.1720864260306962	1.18
58	58	L-n2pWf3dAA	막판에 신파 없음?? 그럼 봐도 되것네	['막판', '에', '신파', '없음', '그럼', '봐도', '되것네']	-0.3358832185879237	-0.18
59	59	L-n2pWf3dAA	진지한 것을 좋아하신다면 비추.<br>헐리우드식 추리를 좋아한다면 비추.<br><br>개봉 다음날 보고 왔는데 저는 1편을 재미있게 봐서 이번영화도 재미있었네요.<br>최근 뤼팽 전집을 본 이후에 추리라는 것을 다시 생각하게 되었고<br>그에 맞춰봤을 때 이번 탐정은 잘 짜여진 각본, 훌륭한 연기, 적당한 긴장감등으로<br>나름 재미있습니다. (가족 이야기 부분에서는 그냥 분량 늘리기라는 느낌이 들어서 좀...)	['진지한', '것', '을', '좋아하신다면', '비추', '헐리우드', '식', '추리', '를', '좋아한다면', '비추', '개봉', '다음', '날', '보고', '왔는데', '저', '는', '1', '편', '을', '재미있게', '봐서', '이', '번영', '화', '도', '재미있었네요', '최근', '뤼팽', '전집', '을', '본', '이후', '에', '추리', '라는', '것', '을', '다시', '생각', '하게', '되었고', '그', '에', '맞춰', '봤을', '때', '이번', '탐정', '은', '잘', '짜여진', '각본', '훌륭한', '연기', '적당한', '긴장감', '등', '으로', '나름', '재미있습니다', '가족', '이야기', '부분', '에서는', '그냥', '분량', '늘', '리기', '라는', '느낌', '이', '들어서', '좀']	1.3401166360557415	0.47
60	60	L-n2pWf3dAA	아직 못봐서	['아직', '못', '봐서']	0.4961751721181145	0.34
61	61	L-n2pWf3dAA	손담비 요즘 뭐하지? 어릴때 인기 장난아니었는데	['손담비', '요즘', '뭐', '하지', '어릴', '때', '인기', '장난', '아니었는데']	1.982898129091539	1.01
62	62	L-n2pWf3dAA	웃기면 된거임. 올만에 신나게웃어서 좋았음	['웃기', '면', '된거', '임', '올만에', '신나게', '웃어서', '좋았음']	0.0	0.0
63	63	L-n2pWf3dAA	개꿀잼임 진짜	['개꿀잼임', '진짜']	-0.3358832185879237	-0.26
64	64	L-n2pWf3dAA	탐정 이번거 재밌음. 추리는 뻔하지만 그래도 재밌어.	['탐정', '이번', '거', '재밌음', '추리', '는', '뻔하지만', '그래도', '재밌어']	0.3760343365224963	0.19
65	65	L-n2pWf3dAA	코미디 영화로는 만족했어요. 영화관에서 많이 웃고 옴	['코미디', '영화', '로는', '만족했어요', '영화관', '에서', '많이', '웃고', '옴']	0.41636045358472096	0.21
66	66	L-n2pWf3dAA	저두 탐정 홍길동2를 기대하고 있습니다. ㅠㅠ	['저', '두', '탐정', '홍길동', '2', '를', '기대하고', '있습니다']	2.1720864260306962	1.14
67	67	L-n2pWf3dAA	하아.... ㅠㅜ	['하아']	0.0	0.0
68	68	L-n2pWf3dAA	ㅂ..발새님...그..근데 저...그...인피니티워영상이 5부작인걸로...알고있는데 남은...한개는...요...~....?	['발새', '님', '그', '근', '데', '저', '그', '인피니티', '워', '영상', '이', '5', '부작', '인걸', '로', '알고있는데', '남은한', '개는요']	0.0	0.0
69	69	L-n2pWf3dAA	영상마지막에서 그건 포함되지 않는다고하셨어여 ㅎㅎ	['영상', '마지막', '에서', '그건', '포함', '되지', '않는다고', '하셨어여']	0.00945221514468808	0.0
70	70	L-n2pWf3dAA	Dark blue 그루트가 결말에서 했던 말까지 총 5개 아닌가요?	['Dark', 'blue', '그루트', '가', '결말', '에서', '했던', '말', '까지', '총', '5', '개', '아닌가요']	0.00945221514468808	0.0
71	71	L-n2pWf3dAA	헤헤 갑자기 생각나서...그냥 입다물걸 그랬나?	['헤헤', '갑자기', '생각나서', '그냥', '입다', '물걸', '그랬나']	0.15083973838550113	0.08
72	72	L-n2pWf3dAA	궁금하다......	['궁금하다']	0.0	0.0
73	73	L-n2pWf3dAA	영상  잘  볼게요  ㅎ	['영상', '잘', '볼게요']	1.0	0.68
74	74	L-n2pWf3dAA	보고싶은데......	['보고싶은데']	0.0	0.0
75	75	L-n2pWf3dAA	별로 기대하진 않았던 1편이 나름 괜찮아서 봤더니 음...많이 아쉽네요	['별로', '기대하진', '않았던', '1', '편이', '나름', '괜찮아서', '봤더니', '음', '많이', '아쉽네요']	-0.06802024603288337	-0.03
76	76	L-n2pWf3dAA	마지막에 이광수때문에 울엇음 ,너무 웃겨서<br>손담비 가슴만 기억남	['마지막', '에', '이광수', '때문', '에', '울엇음', '너무', '웃겨서', '손담비', '가슴', '만', '기억남']	-2.0	-0.96
77	77	L-n2pWf3dAA	저도 탐정홍길동 속편이 나오면해요<br>속편나오면 좋을 한국영화 1순위에요!! <br>2위는 신세계..	['저', '도', '탐정', '홍길동', '속편', '이', '나오면해', '요', '속편', '나오면', '좋을', '한국영', '화', '1', '순위', '에요', '2', '위', '는', '신세계']	0.3076268528886539	0.13
78	78	L-n2pWf3dAA	신의 한 수 1편 끝날때 왠지 2편 암시하듯이 끝나서.. 기대해볼만 하지 않을까요...?<br>아님 말고	['신의', '한', '수', '1', '편', '끝날', '때', '왠지', '2', '편', '암시', '하', '듯이', '끝나서', '기대', '해볼만', '하지', '않을까요', '아님', '말고']	0.6641167814120763	0.29
79	79	L-n2pWf3dAA	송경택 신의한수는 신세계급도 아니여서 안나올듯..	['송경택', '신의한수', '는', '신세계', '급', '도', '아니여서', '안', '나올듯']	-0.3358832185879237	-0.17
80	80	L-n2pWf3dAA	개인적으로 정우성씨 나왔던 신의 한수도 2나옴 재밌을듯	['개인', '적', '으로', '정우성', '씨', '나왔던', '신의', '한수', '도', '2', '나옴', '재밌을듯']	-0.11702323416954075	-0.06
81	81	L-n2pWf3dAA	신세계는 후속편 에바임	['신세계', '는', '후', '속편', '에바', '임']	-0.1850434802024241	-0.1
82	82	L-n2pWf3dAA	조선명탐정에서 자꾸 오xx가......	['조선', '명탐정', '에서', '자꾸', '오', 'xx', '가']	-0.3264310034432356	-0.18
83	83	L-n2pWf3dAA	피해자인데 기사 안보셨나보네	['피해자', '인데', '기사', '안', '보셨나', '보네']	-0.3358832185879237	-0.19
84	84	L-n2pWf3dAA	항상 궁금했던 영화들을 잘 리뷰해주셔서 감사합니다!!	['항상', '궁금했던', '영화', '들', '을', '잘', '리뷰', '해주셔서', '감사합니다']	0.9445495705378816	0.48
85	85	L-n2pWf3dAA	현실적인탐정	['현실', '적', '인', '탐정']	0.7024653399657319	0.44
86	86	L-n2pWf3dAA	빨리보고싶네요~~	['빨리', '보고싶네요']	0.0	0.0
87	87	L-n2pWf3dAA	1등 ㅋ	['1등']	0.0	0.0
88	88	QnNk2gcJPBM	조선명탐정 같애서 핵노잼...이런 뻔한 ...거말고 좀 차라리 청년경찰처럼 웃겼으면...	['조선', '명탐정', '같', '애', '서', '핵', '노잼', '이런', '뻔한', '거', '말고', '좀', '차라리', '청년', '경찰', '처럼', '웃겼으면']	-2.494372612737196	-1.12
89	89	QnNk2gcJPBM	웃음에 관대하면 웃긴영화~딱! 맞는말이네요.	['웃음', '에', '관대하면', '웃긴', '영화', '딱', '맞는말이네요']	0.12959305074030425	0.07
90	90	QnNk2gcJPBM	그분이누구에요?	['그', '분', '이', '누구', '에요']	-0.3358832185879237	-0.2
91	91	QnNk2gcJPBM	스토리가 뻔하고 단순해서 그렇지 나름 재미는 있었어요	['스토리', '가', '뻔하고', '단순해서', '그렇지', '나름', '재미', '는', '있었어요']	2.914877883058656	1.49
92	92	QnNk2gcJPBM	오늘 보고왔는데 마지막에 장기수술실 덮칠때 이광수 장난감총에 조폭쫄튀할때 개폭소했음 ㄷㄷ 재밌네 ㄷㄷ  근데 경찰서에서 미투운동하고 튄여자가 손양 아님???? 닮았는데	['오늘', '보고왔는데', '마지막', '에', '장기', '수술실', '덮', '칠', '때', '이광수', '장난감총', '에', '조폭', '쫄튀할', '때', '개', '폭소', '했음', '재밌네', '근데', '경찰서', '에서', '미투', '운동', '하고', '튄', '여자', '가', '손', '양', '아님', '닮았는데']	0.6564671256483006	0.26
93	93	QnNk2gcJPBM	영화보기전엔 억지웃음유발할것같앗는데 ㅋㅋㅋㅋ자연스럽게 웃긴장면이 많더라고요 3편나온다면 전보러갈래요 ㅎ	['영', '화보', '기전', '엔', '억', '지', '웃음', '유발', '할것', '같앗는데', '자연', '스럽게', '웃긴', '장면', '이', '많더라고요', '3', '편', '나온다면', '전', '보러', '갈래', '요']	0.9828981290915376	0.42
94	94	QnNk2gcJPBM	문화의날  중복할인3500원이 깝지 않았어요 ㅋ	['문화', '의', '날', '중복', '할인', '3500원', '이', '깝', '지', '않았어요']	-1.3435328743516948	-0.67
95	95	QnNk2gcJPBM	불한당 해주세여....흡	['불한당', '해주세여', '흡']	0.0	0.0
96	96	QnNk2gcJPBM	너무 비판적으로 리뷰해서 보기 불편한 영화리뷰님들도 있는데 엉준님 리뷰는 항상 넘 재밋고 공감되고  넘 좋아요 ~ 구독자수가 언능 늘면 좋겠네요 ~ ㅎ	['너무', '비판', '적', '으로', '리뷰', '해서', '보기', '불편한', '영화리뷰', '님', '들도', '있는데', '엉', '준', '님', '리뷰', '는', '항상', '넘', '재밋', '고', '공감', '되고', '넘', '좋아요', '구독', '자수', '가', '언능', '늘', '면', '좋겠네요']	-5.141774760841773	-2.05
97	97	QnNk2gcJPBM	ㅋㅋㅋ 머에요 나는 기대하고 있는데 전작 넘 잼나게봐서 완전 기대기대	['머', '에요', '나', '는', '기대하고', '있는데', '전작', '넘', '잼나게', '봐서', '완전', '기대기대']	0.6564671256483052	0.32
98	98	QnNk2gcJPBM	1편보고 많이 실망했었는데, 엉준님 리뷰 썸네일에 괜찮다고 떠서 오늘 바로 보고왔어요. 1편보다 훨씬 재미 있었어요.	['1', '편', '보고', '많이', '실망했었는데', '엉', '준', '님', '리뷰', '썸네일', '에', '괜찮다고', '떠서', '오늘', '바로', '보고왔어요', '1', '편', '보다', '훨씬', '재미', '있었어요']	4.612811168686692	1.97
99	99	QnNk2gcJPBM	권상우 th발음 괜찮우셧나요.... 저는 집중을 못하겟더라구요	['권상우', 'th', '발음', '괜찮우', '셧', '나', '요', '저', '는', '집중', '을', '못', '하', '겟', '더라구요']	0.0	0.0
100	100	QnNk2gcJPBM	짱9 <br>신경 안 쓰고 봐서 인지 모르겠더라구요~	['짱', '9', '신경', '안', '쓰고', '봐서', '인지', '모르겠더라구요']	0.16029195353019074	0.08
101	101	QnNk2gcJPBM	후기쓰면서 감독님 전작이 미씽 사라진여자인거 보고 띠용 했었던...	['후기', '쓰면서', '감독', '님', '전작', '이', '미씽', '사라진', '여자', '인거', '보고', '띠용', '했었던']	3.2940298210072294	1.56
102	102	QnNk2gcJPBM	3편 제목은 탐정:라이즈?	['3', '편', '제목', '은', '탐정', '라이즈']	0.7024653399657319	0.4
103	103	QnNk2gcJPBM	마지막에누가나오더라..기억이..	['마지막', '에', '누가', '나오더라', '기억', '이']	0.0	0.0
104	104	QnNk2gcJPBM	엄청 큰 대작은 아니지만 전작도 그렇고 저는 나름 재미있게 본 영화입니다. 아무래도 타이틀이 탐정이다보니 정통 추리물을 생각하고 보실수 있어서 실망하시는 분들도 있을 수도 사실 이 영화 자체가 가족영화적인 성향이 있다보니 추리적인 요소보단 가볍게 웃을수 있는 개그코드가 좀 더 강하다고 할 수 있는 듯...	['엄청', '큰', '대작', '은', '아니지만', '전작', '도', '그렇고', '저', '는', '나름', '재미있게', '본', '영화', '입니다', '아무래도', '타이틀', '이', '탐정', '이다', '보니', '정통', '추리물', '을', '생각', '하고', '보실수', '있어서', '실망하시는', '분', '들', '도', '있을', '수도', '사실', '이', '영화', '자체', '가', '가족영화', '적', '인', '성향', '이', '있다', '보니', '추리', '적', '인', '요소', '보단', '가볍게', '웃을수', '있는', '개그', '코드', '가', '좀', '더', '강하다고', '할', '수', '있는', '듯']	-1.1503639000534596	-0.41
105	105	QnNk2gcJPBM	전작도 사실 탐정물보다는 코미디물이였던것같은데	['전작', '도', '사실', '탐정물', '보다는', '코미디', '물이였던것', '같은데']	1.4205052703214571	0.75
106	106	QnNk2gcJPBM	아 이거 어제 봤는데 진짜 재밌게 봤어요!😆	['아', '이', '거', '어제', '봤는데', '진짜', '재밌게', '봤어요']	1.975248473327768	1.04
107	107	QnNk2gcJPBM	미소는 있지만 솔직히 크게 빵빵 터지는건 없고 1편보다 추리는 많이 부족함 그래도 레슬러,챔피온 다음에 나와서 괜찮다고 생각이 듬	['미소', '는', '있지만', '솔직히', '크게', '빵빵', '터지는건', '없고', '1', '편', '보다', '추리', '는', '많이', '부족함', '그래도', '레슬러', '챔피온', '다음', '에', '나와서', '괜찮다고', '생각', '이', '듬']	2.6659193407929886	1.11
108	108	QnNk2gcJPBM	진짜 길다....ㅋㅋㅋㅋㅋㅋㅋㅋㅋㅋ	['진짜', '길다']	-0.3358832185879237	-0.26
109	109	QnNk2gcJPBM	선배님 탈출하신다.비켜드려라...	['선배', '님', '탈출', '하신다', '비켜', '드려라']	0.0	0.0
110	110	QnNk2gcJPBM	1편을 재밌게봐서 2편도 꼭봐야것다. 했는데 오늘보구왔어용. 재밌었음. 역시 또 변이ㅡ	['1', '편', '을', '재밌게', '봐서', '2', '편도', '꼭', '봐야것다', '했는데', '오늘', '보구', '왔어용', '재밌었음', '역시', '또', '변', '이']	1.4790733012096535	0.66
111	111	QnNk2gcJPBM	한국 영화의 무기가 신파라는데 <br>그건 10년 전의 이야기일 뿐<br>탐정 정도면 충분히 재미있고 매력적인 영화라고 생각합니다<br>작은 개연성이나 추리 부분이 좀 더 부각됐다면 ...처음 중국집 정도만 쭉 이어졌다면 좋았을건데	['한국', '영화', '의', '무기', '가', '신파', '라는', '데', '그건', '10년', '전의', '이야기', '일', '뿐', '탐정', '정도', '면', '충분히', '재미있고', '매력', '적', '인', '영화', '라고', '생각', '합니다', '작은', '개연', '성', '이나', '추리', '부분', '이', '좀', '더', '부각', '됐다면', '처음', '중국집', '정도', '만', '쭉', '이어졌다면', '좋았을건데']	4.589862201395368	1.74
112	112	QnNk2gcJPBM	엉준님이랑 저랑 영화 코드가 잘 맞네요. 엉준님 저한테는 인생 리뷰어인듯	['엉', '준', '님', '이랑', '저', '랑', '영화', '코드', '가', '잘', '맞네요', '엉', '준', '님', '저', '한', '테', '는', '인생', '리뷰', '어인', '듯']	1.7766079612439198	0.76
113	113	QnNk2gcJPBM	왜 이렇게 재미있는 리뷰인데 구독자가 적으실까? ㅠ	['왜', '이렇게', '재미있는', '리뷰', '인데', '구', '독자', '가', '적으실까']	1.4790733012096535	0.76
114	114	QnNk2gcJPBM	토리아 <br> 다른 리뷰처럼 목소리만 있으면 더 좋을것같아요	['토리아', '다른', '리뷰', '처럼', '목소리', '만', '있으면', '더', '좋을것', '같아요']	-0.18504348020242256	-0.09
115	115	QnNk2gcJPBM	남을 불편하게 해서 웃기는 장면 없어서 좋았어요.	['남', '을', '불편하게', '해서', '웃기는', '장면', '없어서', '좋았어요']	-1.6888683080843112	-0.89
116	116	QnNk2gcJPBM	오 재밌나보네요!	['오', '재밌나', '보네요']	0.0	0.0
117	117	QnNk2gcJPBM	언제 나왔대?	['언제', '나왔대']	0.0	0.0
118	118	QnNk2gcJPBM	전편이더 추리물에 가까웠음 이건 조선명탐정급	['전', '편이', '더', '추리물', '에', '가까웠음', '이건', '조선', '명탐정', '급']	-0.3358832185879237	-0.17
119	119	QnNk2gcJPBM	꺄핫! 댓글 읽어주셔서 고맙습니다 ㅎㅎ	['꺄핫', '댓글', '읽어주셔서', '고맙습니다']	0.0	0.0
120	120	QnNk2gcJPBM	이거 1도 재밌었음ㅋㅋ	['이', '거', '1', '도', '재밌었음']	0.0	0.0
121	121	QnNk2gcJPBM	지나가는 낙엽만 봐도 깔깔거리는 사람이라면 &#39;라이언 일병 구하기&#39; 보면서도 웃을 것 같습니다...?	['지나가는', '낙엽', '만', '봐도', '깔깔', '거리', '는', '사람', '이', '라면', '39', '라이언', '일병', '구', '하기', '39', '보면서도', '웃', '을', '것', '같습니다']	-0.3358832185879237	-0.14
122	122	QnNk2gcJPBM	우와 나다아아아~!~!~!~! 아 근데 한국 코미디 영화에 대한 호감도는 별로였는데 이건 좀 볼만한 가족영화!	['우와', '나다아아아', '아', '근데', '한국', '코미디', '영화', '에', '대한', '호감', '도', '는', '별로', '였는데', '이건', '좀', '볼', '만', '한', '가족영화']	3.2047628873291467	1.39
123	123	QnNk2gcJPBM	결말 부분이 개꿀잼	['결말', '부분', '이', '개꿀잼']	0.9828981290915376	0.61
124	124	QnNk2gcJPBM	아직 못봤는데 이번 주말에 보러 가야곘따	['아직', '못', '봤는데', '이번', '주말', '에', '보러', '가야', '곘따']	0.9923503442362288	0.51
125	125	QnNk2gcJPBM	탐정 리턴즈 재미있게 보고 안봤던 탐정 더 비기닝도 찾아서 봤어요~ 탐정 더 비기닝도 볼만한 영화 더라구욥^^ 리뷰 재밋게 잘 보고 갑니당^^	['탐정', '리턴즈', '재미있게', '보고', '안', '봤던', '탐정', '더', '비기닝', '도', '찾아서', '봤어요', '탐정', '더', '비기닝', '도', '볼', '만', '한', '영화', '더', '라', '구', '욥', '리뷰', '재밋', '게', '잘', '보고', '갑니당']	6.444869559392727	2.6
126	126	QnNk2gcJPBM	아하!!!!! 첫따봉... 놓취쥐 않을고에어	['아하', '첫', '따', '봉', '놓취쥐', '않을고', '에어']	0.0	0.0
127	127	QnNk2gcJPBM	오 보러가야겠당	['오', '보러가야겠당']	0.0	0.0
128	128	tM2_hcAszJQ	x새끼들이 애드립이였네 ㅋㅋㅋㅋㅋㅋ	['x', '새끼', '들', '이', '애드립', '이', '였네']	0.0	0.0
129	129	tM2_hcAszJQ	이 영화 개꿀잼인뎈ㅋㅋ	['이', '영화', '개꿀잼인뎈']	0.12959305074030425	0.09
130	130	WG7KYaNoPt4	진짜 머리에요???!?	['진짜', '머리', '에요']	-0.6717664371758474	-0.45
131	131	WG7KYaNoPt4	완전 재밋엇어요!여치 ㅋㅋ도청기 ㅋㅋ	['완전', '재', '밋엇', '어', '요', '여치', '도청기']	0.0	0.0
132	132	WG7KYaNoPt4	ㅋㅋㅋㅋㅋㅋㅋㅋㅋㅋ	[]	0.0	-0.0
133	133	WG7KYaNoPt4	광수형 팬이에요.	['광수', '형', '팬', '이에요']	0.0	0.0
134	134	lNkRg-6Mv9k	상훈이 행님상 졸멋~ㅋ	['상훈', '이', '행', '님', '상', '졸멋']	0.0	0.0
135	135	lNkRg-6Mv9k	와....대단!!!	['와대', '단']	0.0	0.0
