,id,sentence,comment_cut,score,ratio
0,Gp1BczaKMQY,❤️😊💕,[],0.0,-0.0
1,Gp1BczaKMQY,😍👍🌸,[],0.0,-0.0
2,Gp1BczaKMQY,영화에서 데리고 오셨네요.,"['영화', '에서', '데리', '고', '오셨네요']",-2.213329900427011,-1.3
3,Gp1BczaKMQY,너무 귀여워서 납치해왔어요ㅎㅎ,"['너무', '귀여워서', '납치', '해왔어요']",-2.0815002674549503,-1.3
4,Gp1BczaKMQY,"<a href=""https://www.youtube.com/watch?v=Gp1BczaKMQY&amp;t=0m43s"">0:43</a> 애기 궁댕이 같은 볼따구ㅋㅋㅋㅋㅋㅋㅋㅋㄱㅋㄱㅋㄱㅋㄱㅋㄱㅋㄱㅋㄱㄱㅋㅋㅋㄱㅋㄱㅋㄱㅋㄱㅋㄱㄱ","['043', '애기', '궁댕', '이', '같은', '볼', '따구']",0.0,0.0
5,Gp1BczaKMQY,점점 말 재치와 영상 실력이 늘어나면서 원래도 금손이라 너무 보기 좋았지만 재미까지 더해져서 너무 좋아요,"['점점', '말', '재치', '와', '영상', '실력', '이', '늘어나면서', '원래', '도', '금손', '이라', '너무', '보기', '좋았지만', '재미', '까지', '더해져서', '너무', '좋아요']",3.757263513168497,1.63
6,Gp1BczaKMQY,ㅎㅎ여러 시도를 해보고있어요..! 좋게 봐주시니 더 힘내서 영상 만들 수 있을 거 같아요 감사합니다아☺️,"['여러', '시도', '를', '해보고있어요', '좋게', '봐주시니', '더', '힘내서', '영상', '만들', '수', '있을', '거', '같아요', '감사합니다아']",3.879513914350923,1.78
7,Gp1BczaKMQY,Awww so cute wheres my dodrio??? :) :(,"['Awww', 'so', 'cute', 'wheres', 'my', 'dodrio']",0.0,0.0
8,Gp1BczaKMQY,대박 ㅜㅜㅜ 저런거 배우고싶은데ㅜㅜㅜㅜ 띠부님의재능 부럽습니다 ㅜㅜ,"['대박', '저런거', '배우고싶은데', '띠부', '님', '의', '재능', '부럽습니다']",1.479624933136261,0.78
9,Gp1BczaKMQY,폴리머클레이만 잘하는게 아니라 그냥 모든 도구를 잘다루는거잖아 ㄷㄷ,"['폴리머', '클레이', '만', '잘', '하는게', '아니라', '그냥', '모든', '도구', '를', '잘', '다루는거잖아']",0.6661840139239086,0.32
10,Gp1BczaKMQY,"<a href=""https://www.youtube.com/watch?v=Gp1BczaKMQY&amp;t=1m14s"">1:14</a>초에 어떤 도구에요?","['114초', '에', '어떤', '도구', '에요']",-1.040750133727476,-0.61
11,Gp1BczaKMQY,민성 실리콘 조형붓입니다! 자세한 도구 설명은 채널의 도구소개영상을 참고해주세요 😊,"['민', '성', '실리콘', '조형', '붓', '입니다', '자세한', '도구', '설명', '은', '채널', '의', '도구', '소개', '영상', '을', '참고', '해주세요']",0.611454566108325,0.27
12,Gp1BczaKMQY,귀엽자너,"['귀엽자', '너']",0.0,0.0
13,Gp1BczaKMQY,Me encantan tus videos puedes hacer a jessie la vaquerita,"['Me', 'encantan', 'tus', 'videos', 'puedes', 'hacer', 'a', 'jessie', 'la', 'vaquerita']",0.0,0.0
14,Gp1BczaKMQY,It&#39;s so CUTE!,"['It', '39', 's', 'so', 'CUTE']",0.0,0.0
15,Gp1BczaKMQY,Thank you so much 🥰,"['Thank', 'you', 'so', 'much']",0.0,0.0
16,Gp1BczaKMQY,Please should you make the Scarlet witch I love your videos and the bunny it’s so cuteee !,"['Please', 'should', 'you', 'make', 'the', 'Scarlet', 'witch', 'I', 'love', 'your', 'videos', 'and', 'the', 'bunny', 'its', 'so', 'cuteee']",0.0,0.0
17,Gp1BczaKMQY,화난모습너무귀여워요!!ㅠㅠ,"['화난', '모습', '너무', '귀여워요']",-0.08150026745495031,-0.05
18,Gp1BczaKMQY,근데 나도 저렇게 만들고싶다 비법이 뭐징???,"['근데', '나도', '저렇게', '만들고싶다', '비법', '이', '뭐징']",0.0,0.0
19,Gp1BczaKMQY,저거 되~~~~~~~~~~~~~~~~~~~~~~게  갖고  싶다,"['저', '거', '되게', '갖고', '싶다']",0.0,0.0
20,Gp1BczaKMQY,너무 귀여워요!,"['너무', '귀여워요']",-0.08150026745495031,-0.06
21,Gp1BczaKMQY,당근 풀까지 섬세하게👏👏👏,"['당근', '풀', '까지', '섬세하게']",0.9184997325450515,0.57
22,Gp1BczaKMQY,Где Билли😡я отписываюсь:(,[],0.0,-0.0
23,Gp1BczaKMQY,흑흑흑... 너무 귀여워요...ㅠㅠ 진짜 스노우볼의 반전매력을 너무 잘 표현하셨어요ㅠㅠ 심쿵사로 사망하고갑니다♡♡♡ 대박이에요♡♡,"['흑', '흑', '흑', '너무', '귀여워요', '진짜', '스노우볼', '의', '반', '전', '매력', '을', '너무', '잘', '표현', '하셨어요', '심쿵사', '로', '사망', '하고', '갑니다', '대박', '이에요']",4.887328830607208,2.07
24,Gp1BczaKMQY,감사합니다😍,['감사합니다'],0.7573341169655627,0.76
25,Gp1BczaKMQY,It look amazing in the cartoon,"['It', 'look', 'amazing', 'in', 'the', 'cartoon']",0.0,0.0
26,Gp1BczaKMQY,띠부님 토르 망치를 만들어 주시면 안되요?,"['띠부', '님', '토르', '망치', '를', '만들어', '주시', '면', '안되요']",0.0,0.0
27,Gp1BczaKMQY,기다린 보람이 있네요ㅜㅜ 역시.. 최고.. 점점 퀄이 올라가네요!! 화이팅,"['기다린', '보람', '이', '있네요', '역시', '최고', '점점', '퀄', '이', '올라가네요', '화이팅']",2.9184997325450515,1.43
28,Gp1BczaKMQY,기다려주셔서 감사합니다😊,"['기다려주셔서', '감사합니다']",0.7573341169655627,0.58
29,Gp1BczaKMQY,인스타에서 보면서 정말 너무 귀엽다 생각했는데...크게봐도 역시 귀여워....<br>디오라마까지 엄청 고생하셨겠어요ㅠㅠ 오늘도 많이 배워갑니다! 아무리봐도 전시를 해야할것 같은데./..ㅋㅋㅋㅋㅋ,"['인스타', '에서', '보면서', '정말', '너무', '귀엽다', '생각', '했는데', '크게', '봐도', '역시', '귀여워', '디오라마', '까지', '엄청', '고생', '하셨겠어요', '오늘', '도', '많이', '배워', '갑니다', '아무리', '봐도', '전시', '를', '해야', '할것', '같은데']",1.3262036300159987,0.54
30,Gp1BczaKMQY,전시는 좀 더 쌓이면 하려구요ㅎㅎ감사합니다🐰,"['전시', '는', '좀', '더', '쌓이면', '하려구요', '감사합니다']",0.7573341169655627,0.41
31,Gp1BczaKMQY,"<a href=""https://www.youtube.com/watch?v=Gp1BczaKMQY&amp;t=2m32s"">2:32</a><br>😍😍😍",['232'],0.0,0.0
32,Gp1BczaKMQY,😍,[],0.0,-0.0
33,Gp1BczaKMQY,CUTEEE!,['CUTEEE'],0.0,0.0
34,Gp1BczaKMQY,Everything in this project is just too adorable. Can&#39;t decide which version is my fav and those carrots look so real. :),"['Everything', 'in', 'this', 'project', 'is', 'just', 'too', 'adorable', 'Can', '39', 't', 'decide', 'which', 'version', 'is', 'my', 'fav', 'and', 'those', 'carrots', 'look', 'so', 'real']",0.0,0.0
35,Gp1BczaKMQY,"Yeah, I love everything he does! Thank you so much ☺️🌷","['Yeah', 'I', 'love', 'everything', 'he', 'does', 'Thank', 'you', 'so', 'much']",0.0,0.0
36,Gp1BczaKMQY,"<b>Your work, hands, voice SUPER CUTE</b>","['Your', 'work', 'hands', 'voice', 'SUPER', 'CUTE']",0.0,0.0
37,Gp1BczaKMQY,<b>Thank you so much</b>,"['Thank', 'you', 'so', 'much']",0.0,0.0
38,Gp1BczaKMQY,"<a href=""https://www.youtube.com/watch?v=Gp1BczaKMQY&amp;t=1m55s"">1:55</a> 54917463011번 돌려보는중","['155', '54917463011', '번', '돌려', '보는', '중']",0.0,0.0
39,Gp1BczaKMQY,앗 담에 또 해볼게요ㅎㅎ,"['앗', '담', '에', '또', '해볼게요']",0.0,0.0
40,Gp1BczaKMQY,드디어ㅠㅜㅜ감사합니다 넘 잘만드세요,"['드디어', '감사합니다', '넘', '잘', '만드세요']",1.7573341169655627,1.03
41,Gp1BczaKMQY,기다려주셔서 감사합니다 😍,"['기다려주셔서', '감사합니다']",0.7573341169655627,0.58
42,Gp1BczaKMQY,"<a href=""https://www.youtube.com/watch?v=Gp1BczaKMQY&amp;t=3m58s"">3:58</a> 털 자른것도 넘 귀여운데 갠적으로 부시시한것도 너무 귀엽 민들레 홀씨같음ㅋㅋㅋㅋ","['358', '털', '자른것도', '넘', '귀여운데', '갠', '적', '으로', '부시시한', '것', '도', '너무', '귀엽', '민들레', '홀씨', '같음']",-0.4718100168799695,-0.21
43,Gp1BczaKMQY,와~오~헐~ 감탄사만 나옵니다.장인의 목소리며 손은 또 왤케 귀여우신건지....힐링되네요.^^귓속 핑크점토 넣는 장면에 꽂혀서 계속 돌려보고있습니다.ㅎㅎㅎ매번 귀엽고 즐거운 영상 감사합니다.^^,"['와', '오', '헐', '감탄사', '만', '나옵니다', '장인', '의', '목소리', '며', '손', '은', '또', '왤케', '귀', '여우', '신건', '지', '힐링', '되네요', '귓속', '핑크', '점토', '넣는', '장면', '에', '꽂혀서', '계속', '돌려', '보고있습니다', '매번', '귀엽고', '즐거운', '영상', '감사합니다']",5.6039128138453,2.2
44,Gp1BczaKMQY,ㅎㅎ에고..쑥스럽네요😂 저도 좋은 댓글에 힐링이 됩니다..! 감사합니다!,"['에고', '쑥스럽네요', '저', '도', '좋은', '댓글', '에', '힐링', '이', '됩니다', '감사합니다']",2.7573341169655627,1.35
45,Gp1BczaKMQY,Snowball is look like real snowball 😍😍😍👌👌 like in the movie😍😍😍😍,"['Snowball', 'is', 'look', 'like', 'real', 'snowball', 'like', 'in', 'the', 'movie']",0.0,0.0
46,Gp1BczaKMQY,Thank you so much 😆❤️,"['Thank', 'you', 'so', 'much']",0.0,0.0
47,Gp1BczaKMQY,So cute !,"['So', 'cute']",0.0,0.0
48,Gp1BczaKMQY,Thank you ☺️,"['Thank', 'you']",0.0,0.0
49,Gp1BczaKMQY,선좋아요 후 감상,"['선', '좋아요', '후', '감상']",0.0,0.0
50,Gp1BczaKMQY,저도 감사합니다~~! 토끼 너무 귀여워요 항상 잘 보고있어용,"['저', '도', '감사합니다', '토끼', '너무', '귀여워요', '항상', '잘', '보고있어용']",0.46426826461694737,0.24
51,Gp1BczaKMQY,우와ㅎㅎ 감사합니다👍❤️,"['우와', '감사합니다']",0.7573341169655627,0.58
52,Gp1BczaKMQY,얼 저 스노우볼 진짜 진짜 진짜 짱좋아하는데.ㅠㅠ 일요일이 제 생일인데 그상태로 저한테 주시면 됩니다!!ㅠㅠ 진짜 너무 귀엽고 이쁘네요,"['얼', '저', '스노우볼', '진짜', '진짜', '진짜', '짱', '좋아하는데', '일요일', '이', '제', '생일', '인데', '그', '상태', '로', '저', '한테', '주시', '면', '됩니다', '진짜', '너무', '귀엽고', '이쁘네요']",4.796249331362626,2.0
53,Gp1BczaKMQY,@DDIBOO띠부  감사합니담♥♥,"['DDIBOO', '띠부', '감사합니담']",0.0,0.0
54,Gp1BczaKMQY,오앗!! 미리 생일 축하드려요🥳 감사합니다ㅎㅎ,"['오앗', '미리', '생일', '축하', '드려요', '감사합니다']",2.7573341169655627,1.55
55,Gp1BczaKMQY,I like that you are most interested in me,"['I', 'like', 'that', 'you', 'are', 'most', 'interested', 'in', 'me']",0.0,0.0
56,Gp1BczaKMQY,Thank you 😊,"['Thank', 'you']",0.0,0.0
57,Gp1BczaKMQY,Wooooooowwwwwwwww!!!!!!👍👍👍👍👍👍👍❤❤❤❤❤🐰🐇💖💜🧡💙💚,['Wooooooowwwwwwwww'],0.0,0.0
58,Gp1BczaKMQY,👍😆💜,[],0.0,-0.0
59,Gp1BczaKMQY,기엽당♥,"['기', '엽', '당']",0.0,0.0
60,Gp1BczaKMQY,감사해요오💗,"['감사해요', '오']",0.0,0.0
61,Gp1BczaKMQY,Ah.... yeah bbu yo iung mal,"['Ah', 'yeah', 'bbu', 'yo', 'iung', 'mal']",0.0,0.0
62,Gp1BczaKMQY,Oh... jung mal kamsahamnida..,"['Oh', 'jung', 'mal', 'kamsahamnida']",0.0,0.0
63,Gp1BczaKMQY,캐릭터랑 완전 똑같은 것 같아요♥,"['캐릭터', '랑', '완전', '똑같은', '것', '같아요']",-0.6504403843024522,-0.37
64,Gp1BczaKMQY,그런가요?!ㅎㅎ 감사합니다 😍,"['그런', '가요', '감사합니다']",-0.2834160167619133,-0.19
65,Gp1BczaKMQY,매번새로운 감탄을 하게되네요...멋져요ㅠㅠㅠㅠ,"['매번', '새로운', '감탄', '을', '하게', '되네요', '멋져요']",3.0,1.63
66,Gp1BczaKMQY,감사합니다☺️💜,['감사합니다'],0.7573341169655627,0.76
67,Gp1BczaKMQY,グリルできます,[],0.0,-0.0
68,Gp1BczaKMQY,☺️🌷,[],0.0,-0.0
69,Gp1BczaKMQY,Raichu,['Raichu'],0.0,0.0
70,Gp1BczaKMQY,😊,[],0.0,-0.0
71,Gp1BczaKMQY,항상 제가 꿈꾸던일을 이렇게 해내는 사람들 보면 너무 부럽네요.,"['항상', '제', '가', '꿈꾸던', '일', '을', '이렇게', '해내는', '사람', '들', '보면', '너무', '부럽네요']",-2.6426254680461603,-1.25
72,Gp1BczaKMQY,엇..! 그 꿈 이루실 수 있도록 응원하겠습니다! 감사해요☺️,"['엇', '그', '꿈', '이루실', '수', '있도록', '응원', '하겠습니다', '감사해요']",0.0,0.0
73,Gp1BczaKMQY,귀여워요,['귀여워요'],0.0,0.0
74,Gp1BczaKMQY,감사합니다 😆,['감사합니다'],0.7573341169655627,0.76
75,Gp1BczaKMQY,제가 봤을 때 띠부채널은 양모를 활용한 클레이 작품들을 진짜 잘표현하시는듯 전 인상쓰는 스노우볼이 진짜 좋은것 같아요 ㅎㅎ,"['제', '가', '봤을', '때', '띠', '부채', '널은', '양모', '를', '활용', '한', '클레이', '작품', '들', '을', '진짜', '잘', '표현', '하시는듯', '전', '인상', '쓰는', '스노우볼', '이', '진짜', '좋은', '것', '같아요']",5.543933612741486,2.27
76,Gp1BczaKMQY,만들 때 털이 날려서 재채기 파티인거 빼고는ㅋㅋㅋ 넘 매력있는 재료인듯해요! 감사합니다😊,"['만들', '때', '털', '이', '날려서', '재채기', '파티', '인거', '빼고는', '넘', '매력', '있는', '재료', '인', '듯해', '요', '감사합니다']",-0.2834160167619115,-0.13
77,Gp1BczaKMQY,내가 늦어버리다니ㅠㅠ,"['내', '가', '늦어', '버리다니']",0.0,0.0
78,Gp1BczaKMQY,충분히 일찍 오셨는데요!?ㅎㅎ 감사합니다❤️,"['충분히', '일찍', '오셨는데요', '감사합니다']",1.7573341169655627,1.1
79,Gp1BczaKMQY,꺅 너무 귀엽자나여,"['꺅', '너무', '귀엽자', '나', '여']",-0.08150026745495031,-0.05
80,Gp1BczaKMQY,꺅 너무 감사하잖아요😍😍,"['꺅', '너무', '감사하잖아요']",-0.08150026745495031,-0.06
81,Gp1BczaKMQY,"<a href=""https://www.youtube.com/watch?v=Gp1BczaKMQY&amp;t=6m19s"">6:19</a> ㅋㅋㅋㅋㅋㅋㅋㅋ<br>힐링ㅠㅠ 너무귀여워요ㅠㅠ 갖고싶다ㅠㅠ 으엉ㅠ 귀여운털복숭이ㅠㅠ <br>분홍귀 뿅!하는거랑 리플레이 편집 맘에 쏙들어요! 편집실력이 쑥쑥 늘어나네요ㅎㅎ 그리고 코나 입 만들때는 저도모르게 같이 숨참게돼요ㅋㅋ <br>띠부님 영상 광고안넘길께요 적게일하고 많이버세요....!!","['619', '힐링', '너무', '귀여워요', '갖고싶다', '으', '엉', '귀여운', '털복숭이', '분홍', '귀', '뿅', '하는거랑', '리플레이', '편집', '맘', '에', '쏙', '들어요', '편집', '실력', '이', '쑥쑥', '늘어나네요', '그리고', '코', '나', '입', '만들', '때', '는', '저', '도', '모르게', '같이', '숨', '참게', '돼요', '띠부', '님', '영상', '광고', '안넘', '길께요', '적', '게일', '하고', '많이', '버세', '요']",4.019158463579272,1.49
82,Gp1BczaKMQY,아앗 알아봐주셔서 넘 좋아요ㅠㅠㅎㅎ 감사합니다! 앞으로도 더 재밌는 영상 만들도록 노력할게요! ❤️,"['아', '앗', '알아봐주셔서', '넘', '좋아요', '감사합니다', '앞', '으로도', '더', '재밌는', '영상', '만들도록', '노력', '할게요']",4.409538816801362,2.05
83,Gp1BczaKMQY,화난게 더 귀여워요,"['화난', '게', '더', '귀여워요']",0.0,0.0
84,Gp1BczaKMQY,전.. 못고르겠어요😭💗 감사합니다!,"['전', '못', '고르겠어요', '감사합니다']",0.7573341169655627,0.47
85,Gp1BczaKMQY,"<a href=""https://www.youtube.com/watch?v=Gp1BczaKMQY&amp;t=6m21s"">6:21</a> 후ㅎ","['621', '후']",0.0,0.0
86,Gp1BczaKMQY,ㅎㅎ😆😆,[],0.0,-0.0
87,Gp1BczaKMQY,어뜨케하면 이렇게 잘만들 수가 있죠...?,"['어뜨케하', '면', '이렇게', '잘만', '들', '수가', '있죠']",-2.0815002674549503,-1.13
88,Gp1BczaKMQY,여..열심히 만들었어요..! ㅎㅎ감사합니다아😊❤️,"['여', '열심히', '만들었어요', '감사합니다아']",1.0,0.62
89,Gp1BczaKMQY,이제 해외로 나가셨나보네요 구독자 쭉쭉 늘것 같아요,"['이제', '해외', '로', '나가셨나', '보네요', '구', '독자', '쭉쭉', '늘것', '같아요']",-0.8134409192123504,-0.41
90,Gp1BczaKMQY,Yeah! Thank you so much😆,"['Yeah', 'Thank', 'you', 'so', 'much']",0.0,0.0
91,Gp1BczaKMQY,존귀탱...ㅠㅠ...!<br><br><br><br><br>근데 피규어는 어디있나요? 왜 자꾸 수노우볼 자료사진을 보여주시는 건가요...?,"['존귀', '탱', '근데', '피', '규어', '는', '어디', '있나요', '왜', '자꾸', '수', '노우', '볼', '자료', '사진', '을', '보여주시는', '건가', '요']",0.0,0.0
92,Gp1BczaKMQY,사실 산거에요...!<br><br><br><br><br><br><br><br><br><br><br><br><br><br><br>넝담💗<br>감사합니다ㅎㅎ,"['사실', '산거에요', '넝담', '감사합니다']",0.7573341169655627,0.47
93,Gp1BczaKMQY,맙소사 자꾸 생명체를 창조해 내시면 하늘에 계실 그분께선 영문도 모르고 실직하시겠어요,"['맙소사', '자꾸', '생명체', '를', '창조', '해', '내시', '면', '하늘', '에', '계실', '그', '분', '께선', '영문', '도', '모르고', '실직', '하시겠어요']",-4.0,-1.76
94,Gp1BczaKMQY,편집방식이 넘 오밀조밀하고 귀여워요ㅠㅠㅠㅠㅠㅠㅠㅠ,"['편집', '방식', '이', '넘', '오밀조밀하고', '귀여워요']",0.0,0.0
95,Gp1BczaKMQY,으아ㅠ 이런 댓글 보면 정말...ㅠㅠ 편집 더 열심히 하고싶어진다구요ㅎㅠㅠ 감사합니다❤️,"['으아', '이런', '댓글', '보면', '정말', '편집', '더', '열심히', '하고싶어진다구요', '감사합니다']",1.0253934652081609,0.51
96,Gp1BczaKMQY,헐.. 졸귀탱 😍,"['헐', '졸귀', '탱']",0.0,0.0
97,Gp1BczaKMQY,감사해요ㅎㅎ😊❤️,['감사해요'],0.0,0.0
98,Gp1BczaKMQY,꺄 완전 귀여워요 시중에도 이렇게 나와줬으면 사고싶을정도인데 ㅠㅠ,"['꺄', '완전', '귀여워요', '시중', '에도', '이렇게', '나와', '줬으면', '사고싶을', '정도', '인데']",-1.1222504011824246,-0.55
99,Gp1BczaKMQY,시중에 나오려면 공장에 갇혀서 털 붙이고있어야되겠네요...ㅎㅎㅎ 감사합니다❤️,"['시중', '에', '나오려면', '공장', '에', '갇혀서', '털', '붙이고있어야', '되겠네요', '감사합니다']",-0.2834160167619133,-0.14
100,Gp1BczaKMQY,This is too damn cute. You are talented as hell.<br>Enjoyed your videos as always! Keep up the amazing job!,"['This', 'is', 'too', 'damn', 'cute', 'You', 'are', 'talented', 'as', 'hellEnjoyed', 'your', 'videos', 'as', 'always', 'Keep', 'up', 'the', 'amazing', 'job']",0.0,0.0
101,Gp1BczaKMQY,Thank you very much!! Please look forward to the next one☺️,"['Thank', 'you', 'very', 'much', 'Please', 'look', 'forward', 'to', 'the', 'next', 'one']",0.0,0.0
102,Gp1BczaKMQY,너무 귀여워용ㅠㅠㅠㅠ,"['너무', '귀여워용']",-0.08150026745495031,-0.06
103,Gp1BczaKMQY,귀엽게 봐주셔서 감사해용ㅜㅜ😭😍,"['귀엽게', '봐주셔서', '감사해용']",2.0,1.35
104,Gp1BczaKMQY,"Which brand of polymer clay you use to make this? Looks way too soft and nice looking to be Sculpey, Cernit, Kato or Fimo.","['Which', 'brand', 'of', 'polymer', 'clay', 'you', 'use', 'to', 'make', 'this', 'Looks', 'way', 'too', 'soft', 'and', 'nice', 'looking', 'to', 'be', 'Sculpey', 'Cernit', 'Kato', 'or', 'Fimo']",0.0,0.0
105,Gp1BczaKMQY,@DDIBOO띠부 Thank you! Thank you to Buttered Lumps as well.,"['DDIBOO', '띠부', 'Thank', 'you', 'Thank', 'you', 'to', 'Buttered', 'Lumps', 'as', 'well']",0.0,0.0
106,Gp1BczaKMQY,I used Fimo soft and Premo 😊,"['I', 'used', 'Fimo', 'soft', 'and', 'Premo']",0.0,0.0
107,Gp1BczaKMQY,끼야~ 오늘두 넘나 귀요븐 작품이네요!!!,"['끼', '야', '오늘', '두', '넘나', '귀', '요', '븐', '작품', '이네', '요']",-2.0815002674549503,-1.02
108,Gp1BczaKMQY,@DDIBOO띠부 띠부님이 전문이십니다!!,"['DDIBOO', '띠부', '띠부', '님', '이', '전', '문', '이십', '니', '다']",0.0,0.0
109,Gp1BczaKMQY,아무리 생각해도 귀여운 게 최고인 거 같아요😍,"['아무리', '생각', '해도', '귀여운', '게', '최고', '인', '거', '같아요']",3.5707044323808486,1.83
110,Gp1BczaKMQY,Omg sooo cute😍,"['Omg', 'sooo', 'cute']",0.0,0.0
111,Gp1BczaKMQY,Thank you 😊💗,"['Thank', 'you']",0.0,0.0
112,Gp1BczaKMQY,"lion bunny <a href=""https://www.youtube.com/watch?v=Gp1BczaKMQY&amp;t=3m58s"">3:58</a>","['lion', 'bunny', '358']",0.0,0.0
113,Gp1BczaKMQY,🤣🤣,[],0.0,-0.0
114,Gp1BczaKMQY,👏👏👏👏👏👏👏👏☺️👍👍👍👍👍👍👍👍👍👍👍👍🥰🥰🥰🥰🥰🥰,[],0.0,-0.0
115,Gp1BczaKMQY,😍👍💗🌷,[],0.0,-0.0
116,Gp1BczaKMQY,귀여워여여여ㅕ여여여여여,"['귀여워', '여', '여', '여', '여', '여', '여', '여', '여']",0.0,0.0
117,Gp1BczaKMQY,감사합니다아아☺️,"['감사합니다', '아아']",0.7573341169655627,0.58
118,Gp1BczaKMQY,brava sei fantastica!!!,"['brava', 'sei', 'fantastica']",0.0,0.0
119,Gp1BczaKMQY,"DDIBOO띠부 ma figurati, eh solo la verità. Complimenti!","['DDIBOO', '띠부', 'ma', 'figurati', 'eh', 'solo', 'la', 'verit', 'Complimenti']",0.0,0.0
120,Gp1BczaKMQY,Grazie 😍,['Grazie'],0.0,0.0
121,Gp1BczaKMQY,부럽다 난 똥손이라서 ㅋ,"['부럽다', '난', '똥손', '이라서']",-1.0,-0.62
122,Gp1BczaKMQY,✨🤲✨ &lt;--- 지원님 손,"['lt', '지원', '님', '손']",0.0,0.0
123,Gp1BczaKMQY,Omg (≧▽≦) This looks exactly like the movie! Amazing job! Your my favorite ❤️😊💕,"['Omg', 'This', 'looks', 'exactly', 'like', 'the', 'movie', 'Amazing', 'job', 'Your', 'my', 'favorite']",0.0,0.0
124,Gp1BczaKMQY,Thank you ❤️ I&#39;m so glad you like it! 🐰👏,"['Thank', 'you', 'I', '39', 'm', 'so', 'glad', 'you', 'like', 'it']",0.0,0.0
125,Gp1BczaKMQY,와 기대이상이에요 넘귀여워ㅠㅠㅠ,"['와', '기', '대', '이상', '이에요', '넘', '귀여워']",0.0,0.0
126,Gp1BczaKMQY,좋아해주셔서 다행이에요💗,"['좋아해주셔서', '다행', '이에요']",0.0,0.0
127,Gp1BczaKMQY,어ㅏㅏ오늘더 너무 대단하세요ㅠㅠㅠ!!,"['어', '오늘', '더', '너무', '대단하세요']",-0.08150026745495031,-0.05
128,Gp1BczaKMQY,감사합니다 🌷,['감사합니다'],0.7573341169655627,0.76
129,Gp1BczaKMQY,👀,[],0.0,-0.0
130,Gp1BczaKMQY,👀👀,[],0.0,-0.0
131,Gp1BczaKMQY,"갸아아아아아아악 알람 울리자마자  들어왔서요아아아악 넘 귀여워어아아아아아아아악 저 복슬복슬한 털... 얼굴 부비고싶어ㅠㅠㅠㅠㅠㅠ흑흑 영상..지금부터..감상해유,,💜","['갸', '아아', '아아', '아아', '악', '알람', '울리자마자', '들어왔서요', '아아', '아', '악', '넘', '귀여워어', '아아', '아아', '아아', '아', '악', '저', '복슬복슬한', '털', '얼굴', '부비', '고', '싶어', '흑', '흑', '영상', '지금', '부터', '감상', '해유']",0.3026450841382542,0.12
132,Gp1BczaKMQY,우왓! 한걸음에 달려와주셨네요!! ㅠㅠ감사합니다 ㅎㅎ💜,"['우왓', '한', '걸음', '에', '달려와주셨네요', '감사합니다']",0.7573341169655627,0.43
133,Gp1BczaKMQY,Cool,['Cool'],0.0,0.0
134,Gp1BczaKMQY,Thank you ☺️,"['Thank', 'you']",0.0,0.0
135,zGcHwuwd6bA,이거 엄상현 성우님인가요ㅇ..??,"['이', '거', '엄상현', '성우', '님', '인가요']",0.0,0.0
136,zGcHwuwd6bA,아닌데요 제가 될건데요,"['아닌데요', '제', '가', '될건데', '요']",0.0,0.0
137,zGcHwuwd6bA,제가 아무이유없이 베댓이 되어 보겠습니다,"['제', '가', '아무', '이유', '없이', '베댓', '이', '되어', '보겠습니다']",-1.040750133727476,-0.53
138,v9uTf5PSyTY,ㅋㄱㄱ,[],0.0,-0.0
139,TneekII6OKE,난 안봐서 모르겠고 마눌이랑 애들은 재미있다 하더이다.....뭐 연령층에 맞췄으면 됐죠 뭘,"['난', '안', '봐서', '모르겠고', '마눌', '이랑', '애', '들', '은', '재미있다', '하더이다', '뭐', '연령', '층', '에', '맞췄으면', '됐죠', '뭘']",1.9184997325450497,0.85
140,TneekII6OKE,솔직히 1도 진짜 지루하고 재미없었죠 집나간 강아지가 집에 돌아오는 모험기 이게 끝임 예고편 토끼 트럭씬에 낚여서봤지만 정말 토끼가 귀여운게 끝이었음 2 예고도 보니 스노우캣이 끝장나게 귀엽긴하네요 그게 끝일거같지만..토끼가 캐리하는 영화,"['솔직히', '1', '도', '진짜', '지루하고', '재미없었죠', '집', '나간', '강아지', '가', '집', '에', '돌아오는', '모험', '기', '이', '게', '끝임', '예고편', '토끼', '트럭씬', '에', '낚', '여서', '봤지만', '정말', '토끼', '가', '귀여운게', '끝', '이었음', '2', '예고', '도', '보니', '스노우캣', '이', '끝장', '나게', '귀엽긴', '하네요', '그게', '끝일', '거', '같지만', '토끼', '가', '캐리', '하는', '영화']",-23.614464279673733,-8.75
141,TneekII6OKE,4점이나 주다니.. 2점 정도 될 줄. 귀여움에 혹하는 것도 초반에나 통하지 내용이 영 아니었음.,"['4', '점', '이나', '주다니', '2', '점', '정도', '될', '줄', '귀', '여', '움', '에', '혹', '하는', '것', '도', '초반', '에나', '통', '하지', '내용', '이', '영', '아니었음']",-2.1630005349098975,-0.9
142,TneekII6OKE,내용은1편이 좋았는데 귀여움은 2편이 다가져감,"['내용', '은', '1', '편이', '좋았는데', '귀', '여', '움', '은', '2', '편이', '다', '가져감']",-2.081500267454947,-0.98
143,TneekII6OKE,토이스토리4를 고대로 베껴서 개고양이 스킨만 씌웠어도 평타는 침 엌ㅋㅋㅋㅋㅋㅋㅋㅋㅋㅋㅋㅋㅋㅋㅋㅋㅋㅋㅋㅋㅋㅋㅋㅋㅋㅋㅋㅋㅋㅋㅋㅋㅋㅋㅋㅋㅋㅋㅋㅋㅋㅋㅋㅋㅋㅋㅋㅋㅋㅋㅋㅋ,"['토이스토리', '4', '를', '고대로', '베', '껴서', '개', '고양이', '스킨', '만', '씌웠어도', '평타', '는', '침', '엌']",-3.0407501337274745,-1.4
144,TneekII6OKE,개인적으로 산만했던 느낌이 들었어요,"['개인', '적', '으로', '산만했던', '느낌', '이', '들었어요']",-1.4310598831524934,-0.78
145,TneekII6OKE,이 영화는 1편부터 개그스타일이 너무 올드했음 촌스럽지맘 토끼는 귀여웠다,"['이', '영화', '는', '1', '편', '부터', '개그스타', '일이', '너무', '올', '드', '했음', '촌', '스럽지', '맘', '토끼는', '귀여웠다']",-3.1647648504432455,-1.42
146,TneekII6OKE,앵그리버드도 리뷰해주세요,"['앵그리버드', '도', '리뷰', '해주세요']",-0.5318539626785639,-0.33
147,TneekII6OKE,정말 일루미네이션이 가지고있는 단점들. 내가 생각했었던 아쉬움들을 어떻게 이렇게 명확하게 표현해주시는지 놀라울 따름입니다. 믿거일,"['정말', '일', '루미', '네이션', '이', '가지고있는', '단점', '들', '내', '가', '생각', '했었던', '아쉬움', '들', '을', '어떻게', '이렇게', '명확하게', '표현', '해주시는지', '놀라울', '따름', '입니다', '믿거', '일']",-13.316421838030163,-5.55
148,TneekII6OKE,솔직히 아기 강아지들 보고 심장이 녹는기분이었지만...확실히 좀 식상하네요...,"['솔직히', '아기', '강아지', '들', '보고', '심장', '이', '녹는', '기분', '이었지만', '확실히', '좀', '식상하네요']",-2.244500802364851,-1.06
149,TneekII6OKE,레드 로즈와 호텔 뭄바이 도 리뷰 해주세요~,"['레드', '로즈', '와', '호텔', '뭄바이', '도', '리뷰', '해주세요']",-0.5318539626785639,-0.28
150,TneekII6OKE,형님 이제 속시원하게 홍길동 리뷰하시면 오랜만에 만점정도는 줄수있을겁니다.,"['형님', '이제', '속', '시원하게', '홍길동', '리뷰', '하시면', '오랜', '만', '에', '만점', '정도', '는', '줄수있을', '겁니다']",0.34589563613901153,0.16
151,TneekII6OKE,라이너님 영상들 아주 잘 보고 있습니다. 영화 암전 리뷰 해주세요 :),"['라이너', '님', '영상', '들', '아주', '잘', '보고', '있습니다', '영화', '암', '전', '리뷰', '해주세요']",2.2236452349565887,1.05
152,TneekII6OKE,전 이거 보고 다짐했어요.픽사외엔 보지말자! 에휴~,"['전', '이', '거', '보고', '다짐', '했어요', '픽사', '외', '엔', '보지말자', '에', '휴']",-1.1222504011824246,-0.54
153,TneekII6OKE,ㅋㅋㅋㅋ 두편의 애니를 리뷰하시는 줄 알았네요... 정말 심각하게 다른 두 얘기를 섞어놨군요...,"['두', '편의', '애니', '를', '리뷰', '하시는', '줄', '알았네요', '정말', '심각하게', '다른', '두', '얘기', '를', '섞어놨군요']",-6.7026694138447525,-3.08
154,TneekII6OKE,인정이에요ㅋㅋ 아빠하고 봤는데 아빠는 막졸고 나도 하품좀 나오고 이야기가 잘 이해가 안됐어요ㅋㅋ 레드슈즈가 더 나아요ㅋ,"['인정', '이에요', '아빠', '하고', '봤는데', '아빠', '는', '막', '졸고', '나도', '하품', '좀', '나오고', '이야기', '가', '잘', '이해', '가', '안', '됐어요', '레드슈즈', '가', '더', '나아요']",1.438874799408785,0.6
155,TneekII6OKE,딴거 둘째치고 시츄 진짜 귀엽게 생겼네,"['딴거', '둘째', '치고', '시츄', '진짜', '귀엽게', '생겼네']",4.0,2.17
156,TneekII6OKE,"마이펫인데, 서커스와 동물원은 아무리 좋게 봐줘도 이해가 안되는데요.....","['마이펫', '인데', '서커스', '와', '동물원', '은', '아무리', '좋게', '봐줘도', '이해', '가', '안되는데요']",1.9184997325450497,0.92
157,TneekII6OKE,할리우드 5대 배급사 애니메이션 스튜디오 중에서 일루미네이션이 가장 영화 못만드는듯,"['할리우드', '5', '대', '배급사', '애니메이션', '스튜디오', '중', '에서', '일', '루미', '네이션', '이', '가장', '영화', '못', '만드는듯']",-5.335580301609437,-2.42
158,TneekII6OKE,드림웍스의 작품들이 가지는 공통점은 후속작들의 깊이가 갈수록 얕아지는것인듯합니다.<br>그리고 전작의 장점을 하도 우려먹어 장점마저 희미해지는듯해요......마다가스카 그 짜증나는 여우원숭이...,"['드림웍스', '의', '작품', '들', '이', '가지는', '공통점', '은', '후속작', '들', '의', '깊이', '가', '갈수록', '얕아지는것인듯', '합니다', '그리고', '전작', '의', '장점', '을', '하도', '우려', '먹어', '장점', '마저', '희미해지는듯', '해', '요', '마다가스카', '그', '짜증나는', '여우', '원숭이']",-20.203548108441165,-7.98
159,TneekII6OKE,늑대가 중세 카톨릭 시대를 격으면서 굉장히 안좋은 동물로 폄하됐음. 늑대는 강인하고 끈질기고 동료와 배우자에게 매우 충직한 동물임,"['늑대', '가', '중세', '카톨릭', '시대', '를', '격으면', '서', '굉장히', '안좋은', '동물', '로', '폄하', '됐음', '늑대', '는', '강인하고', '끈질기고', '동료', '와', '배우자', '에게', '매우', '충직', '한', '동물', '임']",-1.6018753343186896,-0.66
160,TneekII6OKE,덩케르크 따라 한건가요?,"['덩케르크', '따라', '한', '건가', '요']",0.0,0.0
161,TneekII6OKE,이야기가 전혀 조화가 안된다는게 실망스러웠죠. 더군다나 러닝타임이 짧은데 3가지 이야기는 무리였다고 봐요.,"['이야기', '가', '전혀', '조화', '가', '안된다는게', '실망', '스러웠죠', '더군다나', '러닝', '타임', '이', '짧은데', '3', '가지', '이야기', '는', '무리였다고', '봐요']",-11.100456170838022,-4.87
162,TneekII6OKE,저는 개인적으로 정말즐겁게 본 영홥니다.<br>진돗개 셋을 키우면서 내가 보고 겪은 섬세한 일상의 모습들이 공감백배였어요,"['저', '는', '개인', '적', '으로', '정말', '즐겁게', '본', '영', '홥', '니', '다', '진돗개', '셋', '을', '키우면서', '내', '가', '보고', '겪은', '섬세한', '일상', '의', '모습', '들', '이', '공감', '백', '배였어요']",-0.32600106981979415,-0.13
163,TneekII6OKE,일루미네이션은 귀여운 캐릭터만 어필하는 영화하고 스토리는 정말 부족한 영화만 만들더라고요 미니언즈부터 마이펫의이중생활1도 글코요.몇번 겪어보니 약간 거르는 제작사가 되엇어요 저한텐,"['일', '루미', '네이션', '은', '귀여운', '캐릭터', '만', '어필', '하는', '영화', '하고', '스토리', '는', '정말', '부족한', '영화', '만', '만들더라고요', '미니', '언', '즈', '부터', '마이', '펫', '의', '이중생활', '1', '도', '글코', '요', '몇번', '겪어', '보니', '약간', '거르', '는', '제작사', '가', '되엇어', '요', '저', '한텐']",-20.985818125715685,-8.0
164,TneekII6OKE,귀여움+짧은 시간이 장점인 영화.<br>그외엔? 흠 없군!,"['귀', '여', '움', '짧은', '시간', '이', '장점', '인', '영화', '그', '외', '엔', '흠', '없군']",0.827420233300463,0.39
165,TneekII6OKE,이거....디즈니 픽사처럼 아이들부터 어른까지 볼수 있는 애니가 아니라 전형적인 어린이용이죠...그리고 그런 어린이들을 데리고 와야하는 어른들은 덤이고요...갠적으론 벅스 라이프 vs 앤트 지 부터 안티여서 새로운 실망도 아니지만 오히려 리뷰에서 안내견 영화 이야기에서 눈물이 찔끔 했네요...5월에 반려견을 하늘로 보내서요...<br>항상 리뷰 감사합니다....,"['이', '거', '디즈니', '픽사', '처럼', '아이', '들', '부터', '어른', '까지', '볼수', '있는', '애니', '가', '아니라', '전형', '적', '인', '어린이', '용이', '죠', '그리고', '그런', '어린이', '들', '을', '데리', '고', '와', '야하는', '어른', '들', '은', '덤', '이', '고요', '갠', '적', '으론', '벅스', '라이프', 'vs', '앤트', '지', '부터', '안티', '여서', '새로운', '실망', '도', '아니지만', '오히려', '리뷰', '에서', '안내견', '영화', '이야기', '에서', '눈물', '이', '찔끔', '했네요', '5월', '에', '반려견', '을', '하늘', '로', '보내서요', '항상', '리뷰', '감사합니다']",-41.10705926016486,-14.39
166,TneekII6OKE,귀여움으로 끝까지 본 영화죠,"['귀', '여', '움', '으로', '끝', '까지', '본', '영화', '죠']",-1.1647648504432415,-0.6
167,TneekII6OKE,참을 수 없는 배고픔 그리고 지금은 새벽 한시 반.<br>퇴근 시간에 얼핏 봤던 뼈다귀해장국이 눈에 아른거린다.<br>지금 그거 사먹고 오면 죄다 살로 가겠지?<br>돼지가 더 돼지 된다고 아무도 신경 안쓸테니 상관없으려나?,"['참을', '수', '없는', '배고픔', '그리고', '지금', '은', '새벽', '한시', '반', '퇴근', '시간', '에', '얼핏', '봤던', '뼈', '다', '귀', '해장국', '이', '눈', '에', '아른거린다', '지금', '그거', '사먹고', '오면', '죄다', '살로', '가겠지', '돼지', '가', '더', '돼지', '된다고', '아무', '도', '신경', '안', '쓸테니', '상관없으려나']",-2.163000534909897,-0.83
168,TneekII6OKE,"제가 느꼈던 점들을 일목요연하게 말씀해주셨습니다. 역시 가려운 곳을 긁어주는 리뷰, 공감하고 감사합니다!!<br>제 의견을 첨언하자면,<br>우선 제목이 잘못되었습니다. 도대체 뭐가 이중생활이라는 건지 모르겠습니다. 여기 동물들은 사람이 있으나없으나 원하는대로 행동합니다. 사람과 pet의 이야기가 아니라 그냥 pet의 이야기입니다. 차라리 &quot;마이팻의 모험&quot;이 더 나을 것 같습니다.<br>그리고 호랑이나 양 등은 pet이 아닙니다.<br>마지막으로 가장 기억에 남는 장면은 스노우볼이 랩을 하는 쿠키영상이었습니다.<br><br>아 추신, 토이스토리 베낀 것 같다는 것은 동의합니다. 하지만 귀여운 건 마이팻 승!^^;","['제', '가', '느꼈던', '점', '들', '을', '일목요연하게', '말씀', '해주셨습니다', '역시', '가려운', '곳', '을', '긁어주는', '리뷰', '공감', '하고', '감사합니다', '제', '의견', '을', '첨', '언', '하자', '면', '우선', '제목', '이', '잘', '못', '되었습니다', '도대체', '뭐', '가', '이중생활', '이라는', '건지', '모르겠습니다', '여기', '동물', '들', '은', '사람', '이', '있으나', '없으나', '원하는대로', '행동', '합니다', '사람과', 'pet', '의', '이야기', '가', '아니라', '그냥', 'pet', '의', '이야기', '입니다', '차라리', 'quot', '마이팻', '의', '모험', 'quot', '이', '더', '나을', '것', '같습니다', '그리고', '호랑이', '나', '양', '등', '은', 'pet', '이', '아닙니다', '마지막', '으로', '가장', '기억', '에', '남는', '장면', '은', '스노우볼', '이', '랩', '을', '하는', '쿠키', '영상', '이었습니다', '아', '추신', '토이스토리', '베', '낀', '것', '같다는', '것', '은', '동의', '합니다', '하지만', '귀여운', '건', '마이', '팻', '승']",-44.516993804008536,-14.58
169,TneekII6OKE,라이너님 왜 로건은 안해요?로건도 엄청난 명작인데 빨리 해주십쇼 라이너님이 하시는 말이 너무 듣고 싶습니다.로건 해주세요,"['라이너', '님', '왜', '로건', '은', '안', '해요', '로건', '도', '엄청난', '명작', '인데', '빨리', '해주십', '쇼', '라이너', '님', '이', '하시는', '말', '이', '너무', '듣고', '싶습니다', '로건', '해주세요']",-0.24450080236485072,-0.1
170,TneekII6OKE,리뷰만 봐도 영화의 산만함이 느껴지네요 ㅋㅋㅋㅋ,"['리뷰', '만', '봐도', '영화', '의', '산만함이', '느껴지네요']",-0.7451838631055749,-0.4
171,TneekII6OKE,보다 잤어요ㅜ,"['보다', '잤어요']",-1.040750133727476,-0.8
172,TneekII6OKE,역시 일루미네이션은 미니언즈나 슈퍼배드 시리즈로 밀고 나가야할 것 같습니다.. 일루미네이션 스타일로 동물 캐릭터는 뭔가 여전히 부담스러운데다 스토리가 중구난방인건 너무 아쉬워요..,"['역시', '일', '루미', '네이션', '은', '미니', '언', '즈', '나', '슈퍼배드', '시리즈', '로', '밀고', '나가야', '할', '것', '같습니다', '일', '루미', '네이션', '스타일', '로', '동물', '캐릭터', '는', '뭔가', '여전히', '부담스러운데다', '스토리', '가', '중구', '난방', '인', '건', '너무', '아쉬워요']",-7.7005671896233645,-3.01
173,TneekII6OKE,그냥 영화잘모르는 아이들이보면 띵작이고 영화좀아는사람은 평타이하인영화,"['그냥', '영화', '잘', '모르는', '아이', '들', '이보', '면', '띵작', '이고', '영화', '좀아는', '사람', '은', '평타', '이', '하인', '영화']",-10.710146421412999,-4.75
174,TneekII6OKE,"저는 이 영화를 중국에서 중국어 더빙으로 봤습니다. 솔직히 보면서 조금 지루했고, 다 보고 난 다음에 무슨 이야기었는지 요약을 할 수 없더군요. 저는 제가 중국어 유머를 잘 못 알아들어서 지루했다고 생각했는데, 라이너님의 리뷰를 보니 제 중국어의 문제가 아니었네요. <br>이 영화 중국어 더빙이 제가 매우 좋아하는 배우 马丽（데이지 역)가 해서 보러간 거라 그냥 내 최애 목소리 듣고 왔다는 것에 만족했습니다","['저', '는', '이', '영화', '를', '중국', '에서', '중국어', '더빙', '으로', '봤습니다', '솔직히', '보면서', '조금', '지루했고', '다', '보고', '난', '다음', '에', '무슨', '이', '야', '기었는지', '요약', '을', '할', '수', '없더군요', '저', '는', '제', '가', '중국어', '유머', '를', '잘', '못', '알', '아', '들어서', '지루했다고', '생각', '했는데', '라이너', '님', '의', '리뷰', '를', '보니', '제', '중국어', '의', '문제', '가', '아니었네요', '이', '영화', '중국어', '더빙', '이', '제', '가', '매우', '좋아하는', '배우', '데이지', '역', '가', '해서', '보러', '간', '거', '라', '그냥', '내', '최애', '목소리', '듣고', '왔다는', '것', '에', '만족했습니다']",0.14995988375792457,0.05
175,TneekII6OKE,이 애니메이션 회사는 라이너님께서 지적한대로 캐릭터 귀여움성은 정말 잘뽑는데 스토리를 영...슈퍼배드3도 솔직히 정말 실망했었거든요. 캐릭터는 정말 잘뽑은데 말이죠...,"['이', '애니메이션', '회사', '는', '라이너', '님', '께서', '지적', '한', '대로', '캐릭터', '귀', '여', '움', '성', '은', '정말', '잘뽑는데', '스토리', '를', '영', '슈퍼배드', '3', '도', '솔직히', '정말', '실망했었거든요', '캐릭터', '는', '정말', '잘뽑은데', '말', '이', '죠']",-3.31025744019834,-1.31
176,TneekII6OKE,ㅋㅋㅋ펙트만 말하니까 반박불가죵?...ㅋㅋㅎㅎ,"['펙트', '만', '말', '하', '니까', '반박', '불가', '죵']",0.0,0.0
177,TneekII6OKE,"어린이 만화 영화를 두고 너무 작품성 개연성 운운하는 것도 우습지만, 그동안 디즈니와 드림웍스 등 수많은 회사들이 아이와 어른 모두에게 재미와 교훈, 감동을 주는 성숙한 만화 영화들을 보여줬죠. 이에 반해 일루미네이션은 인공적으로 귀여운 캐릭터들을 대량 생산해 한철 장사하는 캐릭터 공장 같습니다. 미니언들과 마이펫들 등 귀여운 캐릭터들이 온갖 애교를 떨고 농담을 하지만 정작 이 캐릭터들이 우리에게 어떤 이야기를 전하는지, 존재 가치가 무엇인지는 잘 와닿지 않아 너무 경박하고 쉽게 질립니다. 슈퍼배드도 2편까진 괜찮았는데 미니언즈부터 좀 별로더라고요... 캐릭터 장사도 좋지만 일루미네이션이 좀 더 내실을 다져서 디즈니, 드림웍스와 어깨를 나란히 했으면 좋겠습니다.","['어린이', '만화', '영화', '를', '두고', '너무', '작품', '성', '개연', '성', '운운하는', '것', '도', '우습지만', '그동안', '디즈니', '와', '드림웍스', '등', '수많은', '회사', '들', '이', '아이', '와', '어른', '모두', '에게', '재미', '와', '교훈', '감동', '을', '주는', '성숙한', '만화', '영화', '들', '을', '보여줬죠', '이', '에', '반해', '일', '루미', '네이션', '은', '인공', '적', '으로', '귀여운', '캐릭터', '들', '을', '대량', '생산', '해', '한철', '장사', '하는', '캐릭터', '공장', '같습니다', '미니', '언', '들', '과', '마이', '펫', '들', '등', '귀여운', '캐릭터', '들', '이', '온갖', '애교', '를', '떨고', '농담', '을', '하지만', '정작', '이', '캐릭터', '들', '이', '우리', '에게', '어떤', '이야기', '를', '전', '하는지', '존재', '가치', '가', '무엇', '인', '지는', '잘', '와', '닿지', '않아', '너무', '경박하고', '쉽게', '질립니다', '슈퍼배드', '도', '2', '편', '까진', '괜찮았는데', '미니', '언', '즈', '부터', '좀', '별로', '더라고요', '캐릭터', '장사', '도', '좋지만', '일', '루미', '네이션', '이', '좀', '더', '내실을', '다져서', '디즈니', '드림웍스', '와', '어깨', '를', '나란히', '했으면', '좋겠습니다']",-54.78235264079117,-17.4
178,TneekII6OKE,일루미네이션은 영화계의 적폐임. 장난감 등 캐릭터 상품 팔아먹을 생각만 하지 영화로서의 기본을 전혀 하지 못함.,"['일', '루미', '네이션', '은', '영화계', '의', '적폐임', '장난감', '등', '캐릭터', '상품', '팔', '아', '먹을', '생각', '만', '하지', '영화', '로서', '의', '기본', '을', '전혀', '하지', '못', '함']",-5.268059348242604,-2.18
179,TneekII6OKE,이 시리즈는 그냥 꾸준히 이런 퀄리티로 나올듯합니다<br>이 회사의 캐릭터는 좋아하는데 이야기에는 별 매력을 못느껴서 안보게 되더라구요,"['이', '시리즈', '는', '그냥', '꾸준히', '이런', '퀄리티', '로', '나올듯', '합니다이', '회사', '의', '캐릭터', '는', '좋아하는데', '이야기', '에는', '별', '매력', '을', '못', '느껴서', '안보', '게', '되더라구요']",0.32278879605817923,0.13
180,TneekII6OKE,"1. 귀엽다.<br>2. 일단 뿌린 복선은 회수한다.<br><br>그것 이외에는 좀...<br>라이너님 리뷰에 전적으로 동의합니다. 기젯의 고양이 흉내는 고양이와 같이 사는 입장에서 굉장히 웃겼지만 전반적으로 스토리가 산만했고, 메세지는 중구난방이였습니다.<br><br>이 회사는 스토리를 더 신경쓸 필요가 있다고 봅니다. 씽을 생각하면 잠재력은 충분하다고 보는데...","['1', '귀엽다', '2', '일단', '뿌린', '복선', '은', '회수', '한', '다그', '것', '이외', '에는', '좀', '라이너', '님', '리뷰', '에', '전적', '으로', '동의', '합니다', '기젯', '의', '고양이', '흉내', '는', '고양이', '와', '같이', '사는', '입장', '에서', '굉장히', '웃겼지만', '전반', '적', '으로', '스토리', '가', '산만했고', '메세지', '는', '중구', '난방', '이', '였습니다', '이', '회사', '는', '스토리', '를', '더', '신경', '쓸', '필요', '가', '있다고', '봅니다', '씽', '을', '생각', '하면', '잠재력', '은', '충분하다고', '보는데']",-2.0424472375564635,-0.72
181,TneekII6OKE,어린이를 위한 작품을 너무 성인의 시선에서 하나부터 열까지 따지고 들어가면 안좋게 보일수 밖에 없지 않을까요? 토이스토리의 팬층은 이제 성인이고 의미를 부여하면 띵작이 되지만 이건 그럴 필요가 없지 않을까요??,"['어린이', '를', '위', '한', '작품', '을', '너무', '성인', '의', '시선', '에서', '하나', '부터', '열', '까지', '따지고', '들어가면', '안좋게', '보일수', '밖에', '없지', '않을까요', '토이스토리', '의', '팬층', '은', '이제', '성인', '이고', '의미', '를', '부여', '하면', '띵작', '이', '되지만', '이건', '그럴', '필요', '가', '없지', '않을까요']",-14.44825147100222,-5.51
182,TneekII6OKE,어떻게 어린이를 위한 영화라고 단정지을 수 있죠? 설사 그렇다고 하더라도 어린이 영화라는 점이 작품성이 엉망인것을 정당화 시킬 수 있는 없다고 보는데요. 남녀노소 누구나 봐도 좋은 영화가 좋은 영화죠.,"['어떻게', '어린이', '를', '위', '한', '영화', '라고', '단정', '지', '을', '수', '있죠', '설사', '그렇다고', '하더라도', '어린이', '영화', '라는', '점', '이', '작품', '성', '이', '엉망', '인', '것', '을', '정당화', '시킬', '수', '있는', '없다고', '보는데요', '남녀', '노소', '누구', '나', '봐도', '좋은', '영화', '가', '좋은', '영화', '죠']",-18.199148026142687,-6.88
183,TneekII6OKE,이번건 진짜 지루했습다ㅠㅠ,"['이번', '건', '진짜', '지루했', '습', '다']",2.0,1.12
184,TneekII6OKE,"영화는 별로 였는데, 리뷰는 대박이네요! <br>항상 리뷰 잘 보고 있지만 라이너님이 얼마나 리뷰를 잘 하는 지 다시 한번 느꼈어요! <br>깔끔하고 명쾌한 리뷰!! 엄지척!! <br><br>맥스가 아기를 보고 불안해하는 것은 정말 좋은 내용이라고 생각해요. 반려견의 문제는 대부분 보호자의 문제거든요. 특히 보호자가 믿음직스럽지 못하고, 보호해야 한다는 생각이 들면 문제행동이 많아지는데, 그것을 얘기한 건 너무 좋았다고 생각합니다. 그런데 그 해결책이.... 정말 황당하네요 ㅠㅠ<br>일루미네이션 대표가 애니메이션은 캐릭터가 전부다 라는 식으로 얘기한 적이 있는데, 그래서 그런지 전체적인 스토리보다 순간 순간의 장면들이 제멋대로 이어지는 느낌이네요 ㅠㅠ <br><br>예전에 저와 함께 했던 멍뭉이가 요즘처럼 더울 때, 제가 없는 동안 종종 알아서 에어컨을 틀고 있더라구요 ㅋ<br>아마 반려동물과 함께하는 모든 분들이 &quot;내가 없을때 어떻게 지내지?&quot;라는 생각을 다 해보셨을 거예요. 그래서 마이펫의 이중생활 설정은 정말 재밌다고 생각했는데, 1편도 그렇고 2편도 그렇고 &quot;내가 없는 동안 반려동물들은?&quot;이라는 설정에서 시작해서 엔딩은 &quot;내가 없는 동안&quot;이 빠져버리는 것 같아요 ㅠㅠ 호랑이나 늑대를 끌어들이지 않아도 반려동물이라는 내용에만 집중해도 더 재밌는 얘기를 많이 할 수 있다고 생각합니다. <br>1편과 2편은 기대에 못 미치지만 그래서 3편이 나오기를, 3편은 좀 더 충실한 내용을 담기를 기대해 봅니다^^!<br>리뷰 잘 봤습니다. 감사합니다♡","['영화', '는', '별로', '였는데', '리뷰', '는', '대박', '이네', '요', '항상', '리뷰', '잘', '보고', '있지만', '라이너', '님', '이', '얼마나', '리뷰', '를', '잘', '하는', '지', '다시', '한번', '느꼈어요', '깔끔하고', '명쾌한', '리뷰', '엄지', '척', '맥스', '가', '아기', '를', '보고', '불안해하는', '것', '은', '정말', '좋은', '내용', '이라고', '생각', '해요', '반려견', '의', '문제', '는', '대부분', '보호자', '의', '문제', '거든요', '특히', '보호자', '가', '믿음', '직', '스럽지', '못', '하고', '보호', '해야', '한다는', '생각', '이', '들면', '문', '제', '행동', '이', '많아지는데', '그것', '을', '얘기', '한', '건', '너무', '좋았다고', '생각', '합니다', '그런데', '그', '해결', '책', '이', '정말', '황당하네요', '일', '루미', '네이션', '대표', '가', '애니메이션', '은', '캐릭터', '가', '전부', '다', '라는', '식', '으로', '얘기', '한', '적', '이', '있는데', '그래서', '그런지', '전체', '적', '인', '스토리', '보다', '순간', '순간', '의', '장면', '들', '이', '제멋대로', '이어지는', '느낌이네요', '예전', '에', '저', '와', '함께', '했던', '멍뭉이', '가', '요즘', '처럼', '더울', '때', '제', '가', '없는', '동안', '종종', '알아서', '에어컨', '을', '틀', '고', '있더라구요', '아마', '반려동물', '과', '함께', '하는', '모든', '분', '들', '이', 'quot', '내', '가', '없을', '때', '어떻게', '지내지', 'quot', '라는', '생각', '을', '다', '해보셨을', '거', '예요', '그래서', '마이펫', '의', '이중생활', '설정', '은', '정말', '재밌다고', '생각', '했는데', '1', '편도', '그렇고', '2', '편도', '그렇고', 'quot', '내', '가', '없는', '동안', '반려동물', '들', '은', 'quot', '이라는', '설정', '에서', '시작', '해서', '엔딩', '은', 'quot', '내', '가', '없는', '동안', 'quot', '이', '빠져', '버리는', '것', '같아요', '호랑이', '나', '늑대', '를', '끌어', '들이지', '않아도', '반려동물', '이라는', '내용', '에만', '집중', '해도', '더', '재밌는', '얘기', '를', '많이', '할', '수', '있다고', '생각', '합니다', '1', '편', '과', '2', '편', '은', '기대', '에', '못', '미치지만', '그래서', '3', '편이', '나오기를', '3', '편', '은', '좀', '더', '충실한', '내용', '을', '담기를', '기대해', '봅니다', '리뷰', '잘', '봤습니다', '감사합니다']",-90.57169207823186,-26.45
185,TneekII6OKE,2편 만들어서 돈은 벌고싶은데 딱히 하고싶은 이야기는 없으니 ‘너희들이 뭘 좋아할지 몰라서 이것저것 다 집어넣어봤어’라는 느낌이네요,"['2', '편', '만들어서', '돈', '은', '벌고싶은데', '딱히', '하고싶은', '이야기', '는', '없으니', '너희', '들', '이', '뭘', '좋아할지', '몰라서', '이', '것', '저', '것', '다', '집어넣어', '봤어라는', '느낌이네요']",-1.7337049672907514,-0.72
186,TneekII6OKE,전 1편을 예전에 봤는데 저한텐 너무 재미없고 뻔하고 밍밍해서 기억에 하나도 남은게 없네요. 딱하나 처음에 테일러 스위프트가 부른 웰컴투뉴욕 빼고요. 영화관에서 이게 2편나왔단 걸 알았을때 놀랬네요.,"['전', '1', '편', '을', '예전', '에', '봤는데', '저', '한텐', '너무', '재미없고', '뻔하고', '밍밍', '해서', '기억', '에', '하나', '도', '남은게', '없네요', '딱', '하나', '처음', '에', '테일러', '스위프트', '가', '부른', '웰컴', '투', '뉴욕', '빼고요', '영화관', '에서', '이', '게', '2', '편', '나왔단', '걸', '알았을', '때', '놀랬네요']",-4.724125735501111,-1.79
187,TneekII6OKE,일루미네이션 사 스토리가 점점 산으로 간다,"['일', '루미', '네이션', '사', '스토리', '가', '점점', '산', '으로', '간다']",-2.805626002956062,-1.4
188,TneekII6OKE,디즈니의 다음 제물이 아니길ㅜㅜ,"['디즈니', '의', '다음', '제물', '이', '아니길']",-1.0407501337274743,-0.59
189,TneekII6OKE,개인적으로 전편에 비해선 좀 아쉬웠어요<br>슈퍼배드3도 그렇고 전편에 비해서 늘어지는게 좀 심하더라구요,"['개인', '적', '으로', '전편', '에', '비', '해', '선', '좀', '아쉬웠어요', '슈퍼배드', '3', '도', '그렇고', '전편', '에', '비', '해서', '늘어지는게', '좀', '심하더라구요']",-7.675560685517336,-3.31
190,TneekII6OKE,리뷰 잘 봤습니다~,"['리뷰', '잘', '봤습니다']",0.9477709704576971,0.64
191,TneekII6OKE,"제가 너무 엄격하게 봐서 보이는 단점이 아닐까 했던 것들을 거침없이 말씀해 주시네요ㅋㅋㅋ 그래도 아이들이 보기에는 꽤 좋은 작품이라고 생각합니다. 중구난방한 스토리도 오히려 어린 아이들이 보기엔 계속해서 새로운 것들을 보여줘서 집중을 유지시키는, 어느 정도는 장점으로 작용할 수 있다고도 보고요. 저 역시 맥스의 이야기에 집중했다면 더 좋았을 것 같다는 아쉬움이 남지만 그래도 가볍게 보기에는 괜찮았습니다.","['제', '가', '너무', '엄격하게', '봐서', '보이는', '단점', '이', '아닐까', '했던', '것', '들', '을', '거침', '없이', '말씀', '해', '주시네요', '그래도', '아이', '들', '이', '보기', '에는', '꽤', '좋은', '작품', '이라고', '생각', '합니다', '중구', '난', '방한', '스토리', '도', '오히려', '어린', '아이', '들', '이', '보기', '엔', '계속', '해서', '새로운', '것', '들', '을', '보여줘서', '집중', '을', '유지', '시키는', '어느', '정도', '는', '장점', '으로', '작용', '할', '수', '있다고도', '보고', '요', '저', '역시', '맥스', '의', '이야기', '에', '집중', '했다면', '더', '좋았을', '것', '같다는', '아쉬움', '이', '남지', '만', '그래도', '가볍게', '보기', '에는', '괜찮았습니다']",-34.11724263829534,-11.65
192,TneekII6OKE,토이스토리4를 고대로 베껴서 개고양이 스킨만 씌웠어도 평타는 침 엌ㅋㅋㅋㅋㅋㅋㅋㅋㅋㅋㅋㅋㅋㅋㅋㅋㅋㅋㅋㅋㅋㅋㅋㅋㅋㅋㅋㅋㅋㅋㅋㅋㅋㅋㅋㅋㅋㅋㅋㅋㅋㅋㅋㅋㅋㅋㅋㅋㅋㅋㅋㅋ,"['토이스토리', '4', '를', '고대로', '베', '껴서', '개', '고양이', '스킨', '만', '씌웠어도', '평타', '는', '침', '엌']",-3.0407501337274745,-1.4
193,TneekII6OKE,"이 새상 모든 영화 라이너님이 리뷰해주셨으면 좋겠어요,,,ㅠㅠ","['이', '새', '상', '모든', '영화', '라이너', '님', '이', '리뷰', '해주셨으면', '좋겠어요']",-0.4285594648792106,-0.21
194,TneekII6OKE,1편과 같이 2편도 동물들의 포인트를 잘잡어낸것을 제외하면 몰입되는부분이 없어서 참 시간이 더디게 흐르더라구요<br>게다가 2편은 캐릭터를 잘못잡아서 서로 어울리는건 시골씬외엔 없다고 생각되더라구요<br>데이지랑 토끼랑 구하러가는씬은 최근본 애니메이션영화장면중에 최악이라고 생각되더라구요,"['1', '편', '과', '같이', '2', '편도', '동물', '들', '의', '포인트', '를', '잘', '잡어', '낸것을', '제외', '하면', '몰입', '되는', '부분', '이', '없어서', '참', '시간', '이', '더디게', '흐르더라구요', '게다가', '2', '편', '은', '캐릭터', '를', '잘', '못잡아서', '서로', '어울리는건', '시골씬외', '엔', '없다고', '생각', '되더라구요', '데이지', '랑', '토끼', '랑', '구', '하러가는', '씬', '은', '최', '근본', '애니메이션영화', '장면', '중', '에', '최악', '이라고', '생각', '되더라구요']",-27.723923175304915,-10.01
195,TneekII6OKE,애니메이션 영화를 참좋아해서 유치하더라도 항상 보는데 미니언즈에 이어 딱 둘뿐인 두번다시 보고싶지 않은영화였습니다,"['애니메이션', '영화', '를', '참', '좋아해서', '유치하더라도', '항상', '보는데', '미니', '언', '즈', '에', '이어', '딱', '둘', '뿐', '인', '두', '번', '다시', '보고싶지', '않은', '영화', '였습니다']",-4.294830167881958,-1.8
196,TneekII6OKE,귀여움 하나로 밀고 나가기엔,"['귀', '여', '움', '하나로', '밀고', '나가기엔']",0.0,0.0
197,TneekII6OKE,"크으, 같은 동물인데 호랑이는 보호하고<br>늑대는 처단하려는 이분법이라는 말씀 듣고<br>감탄했습니다 ... !","['크으', '같은', '동물', '인데', '호랑이', '는', '보호', '하고', '늑대', '는', '처단', '하려는', '이분법', '이라는', '말씀', '듣고', '감탄', '했습니다']",-0.11267116939279509,-0.05
198,TneekII6OKE,중간에 지루해서 하품했던 기억이랑 할머니가 힙하신 분이다라는 결말만 남는 영화...,"['중간', '에', '지루해서', '하품', '했던', '기억', '이랑', '할머니', '가', '힙', '하신', '분', '이다', '라는', '결말', '만', '남는', '영화']",-5.896705502200647,-2.61
199,TneekII6OKE,암전과 변신 리뷰 기다리고 잇어요!!!,"['암', '전과', '변신', '리뷰', '기다리고', '잇어요']",-0.5318539626785639,-0.3
200,TneekII6OKE,시골가는 차 부분에서 잠깐 눈 감았다 떴는데 도시로 돌아오고있더라구요,"['시골', '가는', '차', '부분', '에서', '잠깐', '눈', '감았다', '떴는데', '도시', '로', '돌아오고있더라구요']",-1.5203750668637375,-0.73
201,TneekII6OKE,저도 맥스의 성장과 아이와의 유대감을 기대했는데 갑자기 호랑이 나오는 거 보고 당황스러웠네요..,"['저', '도', '맥스', '의', '성장', '과', '아이', '와의', '유', '대감', '을', '기대했는데', '갑자기', '호랑이', '나오는', '거', '보고', '당황', '스러웠네요']",-2.6426254680461603,-1.16
202,TneekII6OKE,킬링타임으로는 딱이더라구요,"['킬링타임', '으로는', '딱이더라구요']",0.0,0.0
203,TneekII6OKE,애프터도리뷰해주시죠??,"['애프터', '도', '리뷰', '해주시', '죠']",-0.5318539626785639,-0.31
204,TneekII6OKE,시간때우면서 보기에는 충분히 재미있었던 같아요! 혀를 굴리는 슈퍼배드의 드루를 닮은 악당을 차로 쳐버리고 멋지게 등장한 할머니는 정말ㅋㅋㅋ,"['시간', '때우면서', '보기', '에는', '충분히', '재미있었던', '같아요', '혀', '를', '굴리', '는', '슈퍼배드', '의', '드루', '를', '닮은', '악당', '을', '차로', '쳐', '버리고', '멋지게', '등장', '한', '할머니', '는', '정말']",-11.01863954607799,-4.53
205,TneekII6OKE,이걸 보긴 봤는데 딱히 기억에 남는건 없네요<br>마지막에 할머니가 차로 누굴 친거같긴한데,"['이', '걸', '보긴', '봤는데', '딱히', '기억', '에', '남는건', '없네요', '마지막', '에', '할머니', '가', '차로', '누굴', '친거', '같긴한데']",-4.163000534909901,-1.87
206,TneekII6OKE,우왓!,['우왓'],0.0,0.0
