,id,sentence,comment_cut,score,ratio
0,cECIiTMUylI,"최근에 나온 <br>증인, 그것만이 내 세상,<br>형과 비교 했을 때<br>젤 가볍게 볼만해서 좋았음..","['최근', '에', '나온', '증인', '그것', '만이', '내', '세', '상형', '과', '비교', '했을', '때젤', '가볍게', '볼', '만해', '서', '좋았음']",-8.160990628426902,-3.62
1,cECIiTMUylI,영화관에서<br>이거보면서 펑펑울었는데ㅠㅠ,"['영화관', '에서', '이', '거', '보면서', '펑펑', '울었는데']",0.26608345742777817,0.14
2,cECIiTMUylI,뜨거워,['뜨거워'],0.0,0.0
3,cECIiTMUylI,"가족은 선택해서 태어나는 게 아니다, 인생을 끝까지 살아 가야하는 책임=책임의 집, 약한 사람은 함께 살아가는거다.(대강 이런 대사) 난 신파로 전시하지도 않고 더불어 이런 주옥같은 대사들까지 너무 좋았음ㅠㅠ 장애뿐 아니라 마음 약해진 사람들까지 힘 주는 영화라고 생각ㅠ","['가족', '은', '선택', '해서', '태어나는', '게', '아니다', '인생', '을', '끝', '까지', '살', '아', '가야', '하는', '책임', '책임', '의', '집', '약한', '사람', '은', '함께', '살아가는거다', '대강', '이런', '대사', '난', '신파', '로', '전시', '하지도', '않고', '더불어', '이런', '주옥', '같은', '대사', '들', '까지', '너무', '좋았음', '장애', '뿐', '아니라', '마음', '약해진', '사람', '들', '까지', '힘', '주는', '영화', '라고', '생각']",-21.435793119704506,-7.82
4,cECIiTMUylI,증인보다는 나음 재밌고 눈물 나오던데ㅠㅠ,"['증인', '보다는', '나음', '재밌고', '눈물', '나오던데']",-3.0,-1.69
5,cECIiTMUylI,자극적이지도너무심심하지도않았던영화 <br>볼만한영화였음,"['자극', '적', '이', '지도', '너무', '심심하지도', '않았던', '영화', '볼', '만', '한', '영화', '였음']",-0.6684880784316095,-0.32
6,cECIiTMUylI,신하균 이광수 연기력이 다했음 ㄹㅇ 하드캐리,"['신하균', '이광수', '연기력', '이', '다', '했음', '하드캐리']",3.229872176432778,1.75
7,cECIiTMUylI,"이광수는 항상 연기 잘한다고 엄청 칭찬 받는데, 예능이미지 때문에 연기력 개쩌는거 대중들은 잘 몰라주는 듯ㅠ","['이광수', '는', '항상', '연기', '잘', '한다고', '엄청', '칭찬', '받는데', '예능', '이미지', '때문', '에', '연기력', '개쩌는거', '대중', '들', '은', '잘', '몰라주는', '듯']",6.759386609300265,2.91
8,cECIiTMUylI,어제 봤는데 전 그냥 재밌게 봤어요 엄복동을 봐서 그런가?,"['어제', '봤는데', '전', '그냥', '재밌게', '봤어요', '엄복동', '을', '봐서', '그', '런가']",-0.58049531421345,-0.28
9,cECIiTMUylI,좋았다,['좋았다'],0.0,0.0
10,cECIiTMUylI,이 영화보고 울었어요..6개월전이면 18년 12월에 나왔을건데,"['이', '영화', '보고', '울었어요', '6', '개월', '전이', '면', '18년', '12월', '에', '나왔을건데']",0.5056238917959175,0.24
11,cECIiTMUylI,붕붕붕~ 관람 리뷰 상영작 영화 보기전에 즐긴다<br>붕붕붕 라이너를 만나면 재미있다 컬쳐쇼크다<br>영화 찾아 리뷰 찾아 떠나는 라이너행 <br>영화가 있어 함께다<br><br>라이너는 재미있다 컬쳐쇼크다<br>라이너를 보고싶다 컬쳐쇼크다<br>랄랄랄라 랄랄랄라<br>라이너 컬쳐쇼크 모두와 함께<br><br>상영작 리뷰평 댓글 달리자<br>구독과 좋아요 알람설정요 앗하<br>신나게 즐기자 라이너 컬쳐쇼크다 붕붕~ ^_^,"['붕붕', '붕', '관람', '리뷰', '상영작', '영화', '보기전에', '즐긴다', '붕붕', '붕', '라이너', '를', '만나면', '재미있다', '컬쳐쇼크', '다', '영화', '찾아', '리뷰', '찾아', '떠나는', '라이너', '행', '영화', '가', '있어', '함께다', '라이너', '는', '재미있다', '컬쳐쇼크', '다', '라이너', '를', '보고싶다', '컬쳐쇼크', '다', '랄', '랄랄라', '랄', '랄랄라', '라이너', '컬쳐쇼크', '모두', '와', '함께', '상영작', '리뷰', '평', '댓글', '달리자', '구독', '과', '좋아요', '알람', '설정', '요', '앗', '하신나게', '즐기자', '라이너', '컬쳐쇼크', '다', '붕붕']",4.901455235215964,1.75
12,cECIiTMUylI,이 영화 리뷰를 보니 말아톤이 왜 수작인 지에 대한 리뷰도 한 번 해주시면 좋을 거 같다는 생각이 들었습니다 ㅎㅎ,"['이', '영화', '리뷰', '를', '보니', '말아톤', '이', '왜', '수작', '인', '지에', '대한', '리뷰', '도', '한', '번', '해주시', '면', '좋을', '거', '같다는', '생각', '이', '들었습니다']",3.3347174807925777,1.4
13,cECIiTMUylI,장애인관련해서 실습도했었는데 깔끔하게 보여줬다고 생각해서 전 좋았습니다ㅋㅋ<br> 다만 이광수의 연기는 정말.. 놀라울정도라더구요 신하균의 목연기도 대단했는데 여튼 두남배우가 살렸다고생각합니다!! ㅎㅎ,"['장애인', '관련', '해서', '실습', '도', '했었는데', '깔끔하게', '보여줬다고', '생각', '해서', '전', '좋았습니다', '다만', '이광수', '의', '연기', '는', '정말', '놀라울', '정도', '라', '더구요', '신하균', '의', '목', '연', '기도', '대단했는데', '여', '튼', '두', '남', '배우', '가', '살렸다고', '생각', '합니다']",-6.0743727976488815,-2.37
14,cECIiTMUylI,새아버지 배우 사진 잘못쓰셨음;; 동구 새아버지 역 다른분임ㅋㅋ,"['새아버지', '배우', '사진', '잘', '못', '쓰셨음', '동구', '새아버지', '역', '다른', '분임']",1.444721467852152,0.71
15,cECIiTMUylI,아이폰 사용자는 혹시 모르니 핸드폰을 끄고 보는것이 좋을거 같은 영화,"['아이폰', '사용자', '는', '혹시', '모르니', '핸드폰', '을', '끄고', '보는것이', '좋을거', '같은', '영화']",0.12765712907841398,0.06
16,cECIiTMUylI,영화에서 시리야 하고 부르는 장면이 많아서 그러는듯,"['영화', '에서', '시리', '야', '하고', '부르는', '장면', '이', '많아서', '그러는듯']",-0.7803713837213349,-0.39
17,cECIiTMUylI,무슨뜻인가염,"['무슨', '뜻', '인', '가염']",0.0,0.0
18,cECIiTMUylI,저도 재밌었답니다 ㅎㅎ,"['저', '도', '재밌었답니다']",0.0,0.0
19,cECIiTMUylI,새아버지역할하신배우가 영상에 나오는 분이 아닌거같아요..!,"['새아버지', '역할', '하', '신', '배우', '가', '영상', '에', '나오는', '분', '이', '아닌거', '같아요']",0.8226882305696556,0.39
20,cECIiTMUylI,"&#39;그것만이 내 세상&#39;, &#39;증인&#39;, &#39;나의 특별한 형제&#39; 같이 장애를 소재로 한 영화들을 볼수록 느껴지는 점 = &#39;말아톤&#39; 이 정말 잘 만든 영화였구나","['39', '그것', '만이', '내', '세상', '39', '39', '증인', '39', '39', '나', '의', '특별한', '형제', '39', '같이', '장애', '를', '소재', '로', '한', '영화', '들', '을', '볼수록', '느껴지는', '점', '39', '말아톤', '39', '이', '정말', '잘', '만든', '영화', '였구나']",-5.664809694907911,-2.22
21,cECIiTMUylI,"솔찍히 예고편에서 한명은 헤프게 웃고, 한명은 휠체어탄걸 보자마자 1초만에 언터처블 표절이라고 생각했는대 아니었다는거에 엄청놀랐습니다.","['솔', '찍히', '예고편', '에서', '한', '명', '은', '헤프', '게', '웃고', '한', '명', '은', '휠체어', '탄', '걸', '보자마자', '1초', '만에', '언터처블', '표절', '이라고', '생각', '했는대', '아니었다는거에', '엄청', '놀랐습니다']",-1.828842488869065,-0.75
22,cECIiTMUylI,최근봤던 다시봄(쒸레기)보다는 재미있지만... 솔직히 조금 아쉬웠습니다...<br>그렇다고 너무재미없던 영화는 아니었죠...,"['최근', '봤던', '다시봄쒸레기', '보다는', '재미있지만', '솔직히', '조금', '아쉬웠습니다', '그렇다고', '너무', '재미없던', '영화', '는', '아니었죠']",-1.7816976247153695,-0.83
23,cECIiTMUylI,저는 신파라고 생각안 합니다. 신파는 앞에서 딱히 설득력와 이유를 쌓아오지 않고 해당 장면의 억지스러운 설정과 감정 짜내기로 관객들을 울릴려고 하는 것을 신파라고 생각합니다. &lt;나의 특별한 형제&gt;는 후반부 감동을 나름 앞에서 설정과 설득력을 확보했고 섬세하진 않지만 반전을 이용해서 감동을 극대화시킨 부분이 있었어요.,"['저', '는', '신파', '라고', '생각', '안', '합니다', '신파', '는', '앞', '에서', '딱히', '설득', '력', '와', '이유', '를', '쌓아오지', '않고', '해당', '장면', '의', '억지스러운', '설정', '과', '감정', '짜내기로', '관객', '들', '을', '울릴려고', '하는', '것', '을', '신파', '라고', '생각', '합니다', 'lt', '나', '의', '특별한', '형제', 'gt', '는', '후반', '부', '감동', '을', '나름', '앞', '에서', '설정', '과', '설득', '력', '을', '확보', '했고', '섬세하진', '않지만', '반전', '을', '이용', '해서', '감동', '을', '극', '대화', '시킨', '부분', '이', '있었어요']",-13.586561866075225,-4.75
24,cECIiTMUylI,저는 미현이라는 캐릭터가 이해가 되더군요 미현은 그 둘의 관계가 부러웠을 거라고 생각했습니다. 세하와 동구는 각각은 장애인이지만 둘이 함께라면 무적처럼 느껴졌어요 특히 휠체어로 엘리베이터 따라잡는 씬이 인상적이었습니다. 미현은 도와주고 싶은 게 아니라 나도 껴줘라는 심정이었을 거라고 생각하면 그렇게까지 생뚱맞은 캐릭터는 아니라고 생각합니다.,"['저', '는', '미현', '이라는', '캐릭터', '가', '이해', '가', '되더군요', '미현', '은', '그', '둘', '의', '관계', '가', '부러웠을', '거', '라고', '생각', '했습니다', '세', '하와', '동구', '는', '각각', '은', '장애인', '이지만', '둘', '이', '함께라면', '무적', '처럼', '느껴졌어요', '특히', '휠체어', '로', '엘리베이터', '따라잡는', '씬', '이', '인상', '적', '이었습니다', '미현', '은', '도와주고', '싶은', '게', '아니라', '나도', '껴줘라는', '심정', '이었을', '거', '라고', '생각', '하면', '그렇게', '까지', '생뚱맞', '은', '캐릭터', '는', '아니라고', '생각', '합니다']",-11.948295194226931,-4.22
25,cECIiTMUylI,평소에 전혀 생각 못하시다가 우연한 기회로 봉사활동 하시는분들 많습니다 현실에서도 미현같은 사람들이 존재하는데 생뚱맞다는건 좀 아닌거 같네요 생뚱맞다는 사람들은 어려운사람들 한테 도움은 주셔봤어도 봉사&#39;활동&#39; 현장에는 전혀 안가보신듯 보이네요,"['평소', '에', '전혀', '생각', '못', '하시다가', '우연', '한', '기회', '로', '봉사활동', '하시는', '분', '들', '많습니다', '현실', '에서도', '미현', '같은', '사람', '들', '이', '존재', '하는데', '생뚱', '맞다는건', '좀', '아닌거', '같네요', '생뚱맞다', '는', '사람', '들', '은', '어려운', '사람', '들', '한테', '도움', '은', '주셔', '봤어도', '봉사', '39', '활동', '39', '현장', '에는', '전혀', '안', '가보신듯', '보이네요']",-17.793069140553264,-6.55
26,cECIiTMUylI,광수의 지적장애연기는 완벽했음 그게다임 그리고 끝판왕과 대결이었으니 관객몰이실패에도 이해가능,"['광수', '의', '지적장애', '연기', '는', '완벽했음', '그게', '다임', '그리고', '끝판', '왕', '과', '대결', '이었으니', '관객', '몰이', '실패', '에도', '이해', '가능']",-1.1132095462837621,-0.48
27,cECIiTMUylI,이광수는 런닝맨을 비롯한 예능에서 쌓아올린 이미지가 너무 강해서 코믹한 역을 맡으면 이광수가 그대로 보이는 명확환 단점이 있는데도 불구하고 이광수가 보이지 않았다는것은 굉장한 칭찬이네요. 탐정같은 영화에서는 내츄럴 본 이광수였던지라....,"['이광수', '는', '런닝맨', '을', '비롯', '한', '예능', '에서', '쌓아', '올린', '이미지', '가', '너무', '강해서', '코믹', '한', '역', '을', '맡으면', '이광수', '가', '그대로', '보이는', '명확', '환', '단점', '이', '있는데도', '불구', '하고', '이광수', '가', '보이지', '않았다는것은', '굉장한', '칭찬', '이네', '요', '탐정', '같은', '영화', '에서는', '내츄럴', '본', '이광수', '였던', '지라']",4.752596133011409,1.78
28,cECIiTMUylI,"착한 영화라는 점에 매우 동의합니다. 
<br>장애를 자극적으로 표현하지 않고, 비장애인을 최종 보스처럼 그리지 않아서 좋았습니다. 
<br>개인적으로 신파가 적은 편인 게 장점이라고 생각되었습니다. 
<br>
<br>반면, 스토리의 짜임새는 정말 아쉬웠습니다.
<br>갈등 개수를 줄이고, 짜임새를 높였다면 좀 더 많은 사람이 보지 않을까 하는 생각이 영화 내내 들었습니다.
<br>
<br>부모님하고 같이 봤는데, 비장애인 우리가 생각해볼 게 많았다는 이야기를 나눌 수 있었습니다. 
<br>영화 보실 분들은 식사하시고, 보시는 걸 추천합니다. 
<br>밥 먹지 않고, 영화 보러 갔다가 라면이 정말 먹고 싶었습니다.","['착한', '영화', '라는', '점', '에', '매우', '동의', '합니다', '장애', '를', '자극', '적', '으로', '표현', '하지', '않고', '비장', '애인', '을', '최종', '보스', '처럼', '그', '리지', '않아서', '좋았습니다', '개인', '적', '으로', '신파', '가', '적은', '편', '인', '게', '장점', '이라고', '생각', '되었습니다', '반면', '스토리', '의', '짜임새', '는', '정말', '아쉬웠습니다', '갈등', '개수', '를', '줄', '이고', '짜임새', '를', '높였다면', '좀', '더', '많은', '사람', '이', '보지', '않을까', '하는', '생각', '이', '영화', '내내', '들었습니다', '부모님', '하고', '같이', '봤는데', '비장', '애인', '우리', '가', '생각', '해볼', '게', '많았다는', '이야기', '를', '나눌', '수', '있었습니다', '영화', '보실', '분', '들', '은', '식사', '하시고', '보시', '는', '걸', '추천', '합니다', '밥', '먹지', '않고', '영화', '보러', '갔다가', '라면', '이', '정말', '먹고', '싶었습니다']",,
29,cECIiTMUylI,그냥 재미없던데,"['그냥', '재미없던데']",-0.5566047731418793,-0.43
30,cECIiTMUylI,저는 지금 입원중이라  못보는데<br>영화관가서<br>보고싶네요,"['저', '는', '지금', '입원', '중', '이라', '못', '보는데', '영화관', '가서', '보고싶네요']",-0.556604773141881,-0.27
31,cECIiTMUylI,난 너무재밌고 슬펐는데ㅜㅠ,"['난', '너무', '재밌고', '슬펐는데']",-0.2634309754397133,-0.16
32,cECIiTMUylI,당신이그걸다어떻게알아요,"['당', '신', '이그', '걸다', '어떻게', '알아요']",0.0,0.0
33,cECIiTMUylI,라이너님 덕분에 리뷰잘보고있어요 간절기 감기조심하세요,"['라이너', '님', '덕분', '에', '리뷰', '잘', '보고있어요', '간절', '기', '감기', '조심하세요']",-0.4287304453583993,-0.21
34,cECIiTMUylI,어쩜그리 제가 느낀 것과 똑같나요. 라이너님의 평을 많이 보다보니 생각하는 것도 비슷해졌나봅니다,"['어쩜그리', '제', '가', '느낀', '것', '과', '똑같나요', '라이너', '님', '의', '평', '을', '많이', '보다', '보니', '생각', '하는', '것', '도', '비슷해졌나', '봅니다']",0.3736860626268811,0.16
35,cECIiTMUylI,저기요 저감동했어울었어요 재밌는부분약속도장복수저이영화봤어요!!!!,"['저기', '요', '저', '감동', '했어울었어요', '재밌는', '부분', '약', '속도', '장', '복수', '저', '이영화', '봤어요']",3.976109458928426,1.85
36,cECIiTMUylI,평소같았다면 예매버튼 클릭을 몇번이나 고민하다 결국 &quot;이건 패스&quot; 했을 것 같은 영화인데<br>엔드게임 대란으로 제가 현실적으로 갈 수 있는 범위 내에 극장에서 상영하는 영화 중에 남은 영화가 엥꼬나버려서 영화선택의 여지가 없다보니 고민할 필요도 없이 보게 됐습니다.<br>(뽀로로를 볼 순 없으니까요)<br>아쉬움이 많이 남는 영화였지만  그래도 따뜻한 마음으로 극장 밖을 나올 수 있어서 적어도 인상비평만으로는 꽤나 괜찮게 느껴지는 영화였습니다.,"['평소', '같았다면', '예매', '버튼', '클릭', '을', '몇번', '이나', '고민', '하다', '결국', 'quot', '이건', '패스', 'quot', '했을', '것', '같은', '영화', '인데', '엔드게임', '대란', '으로', '제', '가', '현실', '적', '으로', '갈', '수', '있는', '범위', '내', '에', '극장', '에서', '상영', '하는', '영화', '중', '에', '남은', '영화', '가', '엥', '꼬', '나', '버려서', '영화', '선택', '의', '여지', '가', '없다', '보니', '고민', '할', '필요', '도', '없이', '보게', '됐습니다', '뽀로로', '를', '볼', '순', '없으니까', '요', '아쉬움', '이', '많이', '남는', '영화', '였지만', '그래도', '따뜻한', '마음', '으로', '극장', '밖', '을', '나올', '수', '있어서', '적어도', '인상', '비평', '만으로는', '꽤', '나', '괜찮게', '느껴지는', '영화', '였습니다']",-25.285203685100313,-8.5
37,cECIiTMUylI,라이너님의 평점은 평론가들의 평점보다도 훨씬짜네요 역시~,"['라이너', '님', '의', '평점', '은', '평론가', '들', '의', '평점', '보다도', '훨씬', '짜네요', '역시']",0.4686120089237247,0.22
38,cECIiTMUylI,평점 몇점인가요?,"['평점', '몇', '점', '인가요']",-0.5566047731418793,-0.35
39,cECIiTMUylI,한번 봐야지 ㅎ <br>광수의 연기를 보기  위해서라도 ㅎ,"['한번', '봐야지', '광수', '의', '연기', '를', '보기', '위', '해서라도']",-0.5566047731418828,-0.28
40,cECIiTMUylI,참!라이너형님은목소리가무기입니다<br>역시잘보고갑니다<br>초심잃지마시고쭈욱지금처럼갑시다!,"['참', '라이너', '형님', '은', '목소리', '가', '무기', '입니다', '역시', '잘', '보고', '갑니다', '초심', '잃지', '마시고', '쭈욱', '지금', '처럼', '갑시다']",1.7987976894980817,0.79
41,cECIiTMUylI,‘감성팔이’,"['감성', '팔이']",0.0,0.0
42,cECIiTMUylI,끝까지 동구엄마랑 새아빠 의심했는데 착한사람들이라 더 찜찜,"['끝', '까지', '동', '구', '엄마', '랑', '새아빠', '의심', '했는데', '착한', '사람', '들', '이라', '더', '찜찜']",-2.501945508272219,-1.15
43,cECIiTMUylI,착한건 엄마뿐이겠지... 겉만 착하게구는사람 깔렸잖아요?,"['착한건', '엄마', '뿐이겠지', '겉', '만', '착하게', '구', '는', '사람', '깔렸잖아요']",-0.7189216425628142,-0.36
44,cECIiTMUylI,나는 더 좋았는데,"['나', '는', '더', '좋았는데']",0.0,0.0
45,cECIiTMUylI,음.. 내가 좋아하는영화인데 그러시니까 괜히나한테 욕한거같네;;,"['음', '내', '가', '좋아하는', '영화', '인데', '그', '러시', '니까', '괜히', '나', '한테', '욕', '한', '거', '같네']",-3.720795200771608,-1.69
46,cECIiTMUylI,사람 생각하는건 다 다르니까요 저도 볼만은 했습니다 암걸리는 전개가 없어서 다행이였으니까요,"['사람', '생각', '하는건', '다', '다르니까', '요', '저', '도', '볼', '만은', '했습니다', '암', '걸리는', '전개', '가', '없어서', '다행', '이', '였으니까', '요']",-3.7899570477880853,-1.65
47,cECIiTMUylI,수영까지는 뭐 나쁘지 않다고 생각했는데 갑자기 신파로 가니 이건 또 무슨 싸다 만 똥이냐는 생각밖에....,"['수영', '까지는', '뭐', '나쁘지', '않다고', '생각', '했는데', '갑자기', '신파', '로', '가니', '이건', '또', '무슨', '싸다', '만', '똥', '이냐', '는', '생각', '밖에']",-2.2974544977927893,-0.99
48,cECIiTMUylI,난 수영으로 성공하는건줄 알았는데 갑자기 수영했다가 엄마나오고 둘이 행복하게 라면 먹는걸로 끝...,"['난', '수영', '으로', '성공하는건', '줄', '알았는데', '갑자기', '수영', '했다가', '엄마', '나오고', '둘', '이', '행복하게', '라면', '먹', '는걸', '로', '끝']",0.5198181899281302,0.23
49,cECIiTMUylI,인도에 자전거 오토바이가 더 위험합니다.<br>전동휠체어가 그리 위험하진 않아요<br>도로가 위험한건 사실!,"['인도', '에', '자전거', '오토바이', '가', '더', '위험합니다', '전', '동', '휠체어', '가', '그리', '위험하진', '않아요', '도로', '가', '위험한건', '사실']",0.0,0.0
50,cECIiTMUylI,마자요ㅜㅜ 특히 자전거는 무섭ㄷㄷ,"['마자', '요', '특히', '자전거', '는', '무섭']",0.0,0.0
51,cECIiTMUylI,마자여. 자전거는 특히 더 무서워요ㅜㅜ,"['마자', '여', '자전거', '는', '특히', '더', '무서워요']",0.0,0.0
52,cECIiTMUylI,아..1점 차이로 점수 못맞췄다는..장애인을 신파의 소재로 안 쓴건 좋은 선택으로 보이고  자극적인 장면을 최대한 배제한것도 좋아보이네요.,"['아', '1', '점', '차이', '로', '점수', '못', '맞췄다는', '장애인', '을', '신파', '의', '소재', '로', '안', '쓴건', '좋은', '선택', '으로', '보이', '고', '자극', '적', '인', '장면', '을', '최대한', '배제', '한', '것', '도', '좋아', '보이네요']",-5.663736738576327,-2.25
53,cECIiTMUylI,엄청난 혹평일줄 알았는데 그것만이 내세상보다 높네요 볼만하겠네 ㅋ,"['엄청난', '혹평', '일줄', '알았는데', '그것', '만이', '내', '세상', '보다', '높네요', '볼', '만', '하겠네']",-1.1371000873553294,-0.54
54,cECIiTMUylI,"찬양하는 리뷰가 많아서 나만 별로라고 생각했나 라고 생각했는데 다른분들도 저랑 비슷한 생각을했네요. 억지전개에 논리적으로 납득되지 않는 착한 캐릭터들, 신하균의 내면을 관객조차 오해하게 만드는 시점 등등 감독의 초짜느낌이 강한 영화였습니다.","['찬양', '하는', '리뷰', '가', '많아서', '나', '만', '별로', '라고', '생각', '했나', '라고', '생각', '했는데', '다른', '분들', '도', '저', '랑', '비슷한', '생각', '을', '했네요', '억', '지', '전개', '에', '논리', '적', '으로', '납득', '되지', '않는', '착한', '캐릭터', '들', '신하균', '의', '내면', '을', '관객', '조차', '오해', '하게', '만드는', '시점', '등등', '감독', '의', '초', '짜', '느낌', '이', '강한', '영화', '였습니다']",-12.449798204135655,-4.53
55,cECIiTMUylI,어벤져스한테 이기기 힘든영화ㅋ,"['어벤져스', '한테', '이', '기기', '힘든', '영화']",-2.9377713350622034,-1.65
56,cECIiTMUylI,영화를 안봐서 잘은 모르지만..동구엄마도 착하고 동생이랑 계부도 착한데 왜 그동안 동구가 책임의 집에서 살게되죠?<br>스토리가 애초에 글러먹은 듯 한데요..,"['영화', '를', '안', '봐서', '잘은', '모르지만', '동구', '엄마', '도', '착하고', '동생', '이랑', '계부', '도', '착한데', '왜', '그동안', '동구', '가', '책임', '의', '집', '에서', '살', '게', '되죠', '스토리', '가', '애초', '에', '글러먹', '은', '듯', '한데요']",1.967992741645547,0.78
57,cECIiTMUylI,영화 이미 본 사람인데 영화에서 나온 동구 아버지랑 동생은 새아버지와 이복 동생인 거 같아요. 어렸을 때 동구 아버지가 돌아가시고 나서 생활고가 있어 동구를 수영장에 버리고 가고 그 이후로 책임의 집에 살게된거에요.,"['영화', '이미', '본', '사람', '인데', '영화', '에서', '나온', '동구', '아버지', '랑', '동생', '은', '새아버지', '와', '이복', '동생', '인', '거', '같아요', '어렸을', '때', '동구', '아버지', '가', '돌아가시고', '나서', '생활고', '가', '있어', '동구', '를', '수영장', '에', '버리고', '가고', '그', '이후', '로', '책임', '의', '집', '에', '살', '게', '된거', '에요']",-0.5516001486241398,-0.21
58,cECIiTMUylI,우리가 라면을 끊을수없는 이유,"['우리', '가', '라면', '을', '끊을수', '없는', '이유']",1.0622286649377966,0.58
59,cECIiTMUylI,예고편이 그정돈데.. 뭐,"['예고편', '이', '그', '정돈', '데', '뭐']",0.0,0.0
60,cECIiTMUylI,영화종류나인기를 떠나서 이번영화<br>리뷰는 설명이나 비유의 표현이 아주<br>좋습니다<br>라이너님의리뷰를 유독 챙겨보는 이유이기도하지요^^<br>바쁘시겟지만 조심히 작업하시고<br>즐거운 연휴 보내세요,"['영화종류', '나', '인기', '를', '떠나서', '이번', '영화리뷰', '는', '설명', '이나', '비유', '의', '표현', '이', '아주', '좋습니다', '라이너', '님', '의', '리뷰', '를', '유독', '챙겨', '보는', '이유', '이기도', '하지요', '바쁘시겟지만', '조심', '히', '작업', '하시고', '즐거운', '연휴', '보내세요']",6.035355523368475,2.37
61,cECIiTMUylI,결론<br>&lt;그것만이내새상&gt; 보다는  나은데<br>&lt;말아톤&gt;과 비교하면 한참모자르다,"['결론', 'lt', '그것', '만이', '내', '새', '상', 'gt', '보다는', '나은데', 'lt', '말아톤', 'gt', '과', '비교', '하면', '한', '참모', '자르다']",-1.8723428709215844,-0.82
62,cECIiTMUylI,@Roro 이광수 런닝맨 표정 1도 안보이던데요? 머 개인차가 있겠지만 연기 잘했다는 말이 다순데..  깐깐하게 보지 말아달라는 말을 합니다. 제가,"['Roro', '이광수', '런닝맨', '표정', '1', '도', '안', '보이던데요', '머', '개인', '차가', '있겠지만', '연기', '잘', '했다는', '말', '이', '다', '순', '데', '깐깐하게', '보지', '말', '아', '달라', '는', '말', '을', '합니다', '제', '가']",3.1802175360808427,1.28
63,cECIiTMUylI,@박빙 이광수가 연기가 부족한게 아니라 런닝맨에서 나온 표정이라 거기에서 몰입이 될까라는말이구요. 저는 개인적으로 그부분 때문에 몰입이 안되었습니다. 거기다 장애인 역활이였죠. 그래서 배우들이 예능 나오는것에 대한 득과실이 있는거죠. 안티 전혀아니구요.  개인적으로 진지한 디어마이프렌즈나 코믹한영화로 나온 영화는 아주 잘봤습니다.,"['박빙', '이광수', '가', '연기', '가', '부족한게', '아니라', '런닝맨', '에서', '나온', '표정', '이라', '거기', '에서', '몰입', '이', '될', '까라는', '말', '이구', '요', '저', '는', '개인', '적', '으로', '그', '부분', '때문', '에', '몰입', '이', '안되었습니다', '거기', '다', '장애인', '역활', '이', '였죠', '그래서', '배우', '들', '이', '예능', '나오는것에', '대한', '득', '과실', '이', '있는거죠', '안티', '전혀', '아니구요', '개인', '적', '으로', '진지한', '디어', '마이', '프렌즈', '나', '코믹', '한', '영화로', '나온', '영화', '는', '아주', '잘', '봤습니다']",-7.861554698106875,-2.76
64,cECIiTMUylI,@Roro 몰입 잘 만 되던데 이광수 안티임?ㅋ 이광수만 까네,"['Roro', '몰입', '잘', '만', '되던데', '이광수', '안티', '임', '이광수', '만', '까네']",2.3814198465827596,1.17
65,cECIiTMUylI,"영화가 끝나고 든 생각 : 중간에 익숙한 영화관이 나온다, 이광수 연기 괜찮네, 집 갈때 라면 사갈까ㅋㅋㅋㅋ","['영화', '가', '끝나고', '든', '생각', '중간', '에', '익숙한', '영화관', '이', '나온다', '이광수', '연기', '괜찮네', '집', '갈', '때', '라면', '사갈까']",3.3965036473668615,1.49
66,cECIiTMUylI,그래 난 라면 안땡기지만ㅋ 진심 라면먹을때 이광수 귀여웠음ㅋㅋ 후우~후우~ 뜨거워ㅋㅋ,"['그래', '난', '라면', '안', '땡기지만', '진심', '라면', '먹을', '때', '이광수', '귀여웠음', '후우', '후우', '뜨거워']",2.315991382442146,1.08
67,cECIiTMUylI,인정 라면이 그렇게 땡길수가없음...,"['인정', '라면', '이', '그렇게', '땡길수가', '없음']",0.7974714485040502,0.45
68,cECIiTMUylI,오늘 엔드게임을 봤으니 다음 주엔 이거나 봐야겠다~,"['오늘', '엔드게임', '을', '봤으니', '다음', '주', '엔', '이', '거나', '봐야겠다']",-2.023890541071574,-1.01
69,cECIiTMUylI,이광수 팬~~~~입니다<br>사랑해요 이광수!!!♡♡♡♡♡,"['이광수', '팬', '입니다', '사랑', '해', '요', '이광수']",1.0273436249368288,0.56
70,cECIiTMUylI,츄잉챗으로 봤을 때 라면은 &#39;맛있는라면&#39;이었는데 &#39;라면을 끓여본 적 없는 스태프&#39;가 끓여서 실제론 맛이 없었다고 하더군요...,"['츄잉챗', '으로', '봤을', '때', '라면', '은', '39', '맛있는라면', '39', '이었는데', '39', '라면', '을', '끓여', '본', '적', '없는', '스태프', '39', '가', '끓여서', '실제', '론', '맛', '이', '없었다고', '하더군요']",-0.012896042142176767,-0.01
71,cECIiTMUylI,제목이 ㅋㅋㅋㅋㅋㅋ 라이너님 팩트 폭력 너무 하시네,"['제목', '이', '라이너', '님', '팩트', '폭력', '너무', '하시네']",-1.2382141933741095,-0.65
72,cECIiTMUylI,혹시 참치 낚은사람 인가요???,"['혹시', '참치', '낚', '은', '사람', '인가요']",-0.6950311014912435,-0.39
73,cECIiTMUylI,"라이너님의 시사회초대 통해 미리봤는데 이제 리뷰가 올라왔네요! 전 참 즐겁고 감동적이게 봤습니다 법정다툼에서 동구의 선택은 이유에 있어서 억지같은 느낌은 있지만, 신하균이 둘이 함께있어야한다는 이유에 대해 변론할 때 감동적이었고 동구의 선택도 연출이 좋아서 보고 충격적이었어요! 산만한 진행과 한계는 분명하지만 신하균 이광수연기가 참 좋았다고 생각합니다~~ 많은분들이 봤으면 좋겠네요","['라이너', '님', '의', '시사회', '초대', '통해', '미리', '봤는데', '이제', '리뷰', '가', '올라왔네요', '전', '참', '즐겁고', '감동', '적', '이', '게', '봤습니다', '법정', '다툼', '에서', '동구', '의', '선택', '은', '이유', '에', '있어서', '억지', '같은', '느낌', '은', '있지만', '신하균', '이', '둘', '이', '함께있어야', '한다는', '이유', '에', '대해', '변론', '할', '때', '감동', '적', '이었고', '동구', '의', '선택', '도', '연출', '이', '좋아서', '보고', '충격', '적', '이었어요', '산만한', '진행', '과', '한계', '는', '분명하지만', '신하균', '이광수', '연기', '가', '참', '좋았다고', '생각', '합니다', '많은', '분', '들', '이', '봤으면', '좋겠네요']",-8.472881836423946,-2.91
74,cECIiTMUylI,공감합니다. 유별나게 특별하게 잘 만든 영화는 아니지만 최근 한국영화의 세태를 보면 상당히 잘 나온 편에 속하는 영화라고 생각합니다. 약간 안전함을 택한게 아쉽기는하지만,"['공감', '합니다', '유별나게', '특별하게', '잘', '만든', '영화', '는', '아니지만', '최근', '한국영', '화의', '세태', '를', '보면', '상당히', '잘', '나온', '편', '에', '속', '하는', '영화', '라고', '생각', '합니다', '약간', '안전함을', '택한', '게', '아쉽', '기는하지만']",-1.6118663545784617,-0.64
75,cECIiTMUylI,@Gil Hwang 아이고 죄송합니다ㅜㅜ 글은 수정하겠습니다......  아악!!!,"['Gil', 'Hwang', '아이고', '죄송합니다', '글', '은', '수정', '하겠습니다', '아악']",-2.0,-1.02
76,cECIiTMUylI,"루삵솔펭 스,스포..아니였으면 좋겠습니다...ㅠㅜ 저 곧 보러갈간데...","['루삵솔펭', '스', '스포', '아니였으면', '좋겠습니다', '저', '곧', '보러', '갈', '간데']",-2.467285767929693,-1.23
77,cECIiTMUylI,아직 안보고 말하는게 섣부를수는 있지만<br>이광수 저런 캐릭터로만 나오는게 마동석급인거 같아서 보기가 싫어지네요,"['아직', '안보', '고', '말', '하는게', '섣부를수는', '있지만', '이광수', '저런', '캐릭터', '로만', '나오는게', '마동석', '급', '인거', '같아서', '보기', '가', '싫어지네요']",-0.06197538027535909,-0.03
78,cECIiTMUylI,연기력은 휼륭한데<br>작품이 못따라가는것같네요ㅠㅠ,"['연기력', '은', '휼륭한데', '작품', '이', '못', '따라가는것', '같네요']",-0.556604773141881,-0.29
79,cECIiTMUylI,ㅇㅈ...왜 맨날 광수는 띨띨이 장애인 모자란 애 멍청이 이런 거로 나오는 거임,"['왜', '맨날', '광수', '는', '띨띨', '이', '장애인', '모자란', '애', '멍청이', '이런', '거', '로', '나오는', '거임']",-6.645923778354069,-3.05
80,cECIiTMUylI,"착한영화 좋죠... 가끔은 몸건강을 위해 조미료 쓰지 않은 음식을 먹듯이, 우리의 정신건강을 위해서 이 착한 영화가 필요하다고 생각합니다!","['착한', '영화', '좋죠', '가끔', '은', '몸', '건강', '을', '위해', '조미료', '쓰지', '않은', '음식', '을', '먹듯', '이', '우리', '의', '정신건강', '을', '위해', '서', '이', '착한', '영화', '가', '필요하다고', '생각', '합니다']",1.412024186493111,0.57
81,cECIiTMUylI,심언진 역시 ubd가 엄복동이군요.....,"['심', '언', '진', '역시', 'ubd', '가', '엄복동', '이군', '요']",0.0,0.0
82,cECIiTMUylI,나깉은 경우는 잔잔히고 일상적인거 좋이하는 편이리 그렇게 거북하지는 않을듯. 근데 유비디는 함부로 꺼내는 카드가 아니오...,"['나깉', '은', '경우', '는', '잔잔히고', '일상', '적', '인거', '좋이하는', '편이', '리', '그렇게', '거북하지는', '않을듯', '근데', '유비', '디', '는', '함부로', '꺼내는', '카드', '가', '아니오']",-2.1132095462837603,-0.89
83,cECIiTMUylI,@코난 엄복동 에바...그건 스토리랑 연기력에 CG가 똥보다도 못했지만 이건 그나마 스토리도 있는 편이고 잔잔하다는것만 빼면 볼만함,"['코난', '엄복동', '에바', '그건', '스토리', '랑', '연기력', '에', 'CG', '가', '똥', '보다도', '못', '했지만', '이건', '그나마', '스토리', '도', '있는', '편이', '고', '잔잔하다는것만', '빼면', '볼', '만', '함']",-1.137100087355331,-0.47
84,cECIiTMUylI,코난 에이 그런 심한 말을....,"['코난', '에이', '그런', '심한', '말', '을']",-2.0,-1.12
85,cECIiTMUylI,그냥 제2의 엄복동 같은데요,"['그냥', '제', '2', '의', '엄복동', '같은데요']",-0.5566047731418793,-0.31
86,cECIiTMUylI,"이솜 배우님은 정말 좋아하지만 영화에 꼭 필요했나 싶군요ㅜㅜ 차라리 남자배우였으면 어땠을까 싶습니다. 그러면 둘이 잘 되라고 엄마를 선택하는 뻔한(?) 스토리는 안 나왔을거 같아요. 내용도 좀 더 풍부해졌을 거 같구요.<br>그래도 장애인에 대해 한번 더 생각해 볼 수 있다는 점이 좋네요. 장애인분들이 조금 더 사회로 나오기가 쉬워지고, 비장애인들도 장애인을 특별한 시선으로 보지 않는 날이 오기를 기대해봅니다^^!<br>리뷰 잘 봤습니다. 감사합니다!","['이솜', '배우', '님', '은', '정말', '좋아하지만', '영화', '에', '꼭', '필요했나', '싶군요', '차라리', '남자배우', '였으면', '어땠을까', '싶습니다', '그러면', '둘', '이', '잘', '되라고', '엄마', '를', '선택', '하는', '뻔한', '스토리', '는', '안', '나왔을거', '같아요', '내용', '도', '좀', '더', '풍부해졌을', '거', '같구요', '그래도', '장애인', '에', '대해', '한번', '더', '생각', '해', '볼', '수', '있다는', '점', '이', '좋네요', '장애인', '분들', '이', '조금', '더', '사회', '로', '나오기가', '쉬워지고', '비장', '애인', '들', '도', '장애인', '을', '특별한', '시선', '으로', '보지', '않는', '날', '이', '오기', '를', '기대', '해봅니다', '리뷰', '잘', '봤습니다', '감사합니다']",-19.305041010274543,-6.63
87,cECIiTMUylI,광수씨 연기가 아주 ㅎㅎㅎ,"['광수', '씨', '연기', '가', '아주']",0.3540762216459309,0.21
88,cECIiTMUylI,밍숭맹숭 맹하고 시시한영화. 개인적으로 태도와 메세지도 이야기가 받쳐준 다음에나... 라고 생각하기에 와닿지 않았습니다. 그리고 통조림으로 대변되는 이시대 청춘을 그리는 방식은 우습기까지 했습니다.,"['밍숭맹숭', '맹하', '고', '시시한', '영화', '개인', '적', '으로', '태도', '와', '메세지', '도', '이야기', '가', '받쳐', '준', '다음', '에나', '라고', '생각', '하기에', '와', '닿지', '않았습니다', '그리고', '통조림', '으로', '대변', '되는', '이', '시대', '청춘', '을', '그리는', '방식', '은', '우습기까지', '했습니다']",-6.914736395219991,-2.68
89,cECIiTMUylI,디질래 맞짱뜰까 동구 바보 아니다!,"['디질래', '맞짱', '뜰까', '동구', '바보', '아니다']",-4.023890541071571,-2.26
90,cECIiTMUylI,꼭 잔인해야하나 ㆍㆍ,"['꼭', '잔인해야하나']",0.0,0.0
91,cECIiTMUylI,리뷰 잘 봤습니다~,"['리뷰', '잘', '봤습니다']",1.8870076524213124,1.28
92,cECIiTMUylI,하하하 ㅡㅡ,"['하하', '하']",0.0,0.0
93,cECIiTMUylI,새벽에 보고왔습니다. 라이너님의 리뷰가 정화하다고 생각하네요. 전체적으로 밋밋해서 그런지 코골고 자는 사람도 많았구여.. ㅋㅋ,"['새벽', '에', '보고왔습니다', '라이너', '님', '의', '리뷰', '가', '정화', '하다고', '생각', '하네요', '전체', '적', '으로', '밋밋해서', '그런지', '코', '골고', '자는', '사람', '도', '많았구여']",-0.2460311180833099,-0.1
94,cECIiTMUylI,시작부터 코끝이 찡하네요 ㅜㅜ 수영 연습하는것 까지 아는 아이랑 어찌나 비슷한지 ㅜㅜ 슬프지만 묵직한 감동이 있길 바랬는데 아쉬워요. 그만큼 착한하면서도 인상적인 영화  만들기가 정말 힘든거 같아요. 그것만이 내세상같은 영화도 있는데요 뭐. 착하기만 해도 좀 고맙네요.,"['시작', '부터', '코끝', '이', '찡하네요', '수영', '연습', '하는것', '까지', '아는', '아이', '랑', '어찌나', '비슷한지', '슬프지만', '묵직한', '감동', '이', '있길', '바랬는데', '아쉬워요', '그만큼', '착한하면서도', '인상', '적', '인', '영화', '만들기', '가', '정말', '힘든거', '같아요', '그것', '만이', '내', '세상', '같은', '영화', '도', '있는데요', '뭐', '착하기만', '해도', '좀', '고맙네요']",1.1182141708014934,0.42
95,cECIiTMUylI,영화는 나름 나쁘지 않게 봤는데 미현이라는 캐릭터가 진짜 뜬금없는 캐릭터였음 ... 처음에는 봉사시간때문에 도와주더니 나중에는 돈도 없을텐데 세하하고 동구를 계속 도와주는게 참 의아하기도 했었고 ... 솔직히 신하균 얼굴때문에 본거긴한데 이광수빼고는 남는게 없는 영화였던 ... 이광수는 지적장애 연기를 진짜 잘하더라구여 ...,"['영화', '는', '나름', '나쁘지', '않게', '봤는데', '미현', '이라는', '캐릭터', '가', '진짜', '뜬금', '없는', '캐릭터', '였음', '처음', '에는', '봉사', '시간', '때문', '에', '도와주더니', '나중', '에는', '돈', '도', '없을텐데', '세', '하하', '고', '동구', '를', '계속', '도와주는게', '참', '의아', '하기도', '했었고', '솔직히', '신하균', '얼굴', '때문', '에', '본거', '긴한데', '이광수', '빼고는', '남는게', '없는', '영화', '였던', '이광수', '는', '지적장애', '연기', '를', '진짜', '잘', '하더라', '구', '여']",4.309200906153286,1.55
96,cECIiTMUylI,알고보니 여자가 세하인가 좋아한걸수도,"['알', '고', '보니', '여자', '가', '세', '하인', '가', '좋아한', '걸수도']",0.354076221645931,0.18
97,cECIiTMUylI,그것만이 내세상 보단 나은 수준인가요?,"['그것', '만이', '내', '세상', '보단', '나은', '수준', '인가요']",-1.1371000873553294,-0.6
98,cECIiTMUylI,넹 그거보다는 볼만합니다...대신 잔잔한 전개라서 좀 심심할수있어요,"['넹', '그거', '보다는', '볼', '만', '합니다', '대신', '잔잔한', '전개', '라서', '좀', '심심할수있어요']",-1.5552785321478477,-0.75
99,cECIiTMUylI,개인적으로 시간때우기에 쏘쏘한 영화,"['개인', '적', '으로', '시간', '때우기에', '쏘', '쏘한', '영화']",-1.1261055884259386,-0.59
100,cECIiTMUylI,언제나 응원합니다,"['언제나', '응원', '합니다']",-0.0879927642181546,-0.06
101,cECIiTMUylI,제가 제일좋아하는 영화유투버..♡,"['제', '가', '제일', '좋아하는', '영화', '유투', '버']",2.1515476701499847,1.17
102,zymNZtYRNZs,중곡동성당사람들장애인한톄평견이없었쓰면좋게셔요,"['중곡동', '성', '당', '사람', '들', '장애인', '한', '톄평견', '이', '없었', '쓰면', '좋게', '셔', '요']",-2.921450194058767,-1.36
103,HpM86ujMmiU,나특형 할때 진짜 잼께 봤어요 ㅎㅎ,"['나특형', '할', '때', '진짜', '잼', '께', '봤어요']",1.5579310141359124,0.84
104,HpM86ujMmiU,진짜 영화 보는 내내 행복하고 감동적이였다 명배우들 ❤️,"['진짜', '영화', '보는', '내내', '행복하고', '감동', '적이였다', '명', '배우', '들']",4.1780906932096205,2.09
105,HpM86ujMmiU,ㅋㅋㅋ 신하균ㅋㅋ 살아남은적이 없대 아 진짜 나이들어도 존잘,"['신하균', '살아남은', '적', '이', '없대', '아', '진짜', '나이', '들', '어도', '존잘']",3.7365690245602883,1.83
106,gTw5z_Epj1U,"Happy 가사<br><br>인생은 그릇 속에 체리 
<br>걱정으로 가득해 Don’t Worry 
<br>두려워 마 
<br>그냥 버티는 거야 
<br>
<br>잘 되는 일도 없고 
<br>다 나만 미워하고
<br>넘어지려 할 땐 
<br>기운 내 노래 불러 
<br>
<br>만약 길을 헤매일 땐 
<br>한 가지만 기억해줘 
<br>우울해질 땐 
<br>음악에 몸을 맡겨 
<br>
<br>만약 길을 잃었을 땐
<br>늘 네 곁에는 내가 있어 
<br>포기는 마 고개를 들어 and be happy!
<br>
<br>인생은 그릇 속에 체리
<br>근심으로 가득한 이 세상
<br>두려워 마 
<br>힘든 경험 일 거야
<br>
<br>잘 풀리지 않는 삶
<br>늘 공평하지 않던 맘
<br>넘어지려 할 땐 
<br>기운내 노래 불러 
<br>
<br>만약 길을 헤매일 땐
<br>한 가지만 기억해줘
<br>우울해질 땐 
<br>음악에 몸을 맡겨 
<br>
<br>만약 길을 헤매일 땐 
<br>내 친구야 기억해줘
<br>우울해질 땐
<br>음악에 춤을 춰봐 
<br>
<br>만약 길을 잃었을 땐
<br>늘 네 곁에는 내가 있어 
<br>포기는 마 고개를 들어 
<br>Don&#39;t you give up 고개를 들어 
<br>우리 함께 and be happy!","['Happy', '가사', '인생', '은', '그릇', '속', '에', '체리', '걱정', '으로', '가득해', 'Dont', 'Worry', '두려워', '마', '그냥', '버티는', '거야', '잘', '되는', '일도', '없고', '다', '나', '만', '미워하고', '넘어지려', '할', '땐', '기운', '내', '노래', '불러', '만약', '길', '을', '헤매', '일', '땐', '한', '가지', '만', '기억', '해줘', '우울해질', '땐', '음악', '에', '몸', '을', '맡겨', '만약', '길', '을', '잃었을', '땐', '늘', '네', '곁', '에는', '내', '가', '있어', '포기', '는', '마', '고개', '를', '들어', 'and', 'be', 'happy', '인생', '은', '그릇', '속', '에', '체리', '근심', '으로', '가득한', '이', '세상', '두려워', '마', '힘든', '경험', '일', '거야', '잘', '풀리지', '않는', '삶', '늘', '공평하지', '않던', '맘', '넘어지려', '할', '땐', '기운내', '노래', '불러', '만약', '길', '을', '헤매', '일', '땐', '한', '가지', '만', '기억', '해줘', '우울해질', '땐', '음악', '에', '몸', '을', '맡겨', '만약', '길', '을', '헤매', '일', '땐', '내', '친구', '야', '기억', '해줘', '우울해질', '땐', '음악', '에', '춤', '을', '춰', '봐', '만약', '길', '을', '잃었을', '땐', '늘', '네', '곁', '에는', '내', '가', '있어', '포기', '는', '마', '고개', '를', '들어', 'Don', '39', 't', 'you', 'give', 'up', '고개', '를', '들어', '우리', '함께', 'and', 'be', 'happy']",-32.701508571684045,-10.11
107,gTw5z_Epj1U,이 노래에 중독이 됬어요 ㅎㅎ,"['이', '노래', '에', '중독', '이', '됬어요']",-2.0893190052121913,-1.17
108,gTw5z_Epj1U,Happy gasa<br><br>insaeng-eun geuleus sog-e cheli <br>geogjeong-eulo gadeughae Don’t Worry <br>dulyeowo ma <br>geunyang beotineun geoya <br><br>jal doeneun ildo eobsgo <br>da naman miwohago<br>neom-eojilyeo hal ttaen <br>giun nae nolae bulleo <br><br>man-yag gil-eul hemaeil ttaen <br>han gajiman gieoghaejwo <br>uulhaejil ttaen <br>eum-ag-e mom-eul matgyeo <br><br>man-yag gil-eul ilh-eoss-eul ttaen<br>neul ne gyeot-eneun naega iss-eo <br>pogineun ma gogaeleul deul-eo and be happy!<br><br>insaeng-eun geuleus sog-e cheli<br>geunsim-eulo gadeughan i sesang<br>dulyeowo ma <br>himdeun gyeongheom il geoya<br><br>jal pulliji anhneun salm<br>neul gongpyeonghaji anhdeon mam<br>neom-eojilyeo hal ttaen <br>giunnae nolae bulleo <br><br>man-yag gil-eul hemaeil ttaen<br>han gajiman gieoghaejwo<br>uulhaejil ttaen <br>eum-ag-e mom-eul matgyeo <br><br>man-yag gil-eul hemaeil ttaen <br>nae chinguya gieoghaejwo<br>uulhaejil ttaen<br>eum-ag-e chum-eul chwobwa <br><br>man-yag gil-eul ilh-eoss-eul ttaen<br>neul ne gyeot-eneun naega iss-eo <br>pogineun ma gogaeleul deul-eo <br>Don&#39;t you give up gogaeleul deul-eo <br>uli hamkke and be happy!,"['Happy', 'gasainsaengeun', 'geuleus', 'soge', 'cheli', 'geogjeongeulo', 'gadeughae', 'Dont', 'Worry', 'dulyeowo', 'ma', 'geunyang', 'beotineun', 'geoya', 'jal', 'doeneun', 'ildo', 'eobsgo', 'da', 'naman', 'miwohagoneomeojilyeo', 'hal', 'ttaen', 'giun', 'nae', 'nolae', 'bulleo', 'manyag', 'gileul', 'hemaeil', 'ttaen', 'han', 'gajiman', 'gieoghaejwo', 'uulhaejil', 'ttaen', 'eumage', 'momeul', 'matgyeo', 'manyag', 'gileul', 'ilheosseul', 'ttaenneul', 'ne', 'gyeoteneun', 'naega', 'isseo', 'pogineun', 'ma', 'gogaeleul', 'deuleo', 'and', 'be', 'happyinsaengeun', 'geuleus', 'soge', 'cheligeunsimeulo', 'gadeughan', 'i', 'sesangdulyeowo', 'ma', 'himdeun', 'gyeongheom', 'il', 'geoyajal', 'pulliji', 'anhneun', 'salmneul', 'gongpyeonghaji', 'anhdeon', 'mamneomeojilyeo', 'hal', 'ttaen', 'giunnae', 'nolae', 'bulleo', 'manyag', 'gileul', 'hemaeil', 'ttaenhan', 'gajiman', 'gieoghaejwouulhaejil', 'ttaen', 'eumage', 'momeul', 'matgyeo', 'manyag', 'gileul', 'hemaeil', 'ttaen', 'nae', 'chinguya', 'gieoghaejwouulhaejil', 'ttaeneumage', 'chumeul', 'chwobwa', 'manyag', 'gileul', 'ilheosseul', 'ttaenneul', 'ne', 'gyeoteneun', 'naega', 'isseo', 'pogineun', 'ma', 'gogaeleul', 'deuleo', 'Don', '39', 't', 'you', 'give', 'up', 'gogaeleul', 'deuleo', 'uli', 'hamkke', 'and', 'be', 'happy']",-6.122652504560688,-1.99
109,gTw5z_Epj1U,이 노래가 제일 짱 학교에서 5/1일에 이영화를 봤는데 짱 제밌었습니돠!,"['이', '노래', '가', '제일', '짱', '학교', '에서', '51일', '에', '이영화', '를', '봤는데', '짱', '제밌었습니돠']",-1.2012023105019165,-0.56
110,nNso7ReC-_8,1,['1'],0.0,0.0
111,3ER_4nagUEg,저 영화볼때 ㄹㅇ 명장면인게 광수가 라면먹을때 기가막히게 잘먹더군요ㅋㅋㅋㅋ<br>그리고 택시에서 카드로 계산할때 뽀로로 카드 내밀었을때 택시기사 멘탈ㅋㅋㅋㅋㅋ,"['저', '영화', '볼때', '명', '장면', '인게', '광수', '가', '라면', '먹을', '때', '기', '가', '막히게', '잘', '먹더군요', '그리고', '택시', '에서', '카드', '로', '계산', '할', '때', '뽀로로', '카드', '내밀었을', '때', '택시', '기사', '멘탈']",1.6598240439339638,0.67
112,3ER_4nagUEg,치타 면치기가 예술이죠 ㅋ,"['치타', '면', '치기', '가', '예술', '이', '죠']",0.0,0.0
113,3ER_4nagUEg,초6 저희 딸도 매우 재미있게 봤다고 어찌나 이야기를 많이 하던지~<br>그래서 딸내미와 같이 영화이야기를 나눠봤습니다.<br>역시 영화는 볼 때도 재미있지만 감상 후 서로 이야기 나눌 때 재미가 배가 되는 것 같아요^^,"['초', '6', '저희', '딸도', '매우', '재미있게', '봤다고', '어찌나', '이야기', '를', '많이', '하던지', '그래서', '딸내미', '와', '같이', '영화', '이야기', '를', '나눠', '봤습니다', '역시', '영화', '는', '볼', '때', '도', '재미있지만', '감상', '후', '서로', '이야기', '나눌', '때', '재미', '가', '배', '가', '되는', '것', '같아요']",6.342759705160219,2.43
114,3ER_4nagUEg,"영화 엔드게임 다음으로 가장 평점이 높고, 사람들의 만족도가 높은 영화 였습니다. 제가 원래 영화를 보면서 웃긴 장면에서는 살짝 웃고 슬픈장면에서는 거의 안우는 편인데, 이 영화에서는 제가 가장 많이 웃고, 또 처음으로 영화를  보며 가장 많이 울었습니다. 영화 내에서 작은것들로 관객을 웃기기도 하고, 장애인에 대한 시선과 진짜 가족의 의미 등의 핵심 내용을 보이며 관객들을 울리기도 하였습니다.  제 개인적인 것이지만 저는 제가 영화를 보며 이렇게 많이 울줄은 상상도 못했네요. 너무너무 좋은 영화였고 가족영화 등으로 정말 추천드리는 영화입니다.","['영화', '엔드게임', '다음', '으로', '가장', '평점', '이', '높고', '사람', '들', '의', '만족도', '가', '높은', '영화', '였습니다', '제', '가', '원래', '영화', '를', '보면서', '웃긴', '장면', '에서는', '살짝', '웃고', '슬픈', '장면', '에서는', '거의', '안우', '는', '편', '인데', '이', '영화', '에서는', '제', '가', '가장', '많이', '웃고', '또', '처음', '으로', '영화', '를', '보며', '가장', '많이', '울었습니다', '영화', '내', '에서', '작은것', '들로', '관객', '을', '웃기', '기도', '하고', '장애인', '에', '대한', '시선', '과', '진짜', '가족', '의', '의미', '등', '의', '핵심', '내용', '을', '보이', '며', '관객', '들', '을', '울', '리기', '도', '하였습니다', '제', '개인', '적', '인', '것', '이지만', '저', '는', '제', '가', '영화', '를', '보며', '이렇게', '많이', '울줄은', '상상', '도', '못', '했네요', '너무', '너무', '좋은', '영화', '였고', '가족영화', '등', '으로', '정말', '추천', '드리는', '영화', '입니다']",-22.883737259194458,-7.45
115,3ER_4nagUEg,아나의 이웃집유튜브 저도 이 영화 보면서 정말 정말 많이 울었답니다 😭  남녀노소 누가봐도 너무 좋을 영화같아요! 저도 강추합니다!,"['아', '나', '의', '이웃집', '유튜브', '저', '도', '이', '영화', '보면서', '정말', '정말', '많이', '울었답니다', '남녀', '노소', '누가', '봐도', '너무', '좋을', '영화', '같아요', '저', '도', '강', '추합니다']",3.4591690506468042,1.43
