,id,sentence,comment_cut,score,ratio
0,rK70R5OD4i4,다른건 공감하겠는데 성상품화가 악이라고 표현하는 것에는 동의를 못하겠음<br>영화에 나온 식은 분명 문제가 있지만 무조건 성상품화가 악이다 라고 하면 안된다고 생각함,"['다른건', '공감', '하겠는데', '성', '상품화', '가', '악', '이라고', '표현', '하는', '것', '에는', '동의', '를', '못', '하겠음', '영화', '에', '나온', '식은', '분명', '문제', '가', '있지만', '무조건', '성', '상품화', '가', '악', '이다', '라고', '하면', '안된다고', '생각', '함']",-3.3238965113466805,-1.31
1,rK70R5OD4i4,"우리나라도 저런 영화 나왔으면 좋겠다... 갈등조장하는 뭔깝스같은 영화 말고, 정말 잘못된 것에 의문을 던질 수 있는 그런 영화말이다..!","['우리나라', '도', '저런', '영화', '나왔으면', '좋겠다', '갈등', '조', '장하는', '뭔깝스같', '은', '영화', '말고', '정말', '잘', '못', '된', '것', '에', '의문', '을', '던질', '수', '있는', '그런', '영화', '말', '이다']",,
2,rK70R5OD4i4,영화는 커녕 리뷰에도 관심없는 사람들이 한마디 얹어보려고 많이들 오셨네요. 오늘도 좋은 영상 잘 보고 갑니다.,"['영화', '는', '커녕', '리뷰', '에도', '관심', '없는', '사람', '들', '이', '한마디', '얹어', '보려고', '많이', '들', '오셨네요', '오늘', '도', '좋은', '영상', '잘', '보고', '갑니다']",7.824228536804343,3.31
3,rK70R5OD4i4,리뷰 잘 봤습니다<br>반도 못피하고 봐버렸는데 이 영화로 눈 씻어야겠군요...,"['리뷰', '잘', '봤습니다', '반도', '못', '피하고', '봐', '버렸는데', '이', '영화로', '눈', '씻어야겠군요']",2.8531001072792943,1.37
4,rK70R5OD4i4,굴종... 명확한 단어네요,"['굴종', '명확한', '단어', '네', '요']",0.0,0.0
5,rK70R5OD4i4,박원순 오거돈 사건도 영화화해야. 민주당은 이 영화 단체관람해야.,"['박원순', '오거돈', '사건', '도', '영화', '화해야', '민주당', '은', '이', '영화', '단체', '관람', '해야']",-0.23958383264496041,-0.11
6,rK70R5OD4i4,"라이너님, 한번 윤제균 감독 특집도 만들어주세요.","['라이너', '님', '한번', '윤제균', '감독', '특집', '도', '만들어주세요']",0.0,0.0
7,rK70R5OD4i4,그냥 회사네요.  성적인 부분을 제외하면 누구나 어디서나 볼 수 있는 회사의 모습이죠.,"['그냥', '회사', '네', '요', '성적', '인', '부분', '을', '제외', '하면', '누구', '나', '어디', '서나', '볼', '수', '있는', '회사', '의', '모습', '이', '죠']",-0.5809927462738036,-0.25
8,rK70R5OD4i4,서울시와 부산시에는 현재 시장이 없습니다,"['서울시', '와', '부산시', '에는', '현재', '시장', '이', '없습니다']",-1.0150855998269053,-0.53
9,rK70R5OD4i4,박원순 오거돈 안희정,"['박원순', '오거돈', '안희정']",-1.9567212532934546,-1.32
10,rK70R5OD4i4,현실판 민주당인가???,"['현실', '판', '민주당', '인가']",-1.5659071464468983,-0.98
11,rK70R5OD4i4,위력에 의한 남자의 여자애 대한 성폭력. 반대의경우는,"['위력', '에', '의한', '남자', '의', '여자애', '대한', '성폭력', '반', '대의', '경우', '는']",-2.971806853120363,-1.43
12,rK70R5OD4i4,진짜 궁금한게 있는데..영화평론가들도 이 분야에서 엄청난 전문가인데 왜 영화제작에 참여하는 평론가들은 드물까?,"['진짜', '궁금한게', '있는데', '영화평론가', '들', '도', '이', '분야', '에서', '엄청난', '전문가', '인데', '왜', '영화제작', '에', '참여', '하는', '평론가', '들', '은', '드물까']",0.5055647471392786,0.22
13,rK70R5OD4i4,"제 국문학 교수님이 해주신 말씀이 있습니다. 시인이 되지 못하는 사람이 소설가가 되고, 소설가가 되지 못하는 사람이 교수가 되고, 교수가 되지 못하는 사람이 평론가가 된다. 후에 병행은 할 수 있지만요. 그만큼 창작이란 어렵고 재능이 필요하다는 거겠지요...","['제', '국문학', '교수', '님', '이', '해주신', '말씀', '이', '있습니다', '시인', '이', '되지', '못', '하는', '사람', '이', '소설가', '가', '되고', '소설가', '가', '되지', '못', '하는', '사람', '이', '교수', '가', '되고', '교수', '가', '되지', '못', '하는', '사람', '이', '평론가', '가', '된다', '후', '에', '병행', '은', '할', '수', '있지', '만요', '그만큼', '창작', '이란', '어렵고', '재능', '이', '필요하다는', '거', '겠지요']",-9.753733457167431,-3.55
14,rK70R5OD4i4,성범죄 온상 더듬에 민주당에서 단체 관람시켜야될 계몽영화,"['성범죄', '온상', '더듬에', '민주당', '에서', '단체', '관람', '시켜야', '될', '계몽영화']",-2.2598602252919613,-1.13
15,rK70R5OD4i4,내가 샤를리즈 테론을 몰라보다니 맙소사,"['내', '가', '샤를', '리즈', '테론', '을', '몰라보다', '니', '맙소사']",0.0,0.0
16,rK70R5OD4i4,낡은 세상을 바꾸는 모든 용기에 경의를 표합니다.,"['낡은', '세상', '을', '바꾸는', '모든', '용기', '에', '경의', '를', '표', '합니다']",-1.986892452947267,-0.97
17,rK70R5OD4i4,강철비도 아닌 이영화에 정치충 댓글이 꼬일줄이야;;;,"['강철', '비도', '아닌', '이영화', '에', '정치', '충', '댓글', '이', '꼬일줄이야']",-2.464264053206909,-1.23
18,rK70R5OD4i4,솔직히 놀랐음,"['솔직히', '놀랐음']",0.0,0.0
19,rK70R5OD4i4,그 서울시장은 여자 비서에게 &#39;충성심&#39;을 보여달라고했다.,"['그', '서울시장', '은', '여자', '비서', '에게', '39', '충성', '심', '39', '을', '보여', '달라', '고', '했다']",2.054595986037812,0.94
20,rK70R5OD4i4,애국보수 라이너 응원합니다,"['애국', '보수', '라이너', '응원', '합니다']",-1.22449823281806,-0.72
21,rK70R5OD4i4,미투운동이 전부 취지에 맞게만 이루어진다면 매우매우 좋은 운동이겠지만.....현실은?,"['미투', '운동', '이', '전부', '취지', '에', '맞게만', '이루어진다면', '매우', '매우', '좋은', '운동', '이겠지만', '현실', '은']",1.1591470284342398,0.53
22,rK70R5OD4i4,셋의 연기가 너무 좋았어요 주제도 트럼프 얘기 나온 것도 그것으로 주제가 흔들릴 정도는 아니였으니깐요 아무리 개인이야기라도 그 사람때문에 엮이 문제가 좀 많아야죠... 저는 올해의 영화 중 하나란 생각이 듭니다.,"['셋', '의', '연기', '가', '너무', '좋았어요', '주제', '도', '트럼프', '얘기', '나온', '것', '도', '그것', '으로', '주제가', '흔들릴', '정도', '는', '아니였으니깐', '요', '아무리', '개인', '이야기', '라도', '그', '사람', '때문', '에', '엮', '이', '문제', '가', '좀', '많아야죠', '저', '는', '올해', '의', '영화', '중', '하나', '란', '생각', '이', '듭니', '다']",-4.474944797804384,-1.67
23,rK70R5OD4i4,박원숭,['박원숭'],0.0,0.0
24,rK70R5OD4i4,세상은 피해자에게 피해자다움을 요구한다.. 정말 와닿는 평입니다.,"['세상', '은', '피해자', '에게', '피해자', '다', '움', '을', '요구', '한', '다', '정말', '와', '닿는', '평', '입니다']",0.7198101532711246,0.33
25,rK70R5OD4i4,마고로비의 장면은 정말 잘만들어진 장면이었어요 너무 실제 같았음.. 그런상황에 놓인 여자의 분위기를 상쇄해보려는 어색한 웃음과 자꾸 나가는 문을 쳐다보는것도.. 그리고 그런일은 너무나 흔하게 자주 일어나는 일입니다 그장면 보는데 과거의 일들이 생각나서 심장이 터질것같더라구요.. 리뷰 잘 보고 갑니다,"['마고', '로비', '의', '장면', '은', '정말', '잘', '만들어진', '장면', '이었어요', '너무', '실제', '같았음', '그런', '상황', '에', '놓인', '여자', '의', '분위기', '를', '상쇄', '해보려는', '어색한', '웃음', '과', '자꾸', '나가는', '문', '을', '쳐다보는것도', '그리고', '그런', '일', '은', '너무나', '흔하게', '자주', '일어나는', '일', '입니다', '그', '장면', '보는데', '과거', '의', '일', '들', '이', '생각나서', '심장', '이', '터질것', '같더라구요', '리뷰', '잘', '보고', '갑니다']",-9.885970711647746,-3.58
26,rK70R5OD4i4,세계가 멸망하는  시작이네  미투에 미자만 꺼내도 망치도 대기리를 부셔버려야 되는데,"['세계', '가', '멸망하는', '시작', '이네', '미투', '에', '미자', '만', '꺼내도', '망치', '도', '대', '기리', '를', '부셔', '버려야', '되는데']",-1.0150855998269002,-0.45
27,rK70R5OD4i4,"미투, 연대 합시다.","['미투', '연대', '합시다']",-0.5075427999134493,-0.34
28,rK70R5OD4i4,우리나라랑 딴판이네ㅋㅋ,"['우리나라', '랑', '딴판', '이네']",-0.0734499463603493,-0.05
29,rK70R5OD4i4,정말 실제인물 이름 그대로나오고 사건을 그대로 표현하는건 우리나라영화와 많이 비교되는거같아요 크게 사이다 스러운게 생각보단 없었지만 주제도 좋고 주연3배우들도 다 너무좋아서 만족스러웠던영화였네요 리뷰잘봤습니다!^_^,"['정말', '실제', '인물', '이름', '그대로', '나오고', '사건', '을', '그대로', '표현', '하는건', '우리나라', '영화', '와', '많이', '비교', '되는거', '같아요', '크게', '사이다', '스러운게', '생각', '보단', '없었지만', '주제', '도', '좋고', '주연', '3', '배우', '들', '도', '다', '너무', '좋아서', '만족스러웠던', '영화', '였네요', '리뷰', '잘', '봤습니다']",10.668881414269137,4.08
30,rK70R5OD4i4,혹시 박찬욱 감독 영화 한번 다뤄주실수 있나요?ㅠ,"['혹시', '박찬욱', '감독', '영화', '한번', '다뤄주실수', '있나요']",0.22468022056194692,0.12
31,rK70R5OD4i4,존 리스고 아저씨 많이 늙으셨네..<br>세월이 참...예전에 비디오로 영화볼때 많이 봤던분인데...,"['존', '리스', '고', '아저씨', '많이', '늙으셨', '네', '세월', '이', '참', '예전', '에', '비디오', '로', '영화', '볼때', '많이', '봤던', '분', '인데']",0.26795896726849056,0.12
32,rK70R5OD4i4,댓글창 정말 실망스럽네요..<br>리뷰 잘 봤습니다. <br>마고 로비의 장면을 보며 저까지도 토할 것 같더군요.<br>지금같은 시대에 필요한 영화였다고 생각합니다.,"['댓글', '창', '정말', '실망', '스럽네요', '리뷰', '잘', '봤습니다', '마고', '로비', '의', '장면', '을', '보며', '저', '까지도', '토', '할', '것', '같더군요', '지금', '같은', '시대', '에', '필요한', '영화', '였다고', '생각', '합니다']",-5.996018106357088,-2.44
33,rK70R5OD4i4,잉어 180석의 나라에서 ㅋ,"['잉어', '180', '석', '의', '나라', '에서']",-1.0150855998269037,-0.57
34,rK70R5OD4i4,라이너형은 얼굴만 못생겼을뿐 그거빼고 완벽한 남자!!!!!!!!!!!!!!!,"['라이너', '형', '은', '얼굴', '만', '못', '생겼을', '뿐', '그거', '빼고', '완벽한', '남자']",1.0432787467065403,0.5
35,rK70R5OD4i4,이런 사회적으로 약자의 심정은 한번도 경험해보지 못할거 같은데 한번 보고 싶네요<br>4년동안 안알리고 모했냐고 피해자를 가해자로 만드는 그 친구와 함께 보고 싶네요,"['이런', '사회', '적', '으로', '약자', '의', '심정은', '한번', '도', '경험', '해보지', '못', '할거', '같은데', '한번', '보고', '싶네요', '4년', '동안', '안', '알리고', '모', '했냐고', '피해자', '를', '가해자', '로', '만드는', '그', '친구', '와', '함께', '보고', '싶네요']",1.2288286142989524,0.49
36,rK70R5OD4i4,그런데 상폭행이 보수 전유물인 것처럼 그리는건 억겹네  어느 자자체 장들은 무슨 보수였나?,"['그런데', '상', '폭행', '이', '보수', '전', '유물', '인', '것', '처럼', '그리는건', '억', '겹', '네', '어느', '자', '자체', '장', '들', '은', '무슨', '보수였나']",-4.9919012580234705,-2.13
37,rK70R5OD4i4,대한민국에서 미투 운동이 성공하려면 미국처럼 우파가 고발 당해야 여가부 정치권 페미니스트 시민단체등이 연대할건데 안희정 오거돈 박원순 처럼 좌파만 고발당하니<br> 오히려 피해자들이 2차가해를 당하고 있어 안타갑네여.,"['대한민국', '에서', '미투', '운동', '이', '성공하려면', '미국', '처럼', '우파', '가', '고발', '당해야', '여가부', '정치권', '페미니스트', '시민단체', '등', '이', '연대', '할건데', '안희정', '오거돈', '박원순', '처럼', '좌파', '만', '고발', '당하니', '오히려', '피해자', '들', '이', '2', '차', '가해', '를', '당하고', '있어', '안타', '갑', '네', '여']",-5.014155703444633,-1.91
38,rK70R5OD4i4,180석의 나라에서는,"['180', '석', '의', '나라', '에서는']",-0.507542799913451,-0.3
39,rK70R5OD4i4,치명적인 스포일러 래봐야 다 아는 ㅋㅋㅋㅋ,"['치명', '적', '인', '스포일러', '래', '봐야', '다', '아는']",0.0,0.0
40,rK70R5OD4i4,미투 운동이 기득권의 위력을 이용한 각종 범죄행위에 대항한다고 해서<br><br>&quot;진보&quot;적이라고 생각하는 사람들이 부디 없기를.<br><br>그 미투운동 또한 &#39;진실&#39;을 드러내겠다는 보수적 가치를 받들기 때문이지.<br><br>다만 정치적 의미의 보수가 강학상 의미의 보수는 아닌 탓에 미투운동이 진보적 운동의 하나로 비춰질 수밖에 없을 뿐.<br><br>근데 이 정치적 프레임에 갇혀서 정치적으로 보수세력이 무조건적인 &quot;악&quot;으로 규정되고 빨갱이식 논리로 사실은 중요하지도 않고 그저 분노를 풀기 위한 군중재판해대는 짓거리를 볼 때마다<br><br>나는 (위력에 의한 성범죄 = 무고죄)라고 생각하게 된다.<br><br>우리는 지금 분노에 너무 노출되어 있다. 사이버렉카들이 즐비한 것만 봐도 알 것이다. <br><br>어떤 소식을 접하고 분노를 제대로 다룰 능력이 없다면 차라리 외면하는 게 나은 세상이다.,"['미투', '운동', '이', '기득권', '의', '위력', '을', '이용', '한', '각종', '범죄', '행위', '에', '대항', '한다고', '해서', 'quot', '진보', 'quot', '적', '이라고', '생각', '하는', '사람', '들', '이', '부디', '없기를', '그', '미투', '운동', '또한', '39', '진실', '39', '을', '드러내겠다는', '보수', '적', '가치', '를', '받', '들기', '때문', '이지', '다만', '정치', '적', '의미', '의', '보수', '가', '강학', '상', '의미', '의', '보수', '는', '아닌', '탓', '에', '미투', '운동', '이', '진보', '적', '운동', '의', '하나로', '비춰질', '수', '밖에', '없을', '뿐', '근데', '이', '정치', '적', '프레임', '에', '갇혀서', '정치', '적', '으로', '보수', '세력', '이', '무조건', '적', '인', 'quot', '악', 'quot', '으로', '규정', '되고', '빨갱이', '식', '논리', '로', '사실', '은', '중요하지도', '않고', '그저', '분노', '를', '풀기', '위', '한', '군중', '재판', '해대', '는', '짓거리', '를', '볼', '때', '마다나', '는', '위력', '에', '의한', '성범죄', '무고죄', '라고', '생각', '하게', '된다', '우리', '는', '지금', '분노', '에', '너무', '노출', '되어', '있다', '사이버', '렉카', '들', '이', '즐비한', '것', '만', '봐도', '알', '것', '이다', '어떤', '소식', '을', '접', '하고', '분노', '를', '제대로', '다룰', '능력', '이', '없다면', '차라리', '외면', '하는', '게', '나은', '세상', '이다']",-38.856901310364535,-12.05
41,rK70R5OD4i4,@추상인간 너한테 한얘기 같지도 않은데 굳이 댓구를,"['추상', '인간', '너', '한테', '한', '얘기', '같지도', '않은데', '굳이', '댓', '구', '를']",-2.073449946360351,-1.0
42,rK70R5OD4i4,아무도 물어보지 않았지만...,"['아무', '도', '물어보지', '않았지만']",0.0,0.0
43,rK70R5OD4i4,오히려 전세계적으로 진보 성향의 인사들이 미투에 휘말린 사건이 훨 많은데 무슨 소리인지,"['오히려', '전세계', '적', '으로', '진보', '성향', '의', '인사', '들', '이', '미투', '에', '휘', '말린', '사건', '이', '훨', '많은데', '무슨', '소리', '인지']",-3.1318142928937984,-1.35
44,rK70R5OD4i4,"테론, 키드먼, 로비를 한 영화에서 본 것도 모자라서 주제도 너무 괜찮았던 영화, 싱크로율이 장난 아니던데","['테론', '키드', '먼', '로비', '를', '한', '영화', '에서', '본', '것', '도', '모자라서', '주제', '도', '너무', '괜찮았던', '영화', '싱크로', '율', '이', '장난', '아니던데']",-2.094661992698429,-0.89
45,rK70R5OD4i4,리뷰 잘 봤습니다~,"['리뷰', '잘', '봤습니다']",3.360642907192747,2.28
46,rK70R5OD4i4,이시기에 이런작품을 소개받는것만으로도 좋아요를 누를수밖에 없네요,"['이', '시기', '에', '이런', '작품', '을', '소개', '받는것만으로도', '좋아요', '를', '누를수밖에', '없네요']",-0.507542799913451,-0.24
47,rK70R5OD4i4,미투가 공익을 위한 저항이기도 하지만 어찌보면 목숨의 위협을 받을 가능성이 높은 양날의 검 그 자체죠.,"['미투', '가', '공익', '을', '위', '한', '저항', '이기도', '하지만', '어찌', '보면', '목숨', '의', '위협', '을', '받을', '가능성', '이', '높은', '양', '날', '의', '검', '그', '자체', '죠']",0.8531001072792995,0.35
48,rK70R5OD4i4,"1994년도 소설 &quot;폭로&quot; <br>기억하시는 분 있으신가요?<br><br>그 당시 직장내 성희롱을 고발하여 법정까지 간 실화를 바탕으로 쓴 소설인데 <br>1995년도에 마이클 더글라스,<br>데미무어 주연의 영화로 나왔었죠.","['1994년', '도', '소설', 'quot', '폭로', 'quot', '기억', '하시는', '분', '있으신', '가요', '그', '당시', '직장', '내', '성희롱', '을', '고발', '하여', '법정', '까지', '간', '실화', '를', '바탕', '으로', '쓴', '소설', '인데', '1995년', '도에', '마이클', '더글라스', '데미무어', '주연', '의', '영화로', '나왔었죠']",-10.032149252427978,-3.89
49,rK70R5OD4i4,갑(직장 상사)의 횡포에 무너지는<br>을(부하)의 모습을 잘 보여준 영화인데<br>그 당시는 큰 이슈가 되지 못했다는<br>점이 아쉬웠어요.<br>지금 재개봉한다면 큰 반향을 불러올 듯<br>합니다.,"['갑', '직장', '상사', '의', '횡포', '에', '무너지는을', '부하', '의', '모습', '을', '잘', '보여준', '영화', '인데', '그', '당시', '는', '큰', '이슈', '가', '되지', '못', '했다는', '점', '이', '아쉬웠어요', '지금', '재', '개봉', '한', '다', '면', '큰', '반향', '을', '불러', '올', '듯', '합니다']",0.40911244671938485,0.16
50,rK70R5OD4i4,최근 연이어 터진 그당이 떠오르네요,"['최근', '연', '이', '어', '터진', '그', '당', '이', '떠오르네요']",0.0,0.0
51,rK70R5OD4i4,아카데미분장상 받은 작품이죠? 수상자의 소감이 인상깊었어요.,"['아카데미', '분장', '상', '받은', '작품', '이', '죠', '수상자', '의', '소감', '이', '인상', '깊었어요']",-1.0150855998269053,-0.48
52,rK70R5OD4i4,미투가 사회적 다이다이 캐삭빵이 되야 정상인데<br><br>폭로하는 사람이 위축된다 등의 명분으로 일방적 캐삭빵이 되니까 별로 지지안함.<br><br>뭐 신고자가 위축된다는 명분으로 무고죄수사를 막은 나라에서 딱히 놀랄일도 아니고 지극히 정상이긴 함.,"['미투', '가', '사회', '적', '다', '이다이', '캐삭빵', '이', '되야', '정상', '인데', '폭로', '하', '는', '사람', '이', '위축', '된다', '등', '의', '명분', '으로', '일방', '적', '캐삭빵', '이', '되니까', '별로', '지지', '안함', '뭐', '신고', '자', '가', '위축', '된다는', '명분', '으로', '무고죄', '수사', '를', '막은', '나라', '에서', '딱히', '놀랄', '일도', '아니고', '지극히', '정상', '이긴', '함']",-15.971432577187812,-5.88
53,rK70R5OD4i4,이해하기 쉽게 말 잘하시네,"['이해', '하기', '쉽게', '말', '잘', '하시네']",3.3757285070196543,1.9
54,rK70R5OD4i4,"일단 여성이 지목만하면 증거없이도 남성과 그가족은 인간쓰레기가 되어 인생끝장나는데<br>증거없이 미투하려면 최소한 이름, 얼굴이라도 까야하는거 아닌가?<br>뭔가 이상해서 의혹제기라도 하면 얼굴도 이름도 모르는 여성한테 뭔 2차 가해운운이나 하고<br>인간적으로 무고 확실한 경우엔 성범죄랑 동급 처벌받게 해야 공정한거지 <br>찔러나보고 합의금 받으면 좋고 아님 말고는 좀,,","['일단', '여성', '이', '지목', '만하', '면', '증거', '없이도', '남성', '과', '그', '가족', '은', '인간', '쓰레기', '가', '되어', '인생', '끝장', '나는데', '증거', '없이', '미투', '하려면', '최소한', '이름', '얼굴', '이라도', '까', '야하는거', '아닌가', '뭔가', '이상해서', '의혹', '제기', '라도', '하면', '얼굴', '도', '이름', '도', '모르는', '여성', '한테', '뭔', '2', '차', '가해운운이나', '하고', '인간', '적', '으로', '무고', '확실한', '경우', '엔', '성범죄', '랑', '동', '급', '처벌', '받게', '해야', '공정한거지', '찔러나', '보고', '합의금', '받으면', '좋고', '아님', '말고는', '좀']",-22.691596207002384,-7.94
55,rK70R5OD4i4,군대에서 구타 당했다고 뻥치는 것보다야......,"['군대', '에서', '구타', '당했다고', '뻥', '치는', '것', '보다야']",-0.5075427999134526,-0.27
56,rK70R5OD4i4,@낭만냥이 그래서 피해자 증언을 반박할 증거를 &#39;성인지 감수성&#39;을 근거로 무시하는게 올바른 판단이다 이건가요?,"['낭만', '냥', '이', '그래서', '피해자', '증언', '을', '반박', '할', '증거', '를', '39', '성인', '지', '감수성', '39', '을', '근거', '로', '무시', '하는게', '올바른', '판단', '이다', '이건', '가요']",3.213743014472045,1.33
57,rK70R5OD4i4,@punch B2 무슨 남자가 잠재적 가해자라는 것마냥 왜 피해자는 여자 가해자는 남자로 정하고 들어가는 거죠?,"['punch', 'B', '2', '무슨', '남자', '가', '잠재', '적', '가해자', '라는', '것', '마냥', '왜', '피해자', '는', '여자', '가해자', '는', '남자', '로', '정', '하고', '들어가는', '거', '죠']",0.8351065582959589,0.35
58,rK70R5OD4i4,@기다려내가대신처리할께 안희정은 오리발 내밀다 인정했는데 뭐가 불쌍?,"['기다려내가대', '신처리', '할께', '안희정', '은', '오리발', '내밀다', '인정', '했는데', '뭐', '가', '불쌍']",-0.015085599826903717,-0.01
59,rK70R5OD4i4,2020년 대선을 타킷으로 만들어진 영화에 지나지 않죠. 민주당과 그들을 지지하는 헐리우드 주류를 향한 미투를 공화당과 메인스트림 유일의 보수언론인 FOX로 시선을 돌리기 위한 겁니다.,"['2020년', '대선', '을', '타킷', '으로', '만들어진', '영화', '에', '지나지', '않죠', '민주당', '과', '그', '들', '을', '지지', '하는', '헐리우드', '주류', '를', '향', '한', '미투', '를', '공화당', '과', '메인스트림', '유일', '의', '보수', '언론인', 'FOX', '로', '시선', '을', '돌리기', '위', '한', '겁니다']",-5.174911051856453,-2.0
60,rK70R5OD4i4,"우리나라는 미투운동이 실제가해자들을 퇴출시키는 역할도 했지만, 무고로 고통을 받는 사람도 유난히 많아 보인다는...--;","['우리나라', '는', '미투', '운동', '이', '실제', '가해자', '들', '을', '퇴', '출', '시키는', '역할', '도', '했지만', '무고', '로', '고통', '을', '받는', '사람', '도', '유난히', '많아', '보인다는']",-5.575801953453702,-2.33
61,rK70R5OD4i4,"원제에 없는 부제에 실망스럽다.<br>흥행이 목적이면 언론판 안희정이라고 하지.<br>주말에 와이프랑 볼려고 했는데, 미투보다 페미나 피씨가 많은 거 같으니 걸러야겠다","['원제', '에', '없는', '부제', '에', '실망', '스럽다', '흥행', '이', '목적', '이면', '언론', '판', '안희정', '이라고', '하지주말에', '와이프', '랑', '볼려고', '했는데', '미투', '보다', '페미', '나', '피씨', '가', '많은', '거', '같으니', '걸러', '야', '겠다']",-9.556755704942507,-3.81
62,rK70R5OD4i4,저도 보고왔는데 다른 3명의 인물이 이어지진 않더라고요. 그래도 영화자체는 반도보다 볼만했습니다,"['저', '도', '보고왔는데', '다른', '3', '명의', '인물', '이', '이어지진', '않더라고요', '그래도', '영화', '자체', '는', '반도', '보다', '볼', '만', '했습니다']",-0.31303377900531315,-0.14
63,rK70R5OD4i4,현재 우리나라 사회에 이슈인 부분과 비슷한 점이 많네요 기막힌 타이밍,"['현재', '우리나라', '사회', '에', '이슈', '인', '부분', '과', '비슷한', '점', '이', '많네요', '기막힌', '타이밍']",-0.5809927462738036,-0.27
64,rK70R5OD4i4,몽키 매직 원순짱이 생각나는군요 ㅋㅋㅋㅋㅋ,"['몽키', '매직', '원', '순', '짱', '이', '생각나는군요']",0.0,0.0
65,rK70R5OD4i4,국가와 성별을 떠나 위계에 대한 범죄는 누군가에게는 불편한 그렇지만 언젠가는 드러날 문제였지 않았나 싶어요 생각보다 깔끔하게 집중할수 있어서 좋았습니다,"['국가', '와', '성별', '을', '떠나', '위계', '에', '대한', '범죄', '는', '누군가', '에게는', '불편한', '그렇지만', '언젠가', '는', '드러날', '문제', '였지', '않았나', '싶어요', '생각', '보다', '깔끔하게', '집중', '할수', '있어서', '좋았습니다']",-11.796447051582822,-4.82
66,rK70R5OD4i4,여성관련 영화면 평점테러부터 하는 그분들이 또 미쳐날뛰겠구만,"['여성', '관련', '영화', '면', '평점', '테러', '부터', '하는', '그', '분들', '이', '또', '미쳐', '날뛰겠구만']",-1.805490979091862,-0.84
67,rK70R5OD4i4,우리나라의 누군가가 생각나는군요^^ ㅎㅎ,"['우리나라', '의', '누군가', '가', '생각나는군요']",-0.07344994636035096,-0.04
68,rK70R5OD4i4,취향이 일관되네,"['취향', '이', '일관', '되네']",0.0,0.0
69,rK70R5OD4i4,이 양반 저번부터 의도가 아주 불순하네 이거,"['이', '양반', '저번', '부터', '의도', '가', '아주', '불순', '하네', '이', '거']",-1.0150855998269037,-0.5
70,rK70R5OD4i4,담벼락에 오줌싸듯 댓글달지 마세용,"['담벼락', '에', '오줌', '싸듯', '댓글달지', '마세용']",0.0,0.0
71,rK70R5OD4i4,@인간탐구 뭔 헛소리세요 관련 내용 제대로 팔로우 하고 하는 소립니까,"['인간', '탐구', '뭔', '헛소리', '세', '요', '관련', '내용', '제대로', '팔로우', '하고', '하는', '소립', '니까']",-3.0754279991345292,-1.43
72,rK70R5OD4i4,"정의연, 박시장 둘 다 좌파 스스로 비판해야 할 대상아닙니까? 좌파의 가치 문통이 내세운 공정, 정의, 공평에 어긋나는 삶을 산 그들을 좌파 스스로 비판해야죠... 무조건 감싸고 감추면 그래도 되는구나 하는 사회가 됩니다...","['정의', '연', '박', '시장', '둘', '다', '좌파', '스스로', '비판', '해야', '할', '대상', '아닙니까', '좌파', '의', '가치', '문', '통', '이', '내', '세운', '공정', '정의', '공평', '에', '어긋나는', '삶', '을', '산', '그', '들', '을', '좌파', '스스로', '비판', '해야죠', '무조건', '감싸고', '감추면', '그래도', '되는구나', '하는', '사회', '가', '됩니다']",-7.077406051908699,-2.67
73,rK70R5OD4i4,@no fascio 의도 의도하지말고 사실을 사실대로봐라 그렇게 살면 피곤하다,"['no', 'fascio', '의도', '의도', '하지말고', '사실', '을', '사실', '대로', '봐라', '그렇게', '살', '면', '피곤하다']",-5.347535360140016,-2.49
74,rK70R5OD4i4,@찐찐 뭐가 불순한지 너도 감이 오니 득달같이 달려와서 대댓글 달았겠지?,"['찐', '찐', '뭐', '가', '불순', '한지', '너', '도', '감', '이', '오니', '득달', '같이', '달려와서', '대', '댓글', '달았겠지']",-1.4491784533800036,-0.65
75,rK70R5OD4i4,아니! 아직 한참 남았잖아!,"['아니', '아직', '한참', '남았잖아']",-0.5075427999134526,-0.32
76,rK70R5OD4i4,원숭이?ㅋ,['원숭이'],0.0,0.0
77,rK70R5OD4i4,불편해하실분들이 곧 들이닥치실거 같네요 조심하세요,"['불편해하실', '분', '들', '이', '곧', '들이', '닥치실거', '같네요', '조심하세요']",0.0,0.0
78,rK70R5OD4i4,님이 옳았습니다.....,"['님', '이', '옳았습니다']",0.0,0.0
79,6vWc2h8_J8A,잘봤습니다 영화보고 보니 더 와닿습니다,"['잘', '봤습니다', '영화', '보고', '보니', '더', '와', '닿습니다']",4.316503749147003,2.27
80,6vWc2h8_J8A,번역 감사합니다 영화보는 내내 엄청 울었는데 이 영상도 너무 슬프네요 ㅠㅠ,"['번역', '감사합니다', '영', '화보', '는', '내내', '엄청', '울었는데', '이', '영상', '도', '너무', '슬프네요']",5.945784047203554,2.81
81,6vWc2h8_J8A,감사합니다.. 정말 하.. 많은 생각을 들게 하는 영화였고 .. 피해자들이 얼마나 힘들었는지 그때의 감정들을 진실로 느낄 수 있는 인터뷰영상인 것 같아요  감사합니다,"['감사합니다', '정말', '하', '많은', '생각', '을', '들게', '하는', '영화', '였고', '피해자', '들', '이', '얼마나', '힘들었는지', '그때', '의', '감정', '들', '을', '진실로', '느낄', '수', '있는', '인터뷰', '영상', '인', '것', '같아요', '감사합니다']",4.441170441405159,1.79
82,6vWc2h8_J8A,번역 감사합니다!!,"['번역', '감사합니다']",3.3516837538770163,2.58
83,6vWc2h8_J8A,번역 감사합니다 이 영상을 볼 수 있어 너무 좋았어요,"['번역', '감사합니다', '이', '영상', '을', '볼', '수', '있어', '너무', '좋았어요']",5.945784047203554,2.97
84,6vWc2h8_J8A,감사합니다! 원본 보고 완벽히 이해할 수 없어서  답답했는데 덕분에 영화 이외의 얘기도 알게되었네요. 이 영상을 통해 다른 관점에서도 영화를 생각해보게 되었어요.,"['감사합니다', '원본', '보고', '완벽히', '이해', '할', '수', '없어서', '답답했는데', '덕분', '에', '영화', '이외', '의', '얘기', '도', '알', '게', '되었네요', '이', '영상', '을', '통해', '다른', '관점', '에서도', '영화', '를', '생각', '해보게', '되었어요']",4.936220944041047,1.98
85,6vWc2h8_J8A,감사합니다! 좋은영화보고 난 후에 궁금한점이 많았는데 단비같은 영상이네요! 잘봤습니다💗,"['감사합니다', '좋은', '영', '화보', '고', '난', '후', '에', '궁금한', '점', '이', '많았는데', '단비', '같은', '영', '상이', '네', '요', '잘', '봤습니다']",5.083906774352412,2.21
86,6vWc2h8_J8A,영화 보고 영상 보니 이해안되었던 부분이 어느정도 풀려요!! 진짜 도움되고 좋은 영상이에요! 구독하고 가요~,"['영화', '보고', '영상', '보니', '이해', '안되었던', '부분', '이', '어느', '정도', '풀려요', '진짜', '도움', '되고', '좋은', '영상', '이에요', '구독', '하고', '가요']",8.603696709979397,3.74
87,6vWc2h8_J8A,번역 감사합니다. 영화를 본 많은 사람들이 이 영상까지 봤으면 좋겠네요.,"['번역', '감사합니다', '영화', '를', '본', '많은', '사람', '들', '이', '이', '영상', '까지', '봤으면', '좋겠네요']",5.3367801417940015,2.49
88,6vWc2h8_J8A,잘 봤습니다. 어제 영화를 보고 왔는데.. 당사자들의 소감을 보니 자꾸 눈물이 나네요. 그들의 용기에 박수를 보냅니다.,"['잘', '봤습니다', '어제', '영화', '를', '보고', '왔는데', '당사자', '들', '의', '소감', '을', '보니', '자꾸', '눈물', '이', '나네요', '그', '들', '의', '용기', '에', '박수', '를', '보냅니다']",0.2561613498393821,0.11
89,6vWc2h8_J8A,"정말 좋은 영상이고 좋은 번역이에요. 되게 많은 생각을 하게 하네요. 밤쉘이라는 게 폭탄이라는 뜻이 있지만 금발 미녀라는 뜻도 있는데, 영화에서 금발 미녀의 대표인 세 인물이 그저 예쁜 여자가 아닌 &#39;사람&#39;으로서 용기를 낸 모습을 보니 존경심이 들었어요. 실화이니 더더욱. 여기선 마고 로비가 메긴 켈리를 비판하던 장면이 말이 안 된다고 했지만, 그 장면을 그대로가 아니라 상징적으로 보면 아주 잘 만들어진 장면이라 생각해요. 세 인물을 과거, 현재, 미래로 보는 해석이 있는데 그 해석대로 가면 미래의 자신이 현재의 자신을 비판하는, 즉 과거의 자신을 향한 자기혐오가 아닐까 해요. 왜 나는 그 때 바로 얘기하지 않았을까? 하는. 그렇게 생각하면 슬퍼지죠. <br>물론 어떻게 여자가 저녁 토크쇼 앵커자릴 꿰차겠어? 라는 말은 꽃뱀 프레임이 맞다고 생각하지만요.<br><br>결말을 보고 저는 만족했는데, 실제 인물들의 얘기를 들어보니 절대 만족해선 안 되겠단 생각이 들어요. 피해자는 평생 고통받는데 가해자는 그저 해고로 끝나다니, 적어도 몇 십년 징역은 살았어야 했어요. 아님 사형시켜 버리거나. 지금도 옛날과 크게 다르지 않은 게, 박원순에게 성추행을 당했다는 피해자 분도 지금 인터넷에서 꽃뱀 취급 받고 있고, 박원순은 순교자가 되어 있잖아요. 중립기어 박는 척하면서 2차 가해를 하는 쓰레기들이 너무나 많아요. 그럼에도 밤쉘이라는 영화가 나온 것처럼, 가해자가 (합당한진 의문이지만 어쨌든) 처벌을 받은 것처럼, 세상은 아직 흐르고 있다는 걸 믿어야겠어요. 매우 느리지만, 그건 사실이기도 하니까요.","['정말', '좋은', '영상', '이고', '좋은', '번역', '이에요', '되게', '많은', '생각', '을', '하게', '하네요', '밤쉘', '이라는', '게', '폭탄', '이라는', '뜻', '이', '있지만', '금발', '미녀', '라는', '뜻', '도', '있는데', '영화', '에서', '금발', '미녀', '의', '대표', '인', '세', '인물', '이', '그저', '예쁜', '여자', '가', '아닌', '39', '사람', '39', '으로서', '용기', '를', '낸', '모습', '을', '보니', '존경심', '이', '들었어요', '실화', '이니', '더', '더욱', '여', '기선', '마고', '로비', '가', '메긴', '켈리', '를', '비판', '하던', '장면', '이', '말', '이', '안', '된다고', '했지만', '그', '장면', '을', '그대로', '가', '아니라', '상징', '적', '으로', '보면', '아주', '잘', '만들어진', '장면', '이라', '생각', '해요', '세', '인물', '을', '과거', '현재', '미래', '로', '보는', '해석', '이', '있는데', '그', '해석', '대로', '가면', '미래', '의', '자신', '이', '현재', '의', '자신', '을', '비판', '하는', '즉', '과거', '의', '자신', '을', '향', '한', '자기혐오', '가', '아닐까', '해', '요', '왜', '나', '는', '그', '때', '바로', '얘기', '하지', '않았을까', '하는', '그렇게', '생각', '하면', '슬퍼지죠', '물론', '어떻게', '여자', '가', '저녁', '토크쇼', '앵커', '자릴', '꿰', '차겠어', '라는', '말', '은', '꽃뱀', '프레임', '이', '맞다고', '생각', '하지', '만요', '결말', '을', '보고', '저', '는', '만족했는데', '실제', '인물', '들', '의', '얘기', '를', '들어', '보니', '절대', '만족해', '선', '안', '되겠단', '생각', '이', '들어요', '피해자', '는', '평생', '고통', '받는데', '가해자', '는', '그저', '해고', '로', '끝나다니', '적어도', '몇', '십년', '징역', '은', '살았어야', '했어요', '아님', '사형', '시켜', '버리거나', '지금', '도', '옛날', '과', '크게', '다르지', '않은', '게', '박원순', '에게', '성추행', '을', '당했다는', '피해자', '분도', '지금', '인터넷', '에서', '꽃뱀', '취급', '받고', '있고', '박원순', '은', '순교자', '가', '되어', '있잖아요', '중립', '기어', '박는', '척', '하면서', '2', '차', '가해', '를', '하는', '쓰레기', '들', '이', '너무나', '많아요', '그럼에도', '밤쉘', '이라는', '영화', '가', '나온', '것', '처럼', '가해자', '가', '합당', '한진', '의문', '이지만', '어쨌든', '처벌', '을', '받은', '것', '처럼', '세상', '은', '아직', '흐르고', '있다는', '걸', '믿어야겠어요', '매우', '느리지만', '그건', '사실', '이기도', '하니', '까요']",-60.83195288820443,-17.61
90,6vWc2h8_J8A,번역 정말 감사합니다,"['번역', '정말', '감사합니다']",4.218393799868843,2.86
91,6vWc2h8_J8A,번역 감사합니다,"['번역', '감사합니다']",3.3516837538770163,2.58
92,6vWc2h8_J8A,번역 너무 감사합니다. 30분 짜리의 영상이지만 어쩌면 영화보다 더 와닿는 내용일 수 있다는 생각이 들었습니다.,"['번역', '너무', '감사합니다', '30분', '짜', '리', '의', '영상', '이지만', '어쩌면', '영화', '보다', '더', '와', '닿는', '내용', '일', '수', '있다는', '생각', '이', '들었습니다']",4.37797332173102,1.87
93,6vWc2h8_J8A,잘 봤습니다.좋은 번역 감사드려요!,"['잘', '봤습니다', '좋은', '번역', '감사', '드려요']",7.96086964703046,4.48
94,6vWc2h8_J8A,잘봤습니다,"['잘', '봤습니다']",2.3757285070196525,1.83
95,6vWc2h8_J8A,"번역해주셔서 감사합니다. 이 영상이 없었다면 영화에 나온 것이 실존 인물들의 이야기 전부라고 생각했을 거예요. 영화를 보고 이 영상을 보니 정말 많은 생각이 들었고, 실존 인물들의 이야기와 영화를 따로, 또 함께 생각할 수 있게 되었어요. 정말 감사합니다.","['번역', '해주셔서', '감사합니다', '이', '영상', '이', '없었다면', '영화', '에', '나온', '것', '이', '실존', '인물', '들', '의', '이야기', '전부', '라고', '생각', '했을', '거', '예요', '영화', '를', '보고', '이', '영상', '을', '보니', '정말', '많은', '생각', '이', '들었고', '실존', '인물', '들', '의', '이야기', '와', '영화', '를', '따로', '또', '함께', '생각', '할', '수', '있게', '되었어요', '정말', '감사합니다']",10.668956656621013,3.92
96,6vWc2h8_J8A,번역 감사합니다. 보는내내 눈물이 자꾸나네요 ㅜㅜ,"['번역', '감사합니다', '보는내내', '눈물', '이', '자꾸나', '네', '요']",0.9025053004970109,0.47
97,6vWc2h8_J8A,영상 정말로 감사하다는 말 꼭꼭 드리고싶어요 너무 큰 도움 되었어요. 영화를 보는내내 울고 화나고 가끔 웃기도 하면서 세상에 꼭 필요한 영화라는 생각이 들었어요. 실존인물들의 생각을 들어볼수 있어서 참 좋은 인터뷰 같아요 번역 감사합니다!,"['영상', '정말로', '감사하다는', '말', '꼭꼭', '드리고싶어요', '너무', '큰', '도움', '되었어요', '영화', '를', '보는내내', '울', '고', '화나고', '가끔', '웃기', '도', '하면서', '세상', '에', '꼭', '필요한', '영화', '라는', '생각', '이', '들었어요', '실존', '인물', '들', '의', '생각', '을', '들어', '볼수', '있어서', '참', '좋은', '인터뷰', '같아요', '번역', '감사합니다']",-0.4686260631045611,-0.18
98,6vWc2h8_J8A,와 번역 진짜 감사해요ㅜㅜ 이 긴것을....밤쉘 꼭 봐야겠어요,"['와', '번역', '진짜', '감사해요', '이', '긴것을', '밤쉘', '꼭', '봐야겠어요']",2.570055540183904,1.32
99,6vWc2h8_J8A,영화 번역보다 이 영상이 훨씬 낫네요ㅠㅠ 자막보고 이해못한 부분 많았는데 번역 너무 잘하셔요... 본 영화도 해주셨으면 얼마나 좋았을까,"['영화', '번역', '보다', '이', '영상', '이', '훨씬', '낫네요', '자막', '보고', '이해', '못', '한', '부분', '많았는데', '번역', '너무', '잘', '하셔요', '본', '영화', '도', '해주셨으면', '얼마나', '좋았을까']",7.8955184426466385,3.29
100,6vWc2h8_J8A,"이런 영상이 있다는 사실 조차 몰랐는데, 알게되어서 그리고 번역된 채로 볼 수 있어서 정말 좋았습니다. 감사합니다.","['이런', '영상', '이', '있다는', '사실', '조차', '몰랐는데', '알', '게', '되어서', '그리고', '번역', '된', '채', '로', '볼', '수', '있어서', '정말', '좋았습니다', '감사합니다']",1.680679800301582,0.72
101,6vWc2h8_J8A,번역 감사합니다. 영화 보고 이것까지 봐야 영화 제대로 감상하는거 같네요,"['번역', '감사합니다', '영화', '보고', '이', '것', '까지', '봐야', '영화', '제대로', '감상', '하는거', '같네요']",5.692232256166655,2.69
102,6vWc2h8_J8A,좋은 영상 감사합니다. 밤쉘을 보고 실제로 그 삶을 살던 사람들의 비하인드 스토리를 들음으로써 더욱 자세히 알게된 시간이었습니다,"['좋은', '영상', '감사합니다', '밤쉘', '을', '보고', '실제', '로', '그', '삶', '을', '살던', '사람', '들', '의', '비하인드', '스토리', '를', '들', '음', '으로써', '더욱', '자세히', '알', '게', '된', '시간', '이었습니다']",8.610865555573664,3.52
103,6vWc2h8_J8A,번역 정말 감사합니다!,"['번역', '정말', '감사합니다']",4.218393799868843,2.86
104,6vWc2h8_J8A,번역 너무 감사합니다,"['번역', '너무', '감사합니다']",3.945784047203553,2.67
105,6vWc2h8_J8A,정말 정말 감사드려요... 너무 귀한 영상입니다🙏,"['정말', '정말', '감사', '드려요', '너무', '귀한', '영상', '입니다']",6.95326753940491,3.65
106,6vWc2h8_J8A,번역 감사합니다 고생 많으셨어요,"['번역', '감사합니다', '고생', '많으셨어요']",3.3516837538770163,2.09
107,6vWc2h8_J8A,이거 검색어 설정좀 해주세요.<br>제목 그대로 검색해도 안뜨네요,"['이', '거', '검색어', '설정', '좀', '해주세요', '제목', '그대로', '검색', '해도', '안', '뜨네요']",0.9849144001730963,0.47
108,6vWc2h8_J8A,아 그렇군요 태그를 몇가지 추가했습니다 :),"['아', '그렇군요', '태그', '를', '몇', '가지', '추가', '했습니다']",0.0,0.0
109,6vWc2h8_J8A,번역 감사합니다 영상 잘봤습니다,"['번역', '감사합니다', '영상', '잘', '봤습니다']",7.727412260896669,4.55
110,6vWc2h8_J8A,번역 감사합니다!,"['번역', '감사합니다']",3.3516837538770163,2.58
111,6vWc2h8_J8A,밤쉘 본 후 필수로 시청해야할 영상이네요. 정말 감사합니다 💜,"['밤쉘', '본', '후', '필수', '로', '시청', '해야', '할', '영', '상이', '네', '요', '정말', '감사합니다']",4.661445806737675,2.17
112,6vWc2h8_J8A,번역 감사합니다! 덕분에 잘 보았습니다!!!<br>영화를 감명깊게 봤는데 이 영상까지 보니 더 기억에 오래 남을것 같습니다!😄,"['번역', '감사합니다', '덕분', '에', '잘', '보았습니다', '영화', '를', '감명', '깊게', '봤는데', '이', '영상', '까지', '보니', '더', '기억', '에', '오래', '남을것', '같습니다']",8.13133391479596,3.5
113,6vWc2h8_J8A,잘봤습니다 감사합니다,"['잘', '봤습니다', '감사합니다']",4.142271120885861,2.8
114,6vWc2h8_J8A,영상에 들어갈 것 처럼 집중해서 보았습니다. 번역 감사드려요.,"['영상', '에', '들어갈', '것', '처럼', '집중', '해서', '보았습니다', '번역', '감사', '드려요']",6.353474061598487,3.11
115,6vWc2h8_J8A,귀한  자료  감사합니다. 이 영상까지 봐야 영화를 완전히 감상했다고 할 수 있겠네요.,"['귀한', '자료', '감사합니다', '이', '영상', '까지', '봐야', '영화', '를', '완전히', '감상', '했다고', '할', '수', '있겠네요']",6.034501581134698,2.77
116,6vWc2h8_J8A,이거 자막 너무 보고싶었는데 번역해주셔서 정말 감사합니다 덕분에 좋은영상 더 이해깊게 보고 갑니다,"['이', '거', '자막', '너무', '보고싶었는데', '번역', '해주셔서', '정말', '감사합니다', '덕분', '에', '좋은', '영상', '더', '이해', '깊게', '보고', '갑니다']",14.01226914927549,6.21
117,6vWc2h8_J8A,감사합니다.,['감사합니다'],1.7665426138662088,1.77
118,6vWc2h8_J8A,"<a href=""https://www.youtube.com/watch?v=6vWc2h8_J8A&amp;t=29m18s"">29:18</a> 부터 울어버렸네요 집중해서 잘 봤어요 감사합니다","['2918', '부터', '울어', '버렸네요', '집중', '해서', '잘', '봤어요', '감사합니다']",4.228828614298949,2.16
119,6vWc2h8_J8A,밤쉘을 정말 감명깊게 봤는데 실제 피해자들의 인터뷰를 자막으로 볼 수 있어서 더 기쁘네요ㅠ 감사합니다🥰,"['밤쉘', '을', '정말', '감명', '깊게', '봤는데', '실제', '피해자', '들', '의', '인터뷰', '를', '자막', '으로', '볼', '수', '있어서', '더', '기쁘네요', '감사합니다']",2.1652202461554912,0.94
120,6vWc2h8_J8A,번역 감사합니다! 너무 잘 봤어요😊,"['번역', '감사합니다', '너무', '잘', '봤어요']",4.945784047203553,2.91
121,6vWc2h8_J8A,법적으로 처벌이 안됐다니 충격이네요..저기나 여기나 제대로 된 처벌이 안 되는 게 현실인가 봐요.,"['법적', '으로', '처벌', '이', '안', '됐다니', '충격', '이네', '요', '저기', '나', '여기', '나', '제대로', '된', '처벌', '이', '안', '되는', '게', '현실', '인가', '봐요']",-6.684613892287968,-2.83
122,6vWc2h8_J8A,번역 감사합니다 마지막에 딸을 보는 장면이 너무 슬펐어요,"['번역', '감사합니다', '마지막', '에', '딸', '을', '보는', '장면', '이', '너무', '슬펐어요']",2.9306984473766473,1.44
123,6vWc2h8_J8A,번역 감사합니다 밤쉘을 보고 보니까 더 좋은 내용이네요 영상 잘 봤습니다!,"['번역', '감사합니다', '밤쉘', '을', '보고', '보', '니까', '더', '좋은', '내', '용이', '네', '요', '영상', '잘', '봤습니다']",12.219009049644015,5.54
124,6vWc2h8_J8A,좋은 영상 감사합니다 잘 봤어요,"['좋은', '영상', '감사합니다', '잘', '봤어요']",6.766542613866209,3.98
125,6vWc2h8_J8A,번역덕분에 좋은 영상 볼 수 있네요!!!!! 밤쉘 너무 잘봤는데 실제인물들이 대화하는 의미있는 영상 덕분에 보고 갑니다,"['번역', '덕분', '에', '좋은', '영상', '볼', '수', '있네요', '밤쉘', '너무', '잘', '봤는데', '실제', '인물', '들', '이', '대화', '하는', '의미', '있는', '영상', '덕분', '에', '보고', '갑니다']",12.144441461848695,5.06
126,KcEc3Gfra_4,"처음부터 끝까지 일관적으로 현실 세계 어디에나 비슷한 패턴으로 존재하는 권력형 성범죄와 절대 악과 절대 선도 없는 모순 등의 실화를 근거로 만든 영화라 시간가는줄 모르고 봤습니다. <br>폭스와 메긴 켈리 같은 미국을 배경으로 한 고유명사를 몰라서 영화가 어려웠을 수도 있겠지만,  우리 사회의 현실 문제에 대한 인지가 부족해서 영화를 더 어렵게 느끼신 것은 아닐까 생각이 드네요.","['처음', '부터', '끝', '까지', '일관', '적', '으로', '현실', '세계', '어디', '에나', '비슷한', '패턴', '으로', '존재', '하는', '권력', '형', '성범죄', '와', '절대', '악', '과', '절대', '선도', '없는', '모순', '등', '의', '실화', '를', '근거', '로', '만든', '영화', '라', '시간', '가는줄', '모르고', '봤습니다', '폭스', '와', '메긴', '켈리', '같은', '미국', '을', '배경', '으로', '한', '고유명사', '를', '몰라서', '영화', '가', '어려웠을', '수도', '있겠지만', '우리', '사회', '의', '현실', '문제', '에', '대한', '인지', '가', '부족해서', '영화', '를', '더', '어렵게', '느끼신', '것', '은', '아닐까', '생각', '이', '드네', '요']",-22.33719180345212,-7.69
127,KcEc3Gfra_4,"주제 때문에 트위터 여자들이 엄청 관람하는 것 같지만, 영화 자체로는 많이 별로였어요","['주제', '때문', '에', '트위터', '여자', '들', '이', '엄청', '관람', '하는', '것', '같지만', '영화', '자체', '로는', '많이', '별로', '였어요']",-2.126623500073701,-0.94
128,KcEc3Gfra_4,@김혜령 아니에요 ㅎㅎ,"['김혜령', '아니에요']",0.0,0.0
129,KcEc3Gfra_4,엥 존잼이고 골든애그지수 폭발이던데? 이해 못해서 재미없는건 아니신지...,"['엥', '존잼', '이고', '골든', '애', '그', '지수', '폭발', '이', '던데', '이해', '못', '해서', '재미없는건', '아니', '신지']",1.8531001072792979,0.84
130,KcEc3Gfra_4,시발.. 쓰레기영화 생각 짧은 여친은 절대 보여주면안댐,"['시발', '쓰레기', '영화', '생각', '짧은', '여친', '은', '절대', '보여주면안', '댐']",-2.5960038723521732,-1.3
131,KcEc3Gfra_4,이 영화 첫 개봉인가요 재개봉인가요?,"['이', '영화', '첫', '개봉', '인가요', '재', '개봉', '인가요']",0.22468022056194692,0.12
132,KcEc3Gfra_4,"해외에서는 이전에 개봉했고, 국내에서는 첫 개봉입니다.","['해외', '에서는', '이전', '에', '개봉', '했고', '국내', '에서는', '첫', '개봉', '입니다']",-0.5075427999134526,-0.25
133,bWHaUZtcLQE,미쳤다 jtbc,"['미쳤다', 'jtbc']",0.0,0.0
134,bWHaUZtcLQE,성범죄가해자들 강제사형선고하라!<br>그리고 지옥으로가서 평생천벌받아라!<br>성범죄는 괴물안희정같은 <br>정신병자들이하는짓이다!<br>괴물안희정처럼 남성고추를잘라버려라!<br>괴물안희정처럼 남성성기제거수술받아라!,"['성범죄', '가해자', '들', '강제', '사형선고', '하', '라', '그리고', '지옥', '으로가', '서', '평생', '천벌', '받아라', '성범죄', '는', '괴물', '안희정', '같은', '정신병', '자', '들이하는', '짓', '이다', '괴물', '안희정', '처럼', '남성', '고추', '를', '잘라', '버려라', '괴물', '안희정', '처럼', '남성성', '기', '제거', '수술', '받아라']",-14.739209878325772,-5.66
135,bWHaUZtcLQE,이건 지옥으로가는경고댓글입니다.,"['이건', '지옥', '으로가', '는', '경고', '댓글', '입니다']",-4.464264053206909,-2.42
136,bWHaUZtcLQE,성희롱 절대로 해서는안된다는거 알겠는데 이시국에 영화관은 왜가냐,"['성희롱', '절대로', '해서는', '안된다는거', '알겠는데', '이', '시국', '에', '영화관', '은', '왜', '가냐']",-1.4491784533800054,-0.7
137,bWHaUZtcLQE,이영화 제목이 뭐죠?,"['이영화', '제목', '이', '뭐', '죠']",0.0,0.0
138,bWHaUZtcLQE,JTBC 가 이걸 소개하는 이유는 서울시 박원순 게이트와 똑같다 라고 생각해서 소개해주는거죠? 타이밍 굿이네요,"['JTBC', '가', '이', '걸', '소개', '하는', '이유', '는', '서울시', '박원순', '게이트', '와', '똑같다', '라고', '생각', '해서', '소개', '해주는거죠', '타이밍', '굿', '이네', '요']",-0.4167624390148257,-0.18
139,oGEV6e5af9U,성희롱이 있으면 누구나 당당하게 신고하고 보호 받아야되는 사회가 됐으면 좋겠습니다. 그리고 피해자는 당당히 그 피해를 입증할 수 있어야 됩니다.,"['성희롱', '이', '있으면', '누구', '나', '당당하게', '신고', '하고', '보호', '받아야', '되는', '사회', '가', '됐으면', '좋겠습니다', '그리고', '피해자', '는', '당당히', '그', '피해', '를', '입증', '할', '수', '있어야', '됩니다']",-8.628227598528698,-3.55
140,oGEV6e5af9U,보수든 진보든  정말  지긋지긋하다. 이런 상식을  정치가 끼어들면서 개판을 만드니....,"['보수', '든', '진보', '든', '정말', '지긋지긋하다', '이런', '상식', '을', '정치가', '끼어들면서', '개판', '을', '만드니']",-3.9669740799796767,-1.85
141,KIBhCHhovds,영상 좋아요,"['영상', '좋아요']",2.0000000000000004,1.54
